#,LJCカードID,jpegファイル名,カード番号,質問番号,地図番号,項目名,LJC_ID
1,LJC00101,LJC00101.jpg,1-1,280,1,カガミ (鏡),LJC-M001Q280
2,LJC00102,LJC00102.jpg,1-2,280,1,カガミ (鏡),LJC-M001Q280
3,LJC00103,LJC00103.jpg,1-3,280,1,カガミ (鏡),LJC-M001Q280
4,LJC00104,LJC00104.jpg,1-4,280,1,カガミ (鏡),LJC-M001Q280
5,LJC00105,LJC00105.jpg,1-5,280,1,カガミ (鏡),LJC-M001Q280
6,LJC00106,LJC00106.jpg,1-6,280,1,カガミ (鏡),LJC-M001Q280
7,LJC00107,LJC00107.jpg,1-7,280,1,カガミ (鏡),LJC-M001Q280
8,LJC00108,LJC00108.jpg,1-8,280,1,カガミ (鏡),LJC-M001Q280
9,LJC00109,LJC00109.jpg,1-9,280,1,カガミ (鏡),LJC-M001Q280
10,LJC00110,LJC00110.jpg,1-10,279,2,カゲ (蔭),LJC-M002Q279
11,LJC00111,LJC00111.jpg,1-11,279,2,カゲ (蔭),LJC-M002Q279
12,LJC00112,LJC00112.jpg,1-12,279,2,カゲ (蔭),LJC-M002Q279
13,LJC00113,LJC00113.jpg,1-13,279,2,カゲ (蔭),LJC-M002Q279
14,LJC00114,LJC00114.jpg,1-14,279,2,カゲ (蔭),LJC-M002Q279
15,LJC00115,LJC00115.jpg,1-15,279,2,カゲ (蔭),LJC-M002Q279
16,LJC00116,LJC00116.jpg,1-16,279,2,カゲ (蔭),LJC-M002Q279
17,LJC00117,LJC00117.jpg,1-17,279,2,カゲ (蔭),LJC-M002Q279
18,LJC00118,LJC00118.jpg,1-18,279,2,カゲ (蔭),LJC-M002Q279
19,LJC00119,LJC00119.jpg,1-19,279,2,カゲ (蔭),LJC-M002Q279
20,LJC00120,LJC00120.jpg,1-20,279,2,カゲ (蔭),LJC-M002Q279
21,LJC00121,LJC00121.jpg,1-21,277,"003, 015",カジ (火事),LJC-M003Q277
22,LJC00122,LJC00122.jpg,1-22,277,"003, 015",カジ (火事),LJC-M003Q277
23,LJC00123,LJC00123.jpg,1-23,277,"003, 015",カジ (火事),LJC-M003Q277
24,LJC00124,LJC00124.jpg,1-24,277,"003, 015",カジ (火事),LJC-M003Q277
25,LJC00125,LJC00125.jpg,1-25,277,"003, 015",カジ (火事),LJC-M003Q277
26,LJC00126,LJC00126.jpg,1-26,277,"003, 015",カジ (火事),LJC-M003Q277
27,LJC00127,LJC00127.jpg,1-27,277,"003, 015",カジ (火事),LJC-M003Q277
28,LJC00128,LJC00128.jpg,1-28,277,"003, 015",カジ (火事),LJC-M003Q277
29,LJC00129,LJC00129.jpg,1-29,277,"003, 015",カジ (火事),LJC-M003Q277
30,LJC00130,LJC00130.jpg,1-30,277,"003, 015",カジ (火事),LJC-M003Q277
31,LJC00131,LJC00131.jpg,1-31,277,"003, 015",カジ (火事),LJC-M003Q277
32,LJC00132,LJC00132.jpg,1-32,277,"003, 015",カジ (火事),LJC-M003Q277
33,LJC00133,LJC00133.jpg,1-33,277,"003, 015",カジ (火事),LJC-M003Q277
34,LJC00134,LJC00134.jpg,1-34,277,"003, 015",カジ (火事),LJC-M003Q277
35,LJC00135,LJC00135.jpg,1-35,277,"003, 015",カジ (火事),LJC-M003Q277
36,LJC00136,LJC00136.jpg,1-36,281,4,スイカ (西瓜),LJC-M004Q281
37,LJC00137,LJC00137.jpg,1-37,281,4,スイカ (西瓜),LJC-M004Q281
38,LJC00138,LJC00138.jpg,1-38,281,4,スイカ (西瓜),LJC-M004Q281
39,LJC00139,LJC00139.jpg,1-39,281,4,スイカ (西瓜),LJC-M004Q281
40,LJC00140,LJC00140.jpg,1-40,281,4,スイカ (西瓜),LJC-M004Q281
41,LJC00141,LJC00141.jpg,1-41,281,4,スイカ (西瓜),LJC-M004Q281
42,LJC00142,LJC00142.jpg,1-42,281,4,スイカ (西瓜),LJC-M004Q281
43,LJC00143,LJC00143.jpg,1-43,281,4,スイカ (西瓜),LJC-M004Q281
44,LJC00144,LJC00144.jpg,1-44,281,4,スイカ (西瓜),LJC-M004Q281
45,LJC00145,LJC00145.jpg,1-45,281,4,スイカ (西瓜),LJC-M004Q281
46,LJC00146,LJC00146.jpg,1-46,281,4,スイカ (西瓜),LJC-M004Q281
47,LJC00147,LJC00147.jpg,1-47,281,4,スイカ (西瓜),LJC-M004Q281
48,LJC00148,LJC00148.jpg,1-48,281,4,スイカ (西瓜),LJC-M004Q281
49,LJC00149,LJC00149.jpg,1-49,281,4,スイカ (西瓜),LJC-M004Q281
50,LJC00150,LJC00150.jpg,1-50,275,5,ガンジツ (元日),LJC-M005Q275
51,LJC00151,LJC00151.jpg,1-51,275,5,ガンジツ (元日),LJC-M005Q275
52,LJC00152,LJC00152.jpg,1-52,275,5,ガンジツ (元日),LJC-M005Q275
53,LJC00153,LJC00153.jpg,1-53,275,5,ガンジツ (元日),LJC-M005Q275
54,LJC00154,LJC00154.jpg,1-54,275,5,ガンジツ (元日),LJC-M005Q275
55,LJC00155,LJC00155.jpg,1-55,275,5,ガンジツ (元日),LJC-M005Q275
56,LJC00156,LJC00156.jpg,1-56,275,5,ガンジツ (元日),LJC-M005Q275
57,LJC00157,LJC00157.jpg,1-57,275,5,ガンジツ (元日),LJC-M005Q275
58,LJC00158,LJC00158.jpg,1-58,275,5,ガンジツ (元日),LJC-M005Q275
59,LJC00159,LJC00159.jpg,1-59,275,5,ガンジツ (元日),LJC-M005Q275
60,LJC00160,LJC00160.jpg,1-60,275,5,ガンジツ (元日),LJC-M005Q275
61,LJC00161,LJC00161.jpg,1-61,275,5,ガンジツ (元日),LJC-M005Q275
62,LJC00162,LJC00162.jpg,1-62,275,5,ガンジツ (元日),LJC-M005Q275
63,LJC00163,LJC00163.jpg,1-63,275,5,ガンジツ (元日),LJC-M005Q275
64,LJC00164,LJC00164.jpg,1-64,275,5,ガンジツ (元日),LJC-M005Q275
65,LJC00165,LJC00165.jpg,1-65,275,5,ガンジツ (元日),LJC-M005Q275
66,LJC00166,LJC00166.jpg,1-66,275,5,ガンジツ (元日),LJC-M005Q275
67,LJC00167,LJC00167.jpg,1-67,275,5,ガンジツ (元日),LJC-M005Q275
68,LJC00168,LJC00168.jpg,1-68,275,5,ガンジツ (元日),LJC-M005Q275
69,LJC00169,LJC00169.jpg,1-69,275,5,ガンジツ (元日),LJC-M005Q275
70,LJC00170,LJC00170.jpg,1-70,275,5,ガンジツ (元日),LJC-M005Q275
71,LJC00171,LJC00171.jpg,1-71,275,5,ガンジツ (元日),LJC-M005Q275
72,LJC00172,LJC00172.jpg,1-72,274,6,ショウガツ (正月),LJC-M006Q274
73,LJC00173,LJC00173.jpg,1-73,274,6,ショウガツ (正月),LJC-M006Q274
74,LJC00174,LJC00174.jpg,1-74,274,6,ショウガツ (正月),LJC-M006Q274
75,LJC00175,LJC00175.jpg,1-75,274,6,ショウガツ (正月),LJC-M006Q274
76,LJC00176,LJC00176.jpg,1-76,274,6,ショウガツ (正月),LJC-M006Q274
77,LJC00177,LJC00177.jpg,1-77,274,6,ショウガツ (正月),LJC-M006Q274
78,LJC00178,LJC00178.jpg,1-78,274,6,ショウガツ (正月),LJC-M006Q274
79,LJC00179,LJC00179.jpg,1-79,274,6,ショウガツ (正月),LJC-M006Q274
80,LJC00180,LJC00180.jpg,1-80,274,6,ショウガツ (正月),LJC-M006Q274
81,LJC00181,LJC00181.jpg,1-81,274,6,ショウガツ (正月),LJC-M006Q274
82,LJC00182,LJC00182.jpg,1-82,274,6,ショウガツ (正月),LJC-M006Q274
83,LJC00183,LJC00183.jpg,1-83,274,6,ショウガツ (正月),LJC-M006Q274
84,LJC00184,LJC00184.jpg,1-84,274,6,ショウガツ (正月),LJC-M006Q274
85,LJC00185,LJC00185.jpg,1-85,274,6,ショウガツ (正月),LJC-M006Q274
86,LJC00186,LJC00186.jpg,1-86,274,6,ショウガツ (正月),LJC-M006Q274
87,LJC00187,LJC00187.jpg,1-87,274,6,ショウガツ (正月),LJC-M006Q274
88,LJC00188,LJC00188.jpg,1-88,260,7,セナカ (背中),LJC-M007Q260
89,LJC00189,LJC00189.jpg,1-89,260,7,セナカ (背中),LJC-M007Q260
90,LJC00190,LJC00190.jpg,1-90,260,7,セナカ (背中),LJC-M007Q260
91,LJC00191,LJC00191.jpg,1-91,260,7,セナカ (背中),LJC-M007Q260
92,LJC00192,LJC00192.jpg,1-92,260,7,セナカ (背中),LJC-M007Q260
93,LJC00193,LJC00193.jpg,1-93,260,7,セナカ (背中),LJC-M007Q260
94,LJC00194,LJC00194.jpg,1-94,260,7,セナカ (背中),LJC-M007Q260
95,LJC00195,LJC00195.jpg,1-95,260,7,セナカ (背中),LJC-M007Q260
96,LJC00196,LJC00196.jpg,1-96,260,7,セナカ (背中),LJC-M007Q260
97,LJC00197,LJC00197.jpg,1-97,260,7,セナカ (背中),LJC-M007Q260
98,LJC00198,LJC00198.jpg,1-98,260,7,セナカ (背中),LJC-M007Q260
99,LJC00201,LJC00201.jpg,2-1,260,7,セナカ (背中),LJC-M007Q260
100,LJC00202,LJC00202.jpg,2-2,260,7,セナカ (背中),LJC-M007Q260
101,LJC00203,LJC00203.jpg,2-3,259,8,アセ (汗),LJC-M008Q259
102,LJC00204,LJC00204.jpg,2-4,259,8,アセ (汗),LJC-M008Q259
103,LJC00205,LJC00205.jpg,2-5,259,8,アセ (汗),LJC-M008Q259
104,LJC00206,LJC00206.jpg,2-6,259,8,アセ (汗),LJC-M008Q259
105,LJC00207,LJC00207.jpg,2-7,259,8,アセ (汗),LJC-M008Q259
106,LJC00208,LJC00208.jpg,2-8,278,9,ゼイキン (税金),LJC-M009Q278
107,LJC00209,LJC00209.jpg,2-9,278,9,ゼイキン (税金),LJC-M009Q278
108,LJC00210,LJC00210.jpg,2-10,278,9,ゼイキン (税金),LJC-M009Q278
109,LJC00211,LJC00211.jpg,2-11,278,9,ゼイキン (税金),LJC-M009Q278
110,LJC00212,LJC00212.jpg,2-12,278,9,ゼイキン (税金),LJC-M009Q278
111,LJC00213,LJC00213.jpg,2-13,278,9,ゼイキン (税金),LJC-M009Q278
112,LJC00214,LJC00214.jpg,2-14,278,9,ゼイキン (税金),LJC-M009Q278
113,LJC00215,LJC00215.jpg,2-15,278,9,ゼイキン (税金),LJC-M009Q278
114,LJC00216,LJC00216.jpg,2-16,278,9,ゼイキン (税金),LJC-M009Q278
115,LJC00217,LJC00217.jpg,2-17,278,9,ゼイキン (税金),LJC-M009Q278
116,LJC00218,LJC00218.jpg,2-18,278,9,ゼイキン (税金),LJC-M009Q278
117,LJC00219,LJC00219.jpg,2-19,272,10,カゼ (風),LJC-M010Q272
118,LJC00220,LJC00220.jpg,2-20,272,10,カゼ (風),LJC-M010Q272
119,LJC00221,LJC00221.jpg,2-21,272,10,カゼ (風),LJC-M010Q272
120,LJC00222,LJC00222.jpg,2-22,272,10,カゼ (風),LJC-M010Q272
121,LJC00223,LJC00223.jpg,2-23,272,10,カゼ (風),LJC-M010Q272
122,LJC00224,LJC00224.jpg,2-24,272,10,カゼ (風),LJC-M010Q272
123,LJC00225,LJC00225.jpg,2-25,272,10,カゼ (風),LJC-M010Q272
124,LJC00226,LJC00226.jpg,2-26,272,10,カゼ (風),LJC-M010Q272
125,LJC00227,LJC00227.jpg,2-27,272,10,カゼ (風),LJC-M010Q272
126,LJC00228,LJC00228.jpg,2-28,272,10,カゼ (風),LJC-M010Q272
127,LJC00229,LJC00229.jpg,2-29,273,"011, 013",ヒガシ (東),LJC-M011Q273
128,LJC00230,LJC00230.jpg,2-30,273,"011, 013",ヒガシ (東),LJC-M011Q273
129,LJC00231,LJC00231.jpg,2-31,273,"011, 013",ヒガシ (東),LJC-M011Q273
130,LJC00232,LJC00232.jpg,2-32,273,"011, 013",ヒガシ (東),LJC-M011Q273
131,LJC00233,LJC00233.jpg,2-33,273,"011, 013",ヒガシ (東),LJC-M011Q273
132,LJC00234,LJC00234.jpg,2-34,273,"011, 013",ヒガシ (東),LJC-M011Q273
133,LJC00235,LJC00235.jpg,2-35,273,"011, 013",ヒガシ (東),LJC-M011Q273
134,LJC00236,LJC00236.jpg,2-36,273,"011, 013",ヒガシ (東),LJC-M011Q273
135,LJC00237,LJC00237.jpg,2-37,273,"011, 013",ヒガシ (東),LJC-M011Q273
136,LJC00238,LJC00238.jpg,2-38,273,"011, 013",ヒガシ (東),LJC-M011Q273
137,LJC00239,LJC00239.jpg,2-39,273,"011, 013",ヒガシ (東),LJC-M011Q273
138,LJC00240,LJC00240.jpg,2-40,273,"011, 013",ヒガシ (東),LJC-M011Q273
139,LJC00241,LJC00241.jpg,2-41,258,12,ヒゲ (鬚),LJC-M012Q258
140,LJC00242,LJC00242.jpg,2-42,258,12,ヒゲ (鬚),LJC-M012Q258
141,LJC00243,LJC00243.jpg,2-43,258,12,ヒゲ (鬚),LJC-M012Q258
142,LJC00244,LJC00244.jpg,2-44,258,12,ヒゲ (鬚),LJC-M012Q258
143,LJC00245,LJC00245.jpg,2-45,258,12,ヒゲ (鬚),LJC-M012Q258
144,LJC00246,LJC00246.jpg,2-46,258,12,ヒゲ (鬚),LJC-M012Q258
145,LJC00247,LJC00247.jpg,2-47,258,12,ヒゲ (鬚),LJC-M012Q258
146,LJC00248,LJC00248.jpg,2-48,258,12,ヒゲ (鬚),LJC-M012Q258
147,LJC00249,LJC00249.jpg,2-49,258,12,ヒゲ (鬚),LJC-M012Q258
148,LJC00250,LJC00250.jpg,2-50,258,12,ヒゲ (鬚),LJC-M012Q258
149,LJC00251,LJC00251.jpg,2-51,258,12,ヒゲ (鬚),LJC-M012Q258
150,LJC00252,LJC00252.jpg,2-52,258,12,ヒゲ (鬚),LJC-M012Q258
151,LJC00253,LJC00253.jpg,2-53,258,12,ヒゲ (鬚),LJC-M012Q258
152,LJC00254,LJC00254.jpg,2-54,276,"014, 016",シチガツ (七月),LJC-M014Q276
153,LJC00255,LJC00255.jpg,2-55,276,"014, 016",シチガツ (七月),LJC-M014Q276
154,LJC00256,LJC00256.jpg,2-56,276,"014, 016",シチガツ (七月),LJC-M014Q276
155,LJC00257,LJC00257.jpg,2-57,276,"014, 016",シチガツ (七月),LJC-M014Q276
156,LJC00258,LJC00258.jpg,2-58,276,"014, 016",シチガツ (七月),LJC-M014Q276
157,LJC00259,LJC00259.jpg,2-59,276,"014, 016",シチガツ (七月),LJC-M014Q276
158,LJC00260,LJC00260.jpg,2-60,276,"014, 016",シチガツ (七月),LJC-M014Q276
159,LJC00261,LJC00261.jpg,2-61,276,"014, 016",シチガツ (七月),LJC-M014Q276
160,LJC00262,LJC00262.jpg,2-62,276,"014, 016",シチガツ (七月),LJC-M014Q276
161,LJC00263,LJC00263.jpg,2-63,276,"014, 016",シチガツ (七月),LJC-M014Q276
162,LJC00264,LJC00264.jpg,2-64,276,"014, 016",シチガツ (七月),LJC-M014Q276
163,LJC00265,LJC00265.jpg,2-65,276,"014, 016",シチガツ (七月),LJC-M014Q276
164,LJC00266,LJC00266.jpg,2-66,276,"014, 016",シチガツ (七月),LJC-M014Q276
165,LJC00267,LJC00267.jpg,2-67,276,"014, 016",シチガツ (七月),LJC-M014Q276
166,LJC00268,LJC00268.jpg,2-68,276,"014, 016",シチガツ (七月),LJC-M014Q276
167,LJC00269,LJC00269.jpg,2-69,276,"014, 016",シチガツ (七月),LJC-M014Q276
168,LJC00270,LJC00270.jpg,2-70,276,"014, 016",シチガツ (七月),LJC-M014Q276
169,LJC00271,LJC00271.jpg,2-71,276,"014, 016",シチガツ (七月),LJC-M014Q276
170,LJC00272,LJC00272.jpg,2-72,158,"017, 018, 019",おおきい (大きい),LJC-M017Q158
171,LJC00273,LJC00273.jpg,2-73,158,"017, 018, 019",おおきい (大きい),LJC-M017Q158
172,LJC00274,LJC00274.jpg,2-74,158,"017, 018, 019",おおきい (大きい),LJC-M017Q158
173,LJC00275,LJC00275.jpg,2-75,158,"017, 018, 019",おおきい (大きい),LJC-M017Q158
174,LJC00276,LJC00276.jpg,2-76,158,"017, 018, 019",おおきい (大きい),LJC-M017Q158
175,LJC00277,LJC00277.jpg,2-77,158,"017, 018, 019",おおきい (大きい),LJC-M017Q158
176,LJC00278,LJC00278.jpg,2-78,158,"017, 018, 019",おおきい (大きい),LJC-M017Q158
177,LJC00279,LJC00279.jpg,2-79,158,"017, 018, 019",おおきい (大きい),LJC-M017Q158
178,LJC00280,LJC00280.jpg,2-80,158,"017, 018, 019",おおきい (大きい),LJC-M017Q158
179,LJC00281,LJC00281.jpg,2-81,158,"017, 018, 019",おおきい (大きい),LJC-M017Q158
180,LJC00282,LJC00282.jpg,2-82,158,"017, 018, 019",おおきい (大きい),LJC-M017Q158
181,LJC00283,LJC00283.jpg,2-83,158,"017, 018, 019",おおきい (大きい),LJC-M017Q158
182,LJC00284,LJC00284.jpg,2-84,158,"017, 018, 019",おおきい (大きい),LJC-M017Q158
183,LJC00285,LJC00285.jpg,2-85,158,"017, 018, 019",おおきい (大きい),LJC-M017Q158
184,LJC00286,LJC00286.jpg,2-86,158,"017, 018, 019",おおきい (大きい),LJC-M017Q158
185,LJC00287,LJC00287.jpg,2-87,158,"017, 018, 019",おおきい (大きい),LJC-M017Q158
186,LJC00288,LJC00288.jpg,2-88,158,"017, 018, 019",おおきい (大きい),LJC-M017Q158
187,LJC00289,LJC00289.jpg,2-89,158,"017, 018, 019",おおきい (大きい),LJC-M017Q158
188,LJC00290,LJC00290.jpg,2-90,158,"017, 018, 019",おおきい (大きい),LJC-M017Q158
189,LJC00291,LJC00291.jpg,2-91,158,"017, 018, 019",おおきい (大きい),LJC-M017Q158
190,LJC00292,LJC00292.jpg,2-92,158,"017, 018, 019",おおきい (大きい),LJC-M017Q158
191,LJC00293,LJC00293.jpg,2-93,158,"017, 018, 019",おおきい (大きい),LJC-M017Q158
192,LJC00294,LJC00294.jpg,2-94,158,"017, 018, 019",おおきい (大きい),LJC-M017Q158
193,LJC00295,LJC00295.jpg,2-95,158,"017, 018, 019",おおきい (大きい),LJC-M017Q158
194,LJC00296,LJC00296.jpg,2-96,158,"017, 018, 019",おおきい (大きい),LJC-M017Q158
195,LJC00297,LJC00297.jpg,2-97,158,"017, 018, 019",おおきい (大きい),LJC-M017Q158
196,LJC00298,LJC00298.jpg,2-98,158,"017, 018, 019",おおきい (大きい),LJC-M017Q158
197,LJC00301,LJC00301.jpg,3-1,158,"017, 018, 019",おおきい (大きい),LJC-M017Q158
198,LJC00302,LJC00302.jpg,3-2,158,"017, 018, 019",おおきい (大きい),LJC-M017Q158
199,LJC00303,LJC00303.jpg,3-3,158,"017, 018, 019",おおきい (大きい),LJC-M017Q158
200,LJC00304,LJC00304.jpg,3-4,158,"017, 018, 019",おおきい (大きい),LJC-M017Q158
201,LJC00305,LJC00305.jpg,3-5,158,"017, 018, 019",おおきい (大きい),LJC-M017Q158
202,LJC00306,LJC00306.jpg,3-6,158,"017, 018, 019",おおきい (大きい),LJC-M017Q158
203,LJC00307,LJC00307.jpg,3-7,158,"017, 018, 019",おおきい (大きい),LJC-M017Q158
204,LJC00308,LJC00308.jpg,3-8,158,"017, 018, 019",おおきい (大きい),LJC-M017Q158
205,LJC00309,LJC00309.jpg,3-9,158,"017, 018, 019",おおきい (大きい),LJC-M017Q158
206,LJC00310,LJC00310.jpg,3-10,158,"017, 018, 019",おおきい (大きい),LJC-M017Q158
207,LJC00311,LJC00311.jpg,3-11,158,"017, 018, 019",おおきい (大きい),LJC-M017Q158
208,LJC00312,LJC00312.jpg,3-12,158,"017, 018, 019",おおきい (大きい),LJC-M017Q158
209,LJC00313,LJC00313.jpg,3-13,158,"017, 018, 019",おおきい (大きい),LJC-M017Q158
210,LJC00314,LJC00314.jpg,3-14,158,"017, 018, 019",おおきい (大きい),LJC-M017Q158
211,LJC00315,LJC00315.jpg,3-15,158,"017, 018, 019",おおきい (大きい),LJC-M017Q158
212,LJC00316,LJC00316.jpg,3-16,158,"017, 018, 019",おおきい (大きい),LJC-M017Q158
213,LJC00317,LJC00317.jpg,3-17,158,"017, 018, 019",おおきい (大きい),LJC-M017Q158
214,LJC00318,LJC00318.jpg,3-18,158,"017, 018, 019",おおきい (大きい),LJC-M017Q158
215,LJC00319,LJC00319.jpg,3-19,158,"017, 018, 019",おおきい (大きい),LJC-M017Q158
216,LJC00320,LJC00320.jpg,3-20,158,"017, 018, 019",おおきい (大きい),LJC-M017Q158
217,LJC00321,LJC00321.jpg,3-21,158,"017, 018, 019",おおきい (大きい),LJC-M017Q158
218,LJC00322,LJC00322.jpg,3-22,158,"017, 018, 019",おおきい (大きい),LJC-M017Q158
219,LJC00323,LJC00323.jpg,3-23,158,"017, 018, 019",おおきい (大きい),LJC-M017Q158
220,LJC00324,LJC00324.jpg,3-24,158,"017, 018, 019",おおきい (大きい),LJC-M017Q158
221,LJC00325,LJC00325.jpg,3-25,158,"017, 018, 019",おおきい (大きい),LJC-M017Q158
222,LJC00326,LJC00326.jpg,3-26,158,"017, 018, 019",おおきい (大きい),LJC-M017Q158
223,LJC00327,LJC00327.jpg,3-27,158,"017, 018, 019",おおきい (大きい),LJC-M017Q158
224,LJC00328,LJC00328.jpg,3-28,158,"017, 018, 019",おおきい (大きい),LJC-M017Q158
225,LJC00329,LJC00329.jpg,3-29,158,"017, 018, 019",おおきい (大きい),LJC-M017Q158
226,LJC00330,LJC00330.jpg,3-30,158,"017, 018, 019",おおきい (大きい),LJC-M017Q158
227,LJC00331,LJC00331.jpg,3-31,158,"017, 018, 019",おおきい (大きい),LJC-M017Q158
228,LJC00332,LJC00332.jpg,3-32,158,"017, 018, 019",おおきい (大きい),LJC-M017Q158
229,LJC00333,LJC00333.jpg,3-33,158,"017, 018, 019",おおきい (大きい),LJC-M017Q158
230,LJC00334,LJC00334.jpg,3-34,158,"017, 018, 019",おおきい (大きい),LJC-M017Q158
231,LJC00335,LJC00335.jpg,3-35,158,"017, 018, 019",おおきい (大きい),LJC-M017Q158
232,LJC00336,LJC00336.jpg,3-36,160,20,ふとい (太い),LJC-M020Q160
233,LJC00337,LJC00337.jpg,3-37,160,20,ふとい (太い),LJC-M020Q160
234,LJC00338,LJC00338.jpg,3-38,160,20,ふとい (太い),LJC-M020Q160
235,LJC00339,LJC00339.jpg,3-39,160,20,ふとい (太い),LJC-M020Q160
236,LJC00340,LJC00340.jpg,3-40,160,20,ふとい (太い),LJC-M020Q160
237,LJC00341,LJC00341.jpg,3-41,160,20,ふとい (太い),LJC-M020Q160
238,LJC00342,LJC00342.jpg,3-42,160,20,ふとい (太い),LJC-M020Q160
239,LJC00343,LJC00343.jpg,3-43,160,20,ふとい (太い),LJC-M020Q160
240,LJC00344,LJC00344.jpg,3-44,160,20,ふとい (太い),LJC-M020Q160
241,LJC00345,LJC00345.jpg,3-45,160,20,ふとい (太い),LJC-M020Q160
242,LJC00346,LJC00346.jpg,3-46,160,20,ふとい (太い),LJC-M020Q160
243,LJC00347,LJC00347.jpg,3-47,160,20,ふとい (太い),LJC-M020Q160
244,LJC00348,LJC00348.jpg,3-48,160,20,ふとい (太い),LJC-M020Q160
245,LJC00349,LJC00349.jpg,3-49,160,20,ふとい (太い),LJC-M020Q160
246,LJC00350,LJC00350.jpg,3-50,160,20,ふとい (太い),LJC-M020Q160
247,LJC00351,LJC00351.jpg,3-51,160,20,ふとい (太い),LJC-M020Q160
248,LJC00352,LJC00352.jpg,3-52,160,20,ふとい (太い),LJC-M020Q160
249,LJC00353,LJC00353.jpg,3-53,160,20,ふとい (太い),LJC-M020Q160
250,LJC00354,LJC00354.jpg,3-54,160,20,ふとい (太い),LJC-M020Q160
251,LJC00355,LJC00355.jpg,3-55,160,20,ふとい (太い),LJC-M020Q160
252,LJC00356,LJC00356.jpg,3-56,160,20,ふとい (太い),LJC-M020Q160
253,LJC00357,LJC00357.jpg,3-57,160,20,ふとい (太い),LJC-M020Q160
254,LJC00358,LJC00358.jpg,3-58,160,20,ふとい (太い),LJC-M020Q160
255,LJC00359,LJC00359.jpg,3-59,160,20,ふとい (太い),LJC-M020Q160
256,LJC00360,LJC00360.jpg,3-60,160,20,ふとい (太い),LJC-M020Q160
257,LJC00361,LJC00361.jpg,3-61,160,20,ふとい (太い),LJC-M020Q160
258,LJC00362,LJC00362.jpg,3-62,160,20,ふとい (太い),LJC-M020Q160
259,LJC00363,LJC00363.jpg,3-63,160,20,ふとい (太い),LJC-M020Q160
260,LJC00364,LJC00364.jpg,3-64,162,21,あらい (粗い),LJC-M021Q162
261,LJC00365,LJC00365.jpg,3-65,162,22,あらい (粗い),LJC-M021Q162
262,LJC00366,LJC00366.jpg,3-66,162,23,あらい (粗い),LJC-M021Q162
263,LJC00367,LJC00367.jpg,3-67,162,24,あらい (粗い),LJC-M021Q162
264,LJC00368,LJC00368.jpg,3-68,162,25,あらい (粗い),LJC-M021Q162
265,LJC00369,LJC00369.jpg,3-69,162,26,あらい (粗い),LJC-M021Q162
266,LJC00370,LJC00370.jpg,3-70,162,27,あらい (粗い),LJC-M021Q162
267,LJC00371,LJC00371.jpg,3-71,162,28,あらい (粗い),LJC-M021Q162
268,LJC00372,LJC00372.jpg,3-72,162,29,あらい (粗い),LJC-M021Q162
269,LJC00373,LJC00373.jpg,3-73,162,30,あらい (粗い),LJC-M021Q162
270,LJC00374,LJC00374.jpg,3-74,162,31,あらい (粗い),LJC-M021Q162
271,LJC00375,LJC00375.jpg,3-75,162,32,あらい (粗い),LJC-M021Q162
272,LJC00376,LJC00376.jpg,3-76,162,33,あらい (粗い),LJC-M021Q162
273,LJC00377,LJC00377.jpg,3-77,162,34,あらい (粗い),LJC-M021Q162
274,LJC00378,LJC00378.jpg,3-78,162,35,あらい (粗い),LJC-M021Q162
275,LJC00379,LJC00379.jpg,3-79,162,36,あらい (粗い),LJC-M021Q162
276,LJC00380,LJC00380.jpg,3-80,162,37,あらい (粗い),LJC-M021Q162
277,LJC00381,LJC00381.jpg,3-81,162,38,あらい (粗い),LJC-M021Q162
278,LJC00382,LJC00382.jpg,3-82,162,39,あらい (粗い),LJC-M021Q162
279,LJC00383,LJC00383.jpg,3-83,162,40,あらい (粗い),LJC-M021Q162
280,LJC00384,LJC00384.jpg,3-84,162,41,あらい (粗い),LJC-M021Q162
281,LJC00385,LJC00385.jpg,3-85,162,42,あらい (粗い),LJC-M021Q162
282,LJC00386,LJC00386.jpg,3-86,162,43,あらい (粗い),LJC-M021Q162
283,LJC00387,LJC00387.jpg,3-87,162,44,あらい (粗い),LJC-M021Q162
284,LJC00388,LJC00388.jpg,3-88,162,45,あらい (粗い),LJC-M021Q162
285,LJC00389,LJC00389.jpg,3-89,162,46,あらい (粗い),LJC-M021Q162
286,LJC00390,LJC00390.jpg,3-90,162,47,あらい (粗い),LJC-M021Q162
287,LJC00391,LJC00391.jpg,3-91,162,48,あらい (粗い),LJC-M021Q162
288,LJC00392,LJC00392.jpg,3-92,162,49,あらい (粗い),LJC-M021Q162
289,LJC00393,LJC00393.jpg,3-93,162,50,あらい (粗い),LJC-M021Q162
290,LJC00394,LJC00394.jpg,3-94,162,51,あらい (粗い),LJC-M021Q162
291,LJC00395,LJC00395.jpg,3-95,162,52,あらい (粗い),LJC-M021Q162
292,LJC00396,LJC00396.jpg,3-96,162,53,あらい (粗い),LJC-M021Q162
293,LJC00397,LJC00397.jpg,3-97,162,54,あらい (粗い),LJC-M021Q162
294,LJC00398,LJC00398.jpg,3-98,162,55,あらい (粗い),LJC-M021Q162
295,LJC00401,LJC00401.jpg,4-1,162,56,あらい (粗い),LJC-M021Q162
296,LJC00402,LJC00402.jpg,4-2,159,"022, 023",ちいさい (小さい),LJC-M022Q159
297,LJC00403,LJC00403.jpg,4-3,159,"022, 023",ちいさい (小さい),LJC-M022Q159
298,LJC00404,LJC00404.jpg,4-4,159,"022, 023",ちいさい (小さい),LJC-M022Q159
299,LJC00405,LJC00405.jpg,4-5,159,"022, 023",ちいさい (小さい),LJC-M022Q159
300,LJC00406,LJC00406.jpg,4-6,159,"022, 023",ちいさい (小さい),LJC-M022Q159
301,LJC00407,LJC00407.jpg,4-7,159,"022, 023",ちいさい (小さい),LJC-M022Q159
302,LJC00408,LJC00408.jpg,4-8,159,"022, 023",ちいさい (小さい),LJC-M022Q159
303,LJC00409,LJC00409.jpg,4-9,159,"022, 023",ちいさい (小さい),LJC-M022Q159
304,LJC00410,LJC00410.jpg,4-10,159,"022, 023",ちいさい (小さい),LJC-M022Q159
305,LJC00411,LJC00411.jpg,4-11,159,"022, 023",ちいさい (小さい),LJC-M022Q159
306,LJC00412,LJC00412.jpg,4-12,159,"022, 023",ちいさい (小さい),LJC-M022Q159
307,LJC00413,LJC00413.jpg,4-13,159,"022, 023",ちいさい (小さい),LJC-M022Q159
308,LJC00414,LJC00414.jpg,4-14,159,"022, 023",ちいさい (小さい),LJC-M022Q159
309,LJC00415,LJC00415.jpg,4-15,159,"022, 023",ちいさい (小さい),LJC-M022Q159
310,LJC00416,LJC00416.jpg,4-16,159,"022, 023",ちいさい (小さい),LJC-M022Q159
311,LJC00417,LJC00417.jpg,4-17,159,"022, 023",ちいさい (小さい),LJC-M022Q159
312,LJC00418,LJC00418.jpg,4-18,159,"022, 023",ちいさい (小さい),LJC-M022Q159
313,LJC00419,LJC00419.jpg,4-19,159,"022, 023",ちいさい (小さい),LJC-M022Q159
314,LJC00420,LJC00420.jpg,4-20,159,"022, 023",ちいさい (小さい),LJC-M022Q159
315,LJC00421,LJC00421.jpg,4-21,159,"022, 023",ちいさい (小さい),LJC-M022Q159
316,LJC00422,LJC00422.jpg,4-22,159,"022, 023",ちいさい (小さい),LJC-M022Q159
317,LJC00423,LJC00423.jpg,4-23,159,"022, 023",ちいさい (小さい),LJC-M022Q159
318,LJC00424,LJC00424.jpg,4-24,159,"022, 023",ちいさい (小さい),LJC-M022Q159
319,LJC00425,LJC00425.jpg,4-25,159,"022, 023",ちいさい (小さい),LJC-M022Q159
320,LJC00426,LJC00426.jpg,4-26,159,"022, 023",ちいさい (小さい),LJC-M022Q159
321,LJC00427,LJC00427.jpg,4-27,159,"022, 023",ちいさい (小さい),LJC-M022Q159
322,LJC00428,LJC00428.jpg,4-28,159,"022, 023",ちいさい (小さい),LJC-M022Q159
323,LJC00429,LJC00429.jpg,4-29,159,"022, 023",ちいさい (小さい),LJC-M022Q159
324,LJC00430,LJC00430.jpg,4-30,159,"022, 023",ちいさい (小さい),LJC-M022Q159
325,LJC00431,LJC00431.jpg,4-31,159,"022, 023",ちいさい (小さい),LJC-M022Q159
326,LJC00432,LJC00432.jpg,4-32,159,"022, 023",ちいさい (小さい),LJC-M022Q159
327,LJC00433,LJC00433.jpg,4-33,159,"022, 023",ちいさい (小さい),LJC-M022Q159
328,LJC00434,LJC00434.jpg,4-34,159,"022, 023",ちいさい (小さい),LJC-M022Q159
329,LJC00435,LJC00435.jpg,4-35,159,"022, 023",ちいさい (小さい),LJC-M022Q159
330,LJC00436,LJC00436.jpg,4-36,159,"022, 023",ちいさい (小さい),LJC-M022Q159
331,LJC00437,LJC00437.jpg,4-37,159,"022, 023",ちいさい (小さい),LJC-M022Q159
332,LJC00438,LJC00438.jpg,4-38,159,"022, 023",ちいさい (小さい),LJC-M022Q159
333,LJC00439,LJC00439.jpg,4-39,159,"022, 023",ちいさい (小さい),LJC-M022Q159
334,LJC00440,LJC00440.jpg,4-40,159,"022, 023",ちいさい (小さい),LJC-M022Q159
335,LJC00441,LJC00441.jpg,4-41,159,"022, 023",ちいさい (小さい),LJC-M022Q159
336,LJC00442,LJC00442.jpg,4-42,159,"022, 023",ちいさい (小さい),LJC-M022Q159
337,LJC00443,LJC00443.jpg,4-43,159,"022, 023",ちいさい (小さい),LJC-M022Q159
338,LJC00444,LJC00444.jpg,4-44,159,"022, 023",ちいさい (小さい),LJC-M022Q159
339,LJC00445,LJC00445.jpg,4-45,159,"022, 023",ちいさい (小さい),LJC-M022Q159
340,LJC00446,LJC00446.jpg,4-46,159,"022, 023",ちいさい (小さい),LJC-M022Q159
341,LJC00447,LJC00447.jpg,4-47,159,"022, 023",ちいさい (小さい),LJC-M022Q159
342,LJC00448,LJC00448.jpg,4-48,159,"022, 023",ちいさい (小さい),LJC-M022Q159
343,LJC00449,LJC00449.jpg,4-49,159,"022, 023",ちいさい (小さい),LJC-M022Q159
344,LJC00450,LJC00450.jpg,4-50,159,"022, 023",ちいさい (小さい),LJC-M022Q159
345,LJC00451,LJC00451.jpg,4-51,159,"022, 023",ちいさい (小さい),LJC-M022Q159
346,LJC00452,LJC00452.jpg,4-52,159,"022, 023",ちいさい (小さい),LJC-M022Q159
347,LJC00453,LJC00453.jpg,4-53,159,"022, 023",ちいさい (小さい),LJC-M022Q159
348,LJC00454,LJC00454.jpg,4-54,159,"022, 023",ちいさい (小さい),LJC-M022Q159
349,LJC00455,LJC00455.jpg,4-55,159,"022, 023",ちいさい (小さい),LJC-M022Q159
350,LJC00456,LJC00456.jpg,4-56,159,"022, 023",ちいさい (小さい),LJC-M022Q159
351,LJC00457,LJC00457.jpg,4-57,159,"022, 023",ちいさい (小さい),LJC-M022Q159
352,LJC00458,LJC00458.jpg,4-58,159,"022, 023",ちいさい (小さい),LJC-M022Q159
353,LJC00459,LJC00459.jpg,4-59,161,24,ほそい (細い),LJC-M024Q161
354,LJC00460,LJC00460.jpg,4-60,161,24,ほそい (細い),LJC-M024Q161
355,LJC00461,LJC00461.jpg,4-61,161,24,ほそい (細い),LJC-M024Q161
356,LJC00462,LJC00462.jpg,4-62,161,24,ほそい (細い),LJC-M024Q161
357,LJC00463,LJC00463.jpg,4-63,161,24,ほそい (細い),LJC-M024Q161
358,LJC00464,LJC00464.jpg,4-64,161,24,ほそい (細い),LJC-M024Q161
359,LJC00465,LJC00465.jpg,4-65,161,24,ほそい (細い),LJC-M024Q161
360,LJC00466,LJC00466.jpg,4-66,161,24,ほそい (細い),LJC-M024Q161
361,LJC00467,LJC00467.jpg,4-67,161,24,ほそい (細い),LJC-M024Q161
362,LJC00468,LJC00468.jpg,4-68,161,24,ほそい (細い),LJC-M024Q161
363,LJC00469,LJC00469.jpg,4-69,161,24,ほそい (細い),LJC-M024Q161
364,LJC00470,LJC00470.jpg,4-70,161,24,ほそい (細い),LJC-M024Q161
365,LJC00471,LJC00471.jpg,4-71,161,24,ほそい (細い),LJC-M024Q161
366,LJC00472,LJC00472.jpg,4-72,161,24,ほそい (細い),LJC-M024Q161
367,LJC00473,LJC00473.jpg,4-73,161,24,ほそい (細い),LJC-M024Q161
368,LJC00474,LJC00474.jpg,4-74,161,24,ほそい (細い),LJC-M024Q161
369,LJC00475,LJC00475.jpg,4-75,161,24,ほそい (細い),LJC-M024Q161
370,LJC00476,LJC00476.jpg,4-76,161,24,ほそい (細い),LJC-M024Q161
371,LJC00477,LJC00477.jpg,4-77,161,24,ほそい (細い),LJC-M024Q161
372,LJC00478,LJC00478.jpg,4-78,161,24,ほそい (細い),LJC-M024Q161
373,LJC00479,LJC00479.jpg,4-79,161,24,ほそい (細い),LJC-M024Q161
374,LJC00480,LJC00480.jpg,4-80,161,24,ほそい (細い),LJC-M024Q161
375,LJC00481,LJC00481.jpg,4-81,161,24,ほそい (細い),LJC-M024Q161
376,LJC00482,LJC00482.jpg,4-82,161,24,ほそい (細い),LJC-M024Q161
377,LJC00483,LJC00483.jpg,4-83,161,24,ほそい (細い),LJC-M024Q161
378,LJC00484,LJC00484.jpg,4-84,161,24,ほそい (細い),LJC-M024Q161
379,LJC00485,LJC00485.jpg,4-85,163,25,こまかい (細かい),LJC-M025Q163
380,LJC00486,LJC00486.jpg,4-86,163,25,こまかい (細かい),LJC-M025Q163
381,LJC00487,LJC00487.jpg,4-87,163,25,こまかい (細かい),LJC-M025Q163
382,LJC00488,LJC00488.jpg,4-88,163,25,こまかい (細かい),LJC-M025Q163
383,LJC00489,LJC00489.jpg,4-89,163,25,こまかい (細かい),LJC-M025Q163
384,LJC00490,LJC00490.jpg,4-90,163,25,こまかい (細かい),LJC-M025Q163
385,LJC00491,LJC00491.jpg,4-91,163,25,こまかい (細かい),LJC-M025Q163
386,LJC00492,LJC00492.jpg,4-92,163,25,こまかい (細かい),LJC-M025Q163
387,LJC00493,LJC00493.jpg,4-93,163,25,こまかい (細かい),LJC-M025Q163
388,LJC00494,LJC00494.jpg,4-94,163,25,こまかい (細かい),LJC-M025Q163
389,LJC00495,LJC00495.jpg,4-95,163,25,こまかい (細かい),LJC-M025Q163
390,LJC00496,LJC00496.jpg,4-96,163,25,こまかい (細かい),LJC-M025Q163
391,LJC00497,LJC00497.jpg,4-97,163,25,こまかい (細かい),LJC-M025Q163
392,LJC00498,LJC00498.jpg,4-98,163,25,こまかい (細かい),LJC-M025Q163
393,LJC00501,LJC00501.jpg,5-1,163,25,こまかい (細かい),LJC-M025Q163
394,LJC00502,LJC00502.jpg,5-2,163,25,こまかい (細かい),LJC-M025Q163
395,LJC00503,LJC00503.jpg,5-3,163,25,こまかい (細かい),LJC-M025Q163
396,LJC00504,LJC00504.jpg,5-4,163,25,こまかい (細かい),LJC-M025Q163
397,LJC00505,LJC00505.jpg,5-5,163,25,こまかい (細かい),LJC-M025Q163
398,LJC00506,LJC00506.jpg,5-6,163,25,こまかい (細かい),LJC-M025Q163
399,LJC00507,LJC00507.jpg,5-7,163,25,こまかい (細かい),LJC-M025Q163
400,LJC00508,LJC00508.jpg,5-8,163,25,こまかい (細かい),LJC-M025Q163
401,LJC00509,LJC00509.jpg,5-9,163,25,こまかい (細かい),LJC-M025Q163
402,LJC00510,LJC00510.jpg,5-10,163,25,こまかい (細かい),LJC-M025Q163
403,LJC00511,LJC00511.jpg,5-11,163,25,こまかい (細かい),LJC-M025Q163
404,LJC00512,LJC00512.jpg,5-12,163,25,こまかい (細かい),LJC-M025Q163
405,LJC00513,LJC00513.jpg,5-13,163,25,こまかい (細かい),LJC-M025Q163
406,LJC00514,LJC00514.jpg,5-14,163,25,こまかい (細かい),LJC-M025Q163
407,LJC00515,LJC00515.jpg,5-15,163,25,こまかい (細かい),LJC-M025Q163
408,LJC00516,LJC00516.jpg,5-16,163,25,こまかい (細かい),LJC-M025Q163
409,LJC00517,LJC00517.jpg,5-17,163,25,こまかい (細かい),LJC-M025Q163
410,LJC00518,LJC00518.jpg,5-18,163,25,こまかい (細かい),LJC-M025Q163
411,LJC00519,LJC00519.jpg,5-19,163,25,こまかい (細かい),LJC-M025Q163
412,LJC00520,LJC00520.jpg,5-20,163,25,こまかい (細かい),LJC-M025Q163
413,LJC00521,LJC00521.jpg,5-21,163,25,こまかい (細かい),LJC-M025Q163
414,LJC00522,LJC00522.jpg,5-22,163,25,こまかい (細かい),LJC-M025Q163
415,LJC00523,LJC00523.jpg,5-23,163,25,こまかい (細かい),LJC-M025Q163
416,LJC00524,LJC00524.jpg,5-24,283,26,しかくい (四角い),LJC-M026Q283
417,LJC00525,LJC00525.jpg,5-25,283,26,しかくい (四角い),LJC-M026Q283
418,LJC00526,LJC00526.jpg,5-26,283,26,しかくい (四角い),LJC-M026Q283
419,LJC00527,LJC00527.jpg,5-27,283,26,しかくい (四角い),LJC-M026Q283
420,LJC00528,LJC00528.jpg,5-28,283,26,しかくい (四角い),LJC-M026Q283
421,LJC00529,LJC00529.jpg,5-29,283,26,しかくい (四角い),LJC-M026Q283
422,LJC00530,LJC00530.jpg,5-30,283,26,しかくい (四角い),LJC-M026Q283
423,LJC00531,LJC00531.jpg,5-31,283,26,しかくい (四角い),LJC-M026Q283
424,LJC00532,LJC00532.jpg,5-32,283,26,しかくい (四角い),LJC-M026Q283
425,LJC00533,LJC00533.jpg,5-33,283,26,しかくい (四角い),LJC-M026Q283
426,LJC00534,LJC00534.jpg,5-34,283,26,しかくい (四角い),LJC-M026Q283
427,LJC00535,LJC00535.jpg,5-35,283,26,しかくい (四角い),LJC-M026Q283
428,LJC00536,LJC00536.jpg,5-36,283,26,しかくい (四角い),LJC-M026Q283
429,LJC00537,LJC00537.jpg,5-37,17,27,きいろい (黄色い),LJC-M027Q017
430,LJC00538,LJC00538.jpg,5-38,17,27,きいろい (黄色い),LJC-M027Q017
431,LJC00539,LJC00539.jpg,5-39,17,27,きいろい (黄色い),LJC-M027Q017
432,LJC00540,LJC00540.jpg,5-40,17,27,きいろい (黄色い),LJC-M027Q017
433,LJC00541,LJC00541.jpg,5-41,17,27,きいろい (黄色い),LJC-M027Q017
434,LJC00542,LJC00542.jpg,5-42,17,27,きいろい (黄色い),LJC-M027Q017
435,LJC00543,LJC00543.jpg,5-43,17,27,きいろい (黄色い),LJC-M027Q017
436,LJC00544,LJC00544.jpg,5-44,17,27,きいろい (黄色い),LJC-M027Q017
437,LJC00545,LJC00545.jpg,5-45,17,27,きいろい (黄色い),LJC-M027Q017
438,LJC00546,LJC00546.jpg,5-46,17,27,きいろい (黄色い),LJC-M027Q017
439,LJC00547,LJC00547.jpg,5-47,17,27,きいろい (黄色い),LJC-M027Q017
440,LJC00548,LJC00548.jpg,5-48,17,27,きいろい (黄色い),LJC-M027Q017
441,LJC00549,LJC00549.jpg,5-49,17,27,きいろい (黄色い),LJC-M027Q017
442,LJC00550,LJC00550.jpg,5-50,17,27,きいろい (黄色い),LJC-M027Q017
443,LJC00551,LJC00551.jpg,5-51,17,27,きいろい (黄色い),LJC-M027Q017
444,LJC00552,LJC00552.jpg,5-52,17,27,きいろい (黄色い),LJC-M027Q017
445,LJC00553,LJC00553.jpg,5-53,17,27,きいろい (黄色い),LJC-M027Q017
446,LJC00554,LJC00554.jpg,5-54,17,27,きいろい (黄色い),LJC-M027Q017
447,LJC00555,LJC00555.jpg,5-55,17,27,きいろい (黄色い),LJC-M027Q017
448,LJC00556,LJC00556.jpg,5-56,17,27,きいろい (黄色い),LJC-M027Q017
449,LJC00557,LJC00557.jpg,5-57,17,27,きいろい (黄色い),LJC-M027Q017
450,LJC00558,LJC00558.jpg,5-58,17,27,きいろい (黄色い),LJC-M027Q017
451,LJC00559,LJC00559.jpg,5-59,17,27,きいろい (黄色い),LJC-M027Q017
452,LJC00560,LJC00560.jpg,5-60,17,27,きいろい (黄色い),LJC-M027Q017
453,LJC00561,LJC00561.jpg,5-61,17,27,きいろい (黄色い),LJC-M027Q017
454,LJC00562,LJC00562.jpg,5-62,17,27,きいろい (黄色い),LJC-M027Q017
455,LJC00563,LJC00563.jpg,5-63,17,27,きいろい (黄色い),LJC-M027Q017
456,LJC00564,LJC00564.jpg,5-64,17,27,きいろい (黄色い),LJC-M027Q017
457,LJC00565,LJC00565.jpg,5-65,17,27,きいろい (黄色い),LJC-M027Q017
458,LJC00566,LJC00566.jpg,5-66,17,27,きいろい (黄色い),LJC-M027Q017
459,LJC00567,LJC00567.jpg,5-67,17,27,きいろい (黄色い),LJC-M027Q017
460,LJC00568,LJC00568.jpg,5-68,17,27,きいろい (黄色い),LJC-M027Q017
461,LJC00569,LJC00569.jpg,5-69,17,27,きいろい (黄色い),LJC-M027Q017
462,LJC00570,LJC00570.jpg,5-70,17,27,きいろい (黄色い),LJC-M027Q017
463,LJC00571,LJC00571.jpg,5-71,17,27,きいろい (黄色い),LJC-M027Q017
464,LJC00572,LJC00572.jpg,5-72,17,27,きいろい (黄色い),LJC-M027Q017
465,LJC00573,LJC00573.jpg,5-73,17,27,きいろい (黄色い),LJC-M027Q017
466,LJC00574,LJC00574.jpg,5-74,17,27,きいろい (黄色い),LJC-M027Q017
467,LJC00575,LJC00575.jpg,5-75,17,27,きいろい (黄色い),LJC-M027Q017
468,LJC00576,LJC00576.jpg,5-76,17,27,きいろい (黄色い),LJC-M027Q017
469,LJC00577,LJC00577.jpg,5-77,17,27,きいろい (黄色い),LJC-M027Q017
470,LJC00578,LJC00578.jpg,5-78,17,27,きいろい (黄色い),LJC-M027Q017
471,LJC00579,LJC00579.jpg,5-79,17,27,きいろい (黄色い),LJC-M027Q017
472,LJC00580,LJC00580.jpg,5-80,17,27,きいろい (黄色い),LJC-M027Q017
473,LJC00581,LJC00581.jpg,5-81,17,27,きいろい (黄色い),LJC-M027Q017
474,LJC00582,LJC00582.jpg,5-82,17,27,きいろい (黄色い),LJC-M027Q017
475,LJC00583,LJC00583.jpg,5-83,17,27,きいろい (黄色い),LJC-M027Q017
476,LJC00584,LJC00584.jpg,5-84,17,27,きいろい (黄色い),LJC-M027Q017
477,LJC00585,LJC00585.jpg,5-85,17,27,きいろい (黄色い),LJC-M027Q017
478,LJC00586,LJC00586.jpg,5-86,17,27,きいろい (黄色い),LJC-M027Q017
479,LJC00587,LJC00587.jpg,5-87,17,27,きいろい (黄色い),LJC-M027Q017
480,LJC00588,LJC00588.jpg,5-88,17,27,きいろい (黄色い),LJC-M027Q017
481,LJC00589,LJC00589.jpg,5-89,17,27,きいろい (黄色い),LJC-M027Q017
482,LJC00590,LJC00590.jpg,5-90,17,27,きいろい (黄色い),LJC-M027Q017
483,LJC00591,LJC00591.jpg,5-91,17,27,きいろい (黄色い),LJC-M027Q017
484,LJC00592,LJC00592.jpg,5-92,17,27,きいろい (黄色い),LJC-M027Q017
485,LJC00593,LJC00593.jpg,5-93,17,27,きいろい (黄色い),LJC-M027Q017
486,LJC00594,LJC00594.jpg,5-94,17,27,きいろい (黄色い),LJC-M027Q017
487,LJC00595,LJC00595.jpg,5-95,17,27,きいろい (黄色い),LJC-M027Q017
488,LJC00596,LJC00596.jpg,5-96,17,27,きいろい (黄色い),LJC-M027Q017
489,LJC00597,LJC00597.jpg,5-97,17,27,きいろい (黄色い),LJC-M027Q017
490,LJC00598,LJC00598.jpg,5-98,17,27,きいろい (黄色い),LJC-M027Q017
491,LJC00601,LJC00601.jpg,6-1,17,27,きいろい (黄色い),LJC-M027Q017
492,LJC00602,LJC00602.jpg,6-2,17,27,きいろい (黄色い),LJC-M027Q017
493,LJC00603,LJC00603.jpg,6-3,17,27,きいろい (黄色い),LJC-M027Q017
494,LJC00604,LJC00604.jpg,6-4,17,27,きいろい (黄色い),LJC-M027Q017
495,LJC00605,LJC00605.jpg,6-5,17,27,きいろい (黄色い),LJC-M027Q017
496,LJC00606,LJC00606.jpg,6-6,17,27,きいろい (黄色い),LJC-M027Q017
497,LJC00607,LJC00607.jpg,6-7,18,28,あかい (赤い),LJC-M028Q018
498,LJC00608,LJC00608.jpg,6-8,18,28,あかい (赤い),LJC-M028Q018
499,LJC00609,LJC00609.jpg,6-9,18,28,あかい (赤い),LJC-M028Q018
500,LJC00610,LJC00610.jpg,6-10,18,28,あかい (赤い),LJC-M028Q018
501,LJC00611,LJC00611.jpg,6-11,18,28,あかい (赤い),LJC-M028Q018
502,LJC00612,LJC00612.jpg,6-12,18,28,あかい (赤い),LJC-M028Q018
503,LJC00613,LJC00613.jpg,6-13,18,28,あかい (赤い),LJC-M028Q018
504,LJC00614,LJC00614.jpg,6-14,18,28,あかい (赤い),LJC-M028Q018
505,LJC00615,LJC00615.jpg,6-15,18,28,あかい (赤い),LJC-M028Q018
506,LJC00616,LJC00616.jpg,6-16,18,28,あかい (赤い),LJC-M028Q018
507,LJC00617,LJC00617.jpg,6-17,18,28,あかい (赤い),LJC-M028Q018
508,LJC00618,LJC00618.jpg,6-18,18,28,あかい (赤い),LJC-M028Q018
509,LJC00619,LJC00619.jpg,6-19,18,28,あかい (赤い),LJC-M028Q018
510,LJC00620,LJC00620.jpg,6-20,18,28,あかい (赤い),LJC-M028Q018
511,LJC00621,LJC00621.jpg,6-21,18,28,あかい (赤い),LJC-M028Q018
512,LJC00622,LJC00622.jpg,6-22,18,28,あかい (赤い),LJC-M028Q018
513,LJC00623,LJC00623.jpg,6-23,18,28,あかい (赤い),LJC-M028Q018
514,LJC00624,LJC00624.jpg,6-24,18,28,あかい (赤い),LJC-M028Q018
515,LJC00625,LJC00625.jpg,6-25,18,28,あかい (赤い),LJC-M028Q018
516,LJC00626,LJC00626.jpg,6-26,18,28,あかい (赤い),LJC-M028Q018
517,LJC00627,LJC00627.jpg,6-27,18,28,あかい (赤い),LJC-M028Q018
518,LJC00628,LJC00628.jpg,6-28,18,28,あかい (赤い),LJC-M028Q018
519,LJC00629,LJC00629.jpg,6-29,18,28,あかい (赤い),LJC-M028Q018
520,LJC00630,LJC00630.jpg,6-30,18,28,あかい (赤い),LJC-M028Q018
521,LJC00631,LJC00631.jpg,6-31,18,28,あかい (赤い),LJC-M028Q018
522,LJC00632,LJC00632.jpg,6-32,18,28,あかい (赤い),LJC-M028Q018
523,LJC00633,LJC00633.jpg,6-33,18,28,あかい (赤い),LJC-M028Q018
524,LJC00634,LJC00634.jpg,6-34,18,28,あかい (赤い),LJC-M028Q018
525,LJC00635,LJC00635.jpg,6-35,18,28,あかい (赤い),LJC-M028Q018
526,LJC00636,LJC00636.jpg,6-36,18,28,あかい (赤い),LJC-M028Q018
527,LJC00637,LJC00637.jpg,6-37,18,28,あかい (赤い),LJC-M028Q018
528,LJC00638,LJC00638.jpg,6-38,18,28,あかい (赤い),LJC-M028Q018
529,LJC00639,LJC00639.jpg,6-39,18,28,あかい (赤い),LJC-M028Q018
530,LJC00640,LJC00640.jpg,6-40,18,28,あかい (赤い),LJC-M028Q018
531,LJC00641,LJC00641.jpg,6-41,18,28,あかい (赤い),LJC-M028Q018
532,LJC00642,LJC00642.jpg,6-42,18,28,あかい (赤い),LJC-M028Q018
533,LJC00643,LJC00643.jpg,6-43,18,28,あかい (赤い),LJC-M028Q018
534,LJC00644,LJC00644.jpg,6-44,18,28,あかい (赤い),LJC-M028Q018
535,LJC00645,LJC00645.jpg,6-45,19,29,アカイを“明かるい”の意味で使うか,LJC-M029Q019
536,LJC00646,LJC00646.jpg,6-46,19,29,アカイを“明かるい”の意味で使うか,LJC-M029Q019
537,LJC00647,LJC00647.jpg,6-47,19,29,アカイを“明かるい”の意味で使うか,LJC-M029Q019
538,LJC00648,LJC00648.jpg,6-48,19,29,アカイを“明かるい”の意味で使うか,LJC-M029Q019
539,LJC00649,LJC00649.jpg,6-49,19,29,アカイを“明かるい”の意味で使うか,LJC-M029Q019
540,LJC00650,LJC00650.jpg,6-50,19,29,アカイを“明かるい”の意味で使うか,LJC-M029Q019
541,LJC00651,LJC00651.jpg,6-51,19,29,アカイを“明かるい”の意味で使うか,LJC-M029Q019
542,LJC00652,LJC00652.jpg,6-52,19,29,アカイを“明かるい”の意味で使うか,LJC-M029Q019
543,LJC00653,LJC00653.jpg,6-53,19,29,アカイを“明かるい”の意味で使うか,LJC-M029Q019
544,LJC00654,LJC00654.jpg,6-54,19,29,アカイを“明かるい”の意味で使うか,LJC-M029Q019
545,LJC00655,LJC00655.jpg,6-55,19,29,アカイを“明かるい”の意味で使うか,LJC-M029Q019
546,LJC00656,LJC00656.jpg,6-56,19,29,アカイを“明かるい”の意味で使うか,LJC-M029Q019
547,LJC00657,LJC00657.jpg,6-57,19,29,アカイを“明かるい”の意味で使うか,LJC-M029Q019
548,LJC00658,LJC00658.jpg,6-58,19,29,アカイを“明かるい”の意味で使うか,LJC-M029Q019
549,LJC00659,LJC00659.jpg,6-59,19,29,アカイを“明かるい”の意味で使うか,LJC-M029Q019
550,LJC00660,LJC00660.jpg,6-60,19,29,アカイを“明かるい”の意味で使うか,LJC-M029Q019
551,LJC00661,LJC00661.jpg,6-61,19,29,アカイを“明かるい”の意味で使うか,LJC-M029Q019
552,LJC00662,LJC00662.jpg,6-62,19,29,アカイを“明かるい”の意味で使うか,LJC-M029Q019
553,LJC00663,LJC00663.jpg,6-63,19,29,アカイを“明かるい”の意味で使うか,LJC-M029Q019
554,LJC00664,LJC00664.jpg,6-64,19,29,アカイを“明かるい”の意味で使うか,LJC-M029Q019
555,LJC00665,LJC00665.jpg,6-65,19,29,アカイを“明かるい”の意味で使うか,LJC-M029Q019
556,LJC00666,LJC00666.jpg,6-66,19,29,アカイを“明かるい”の意味で使うか,LJC-M029Q019
557,LJC00667,LJC00667.jpg,6-67,19,29,アカイを“明かるい”の意味で使うか,LJC-M029Q019
558,LJC00668,LJC00668.jpg,6-68,19,29,アカイを“明かるい”の意味で使うか,LJC-M029Q019
559,LJC00669,LJC00669.jpg,6-69,19,29,アカイを“明かるい”の意味で使うか,LJC-M029Q019
560,LJC00670,LJC00670.jpg,6-70,19,29,アカイを“明かるい”の意味で使うか,LJC-M029Q019
561,LJC00671,LJC00671.jpg,6-71,19,29,アカイを“明かるい”の意味で使うか,LJC-M029Q019
562,LJC00672,LJC00672.jpg,6-72,19,29,アカイを“明かるい”の意味で使うか,LJC-M029Q019
563,LJC00673,LJC00673.jpg,6-73,19,29,アカイを“明かるい”の意味で使うか,LJC-M029Q019
564,LJC00674,LJC00674.jpg,6-74,19,29,アカイを“明かるい”の意味で使うか,LJC-M029Q019
565,LJC00675,LJC00675.jpg,6-75,19,29,アカイを“明かるい”の意味で使うか,LJC-M029Q019
566,LJC00676,LJC00676.jpg,6-76,19,29,アカイを“明かるい”の意味で使うか,LJC-M029Q019
567,LJC00677,LJC00677.jpg,6-77,19,29,アカイを“明かるい”の意味で使うか,LJC-M029Q019
568,LJC00678,LJC00678.jpg,6-78,19,29,アカイを“明かるい”の意味で使うか,LJC-M029Q019
569,LJC00679,LJC00679.jpg,6-79,19,29,アカイを“明かるい”の意味で使うか,LJC-M029Q019
570,LJC00680,LJC00680.jpg,6-80,19,29,アカイを“明かるい”の意味で使うか,LJC-M029Q019
571,LJC00681,LJC00681.jpg,6-81,19,29,アカイを“明かるい”の意味で使うか,LJC-M029Q019
572,LJC00682,LJC00682.jpg,6-82,19,29,アカイを“明かるい”の意味で使うか,LJC-M029Q019
573,LJC00683,LJC00683.jpg,6-83,19,29,アカイを“明かるい”の意味で使うか,LJC-M029Q019
574,LJC00684,LJC00684.jpg,6-84,19,29,アカイを“明かるい”の意味で使うか,LJC-M029Q019
575,LJC00685,LJC00685.jpg,6-85,19,29,アカイを“明かるい”の意味で使うか,LJC-M029Q019
576,LJC00686,LJC00686.jpg,6-86,115,"030, 031",まぶしい (眩しい),LJC-M030Q115
577,LJC00687,LJC00687.jpg,6-87,115,"030, 031",まぶしい (眩しい),LJC-M030Q115
578,LJC00688,LJC00688.jpg,6-88,115,"030, 031",まぶしい (眩しい),LJC-M030Q115
579,LJC00689,LJC00689.jpg,6-89,115,"030, 031",まぶしい (眩しい),LJC-M030Q115
580,LJC00690,LJC00690.jpg,6-90,115,"030, 031",まぶしい (眩しい),LJC-M030Q115
581,LJC00691,LJC00691.jpg,6-91,115,"030, 031",まぶしい (眩しい),LJC-M030Q115
582,LJC00692,LJC00692.jpg,6-92,115,"030, 031",まぶしい (眩しい),LJC-M030Q115
583,LJC00693,LJC00693.jpg,6-93,115,"030, 031",まぶしい (眩しい),LJC-M030Q115
584,LJC00694,LJC00694.jpg,6-94,115,"030, 031",まぶしい (眩しい),LJC-M030Q115
585,LJC00695,LJC00695.jpg,6-95,115,"030, 031",まぶしい (眩しい),LJC-M030Q115
586,LJC00696,LJC00696.jpg,6-96,115,"030, 031",まぶしい (眩しい),LJC-M030Q115
587,LJC00697,LJC00697.jpg,6-97,115,"030, 031",まぶしい (眩しい),LJC-M030Q115
588,LJC00698,LJC00698.jpg,6-98,115,"030, 031",まぶしい (眩しい),LJC-M030Q115
589,LJC00701,LJC00701.jpg,7-1,115,"030, 031",まぶしい (眩しい),LJC-M030Q115
590,LJC00702,LJC00702.jpg,7-2,115,"030, 031",まぶしい (眩しい),LJC-M030Q115
591,LJC00703,LJC00703.jpg,7-3,115,"030, 031",まぶしい (眩しい),LJC-M030Q115
592,LJC00704,LJC00704.jpg,7-4,115,"030, 031",まぶしい (眩しい),LJC-M030Q115
593,LJC00705,LJC00705.jpg,7-5,115,"030, 031",まぶしい (眩しい),LJC-M030Q115
594,LJC00706,LJC00706.jpg,7-6,115,"030, 031",まぶしい (眩しい),LJC-M030Q115
595,LJC00707,LJC00707.jpg,7-7,115,"030, 031",まぶしい (眩しい),LJC-M030Q115
596,LJC00708,LJC00708.jpg,7-8,115,"030, 031",まぶしい (眩しい),LJC-M030Q115
597,LJC00709,LJC00709.jpg,7-9,115,"030, 031",まぶしい (眩しい),LJC-M030Q115
598,LJC00710,LJC00710.jpg,7-10,115,"030, 031",まぶしい (眩しい),LJC-M030Q115
599,LJC00711,LJC00711.jpg,7-11,115,"030, 031",まぶしい (眩しい),LJC-M030Q115
600,LJC00712,LJC00712.jpg,7-12,115,"030, 031",まぶしい (眩しい),LJC-M030Q115
601,LJC00713,LJC00713.jpg,7-13,115,"030, 031",まぶしい (眩しい),LJC-M030Q115
602,LJC00714,LJC00714.jpg,7-14,115,"030, 031",まぶしい (眩しい),LJC-M030Q115
603,LJC00715,LJC00715.jpg,7-15,115,"030, 031",まぶしい (眩しい),LJC-M030Q115
604,LJC00716,LJC00716.jpg,7-16,115,"030, 031",まぶしい (眩しい),LJC-M030Q115
605,LJC00717,LJC00717.jpg,7-17,115,"030, 031",まぶしい (眩しい),LJC-M030Q115
606,LJC00718,LJC00718.jpg,7-18,115,"030, 031",まぶしい (眩しい),LJC-M030Q115
607,LJC00719,LJC00719.jpg,7-19,115,"030, 031",まぶしい (眩しい),LJC-M030Q115
608,LJC00720,LJC00720.jpg,7-20,115,"030, 031",まぶしい (眩しい),LJC-M030Q115
609,LJC00721,LJC00721.jpg,7-21,115,"030, 031",まぶしい (眩しい),LJC-M030Q115
610,LJC00722,LJC00722.jpg,7-22,115,"030, 031",まぶしい (眩しい),LJC-M030Q115
611,LJC00723,LJC00723.jpg,7-23,115,"030, 031",まぶしい (眩しい),LJC-M030Q115
612,LJC00724,LJC00724.jpg,7-24,115,"030, 031",まぶしい (眩しい),LJC-M030Q115
613,LJC00725,LJC00725.jpg,7-25,115,"030, 031",まぶしい (眩しい),LJC-M030Q115
614,LJC00726,LJC00726.jpg,7-26,115,"030, 031",まぶしい (眩しい),LJC-M030Q115
615,LJC00727,LJC00727.jpg,7-27,115,"030, 031",まぶしい (眩しい),LJC-M030Q115
616,LJC00728,LJC00728.jpg,7-28,115,"030, 031",まぶしい (眩しい),LJC-M030Q115
617,LJC00729,LJC00729.jpg,7-29,115,"030, 031",まぶしい (眩しい),LJC-M030Q115
618,LJC00730,LJC00730.jpg,7-30,115,"030, 031",まぶしい (眩しい),LJC-M030Q115
619,LJC00731,LJC00731.jpg,7-31,115,"030, 031",まぶしい (眩しい),LJC-M030Q115
620,LJC00732,LJC00732.jpg,7-32,115,"030, 031",まぶしい (眩しい),LJC-M030Q115
621,LJC00733,LJC00733.jpg,7-33,70,"032, 033",くすぐったい (擽ったい),LJC-M032Q070
622,LJC00734,LJC00734.jpg,7-34,70,"032, 033",くすぐったい (擽ったい),LJC-M032Q070
623,LJC00735,LJC00735.jpg,7-35,70,"032, 033",くすぐったい (擽ったい),LJC-M032Q070
624,LJC00736,LJC00736.jpg,7-36,70,"032, 033",くすぐったい (擽ったい),LJC-M032Q070
625,LJC00737,LJC00737.jpg,7-37,70,"032, 033",くすぐったい (擽ったい),LJC-M032Q070
626,LJC00738,LJC00738.jpg,7-38,70,"032, 033",くすぐったい (擽ったい),LJC-M032Q070
627,LJC00739,LJC00739.jpg,7-39,70,"032, 033",くすぐったい (擽ったい),LJC-M032Q070
628,LJC00740,LJC00740.jpg,7-40,70,"032, 033",くすぐったい (擽ったい),LJC-M032Q070
629,LJC00741,LJC00741.jpg,7-41,70,"032, 033",くすぐったい (擽ったい),LJC-M032Q070
630,LJC00742,LJC00742.jpg,7-42,70,"032, 033",くすぐったい (擽ったい),LJC-M032Q070
631,LJC00743,LJC00743.jpg,7-43,70,"032, 033",くすぐったい (擽ったい),LJC-M032Q070
632,LJC00744,LJC00744.jpg,7-44,70,"032, 033",くすぐったい (擽ったい),LJC-M032Q070
633,LJC00745,LJC00745.jpg,7-45,70,"032, 033",くすぐったい (擽ったい),LJC-M032Q070
634,LJC00746,LJC00746.jpg,7-46,70,"032, 033",くすぐったい (擽ったい),LJC-M032Q070
635,LJC00747,LJC00747.jpg,7-47,70,"032, 033",くすぐったい (擽ったい),LJC-M032Q070
636,LJC00748,LJC00748.jpg,7-48,70,"032, 033",くすぐったい (擽ったい),LJC-M032Q070
637,LJC00749,LJC00749.jpg,7-49,70,"032, 033",くすぐったい (擽ったい),LJC-M032Q070
638,LJC00750,LJC00750.jpg,7-50,70,"032, 033",くすぐったい (擽ったい),LJC-M032Q070
639,LJC00751,LJC00751.jpg,7-51,70,"032, 033",くすぐったい (擽ったい),LJC-M032Q070
640,LJC00752,LJC00752.jpg,7-52,70,"032, 033",くすぐったい (擽ったい),LJC-M032Q070
641,LJC00753,LJC00753.jpg,7-53,70,"032, 033",くすぐったい (擽ったい),LJC-M032Q070
642,LJC00754,LJC00754.jpg,7-54,70,"032, 033",くすぐったい (擽ったい),LJC-M032Q070
643,LJC00755,LJC00755.jpg,7-55,70,"032, 033",くすぐったい (擽ったい),LJC-M032Q070
644,LJC00756,LJC00756.jpg,7-56,70,"032, 033",くすぐったい (擽ったい),LJC-M032Q070
645,LJC00757,LJC00757.jpg,7-57,70,"032, 033",くすぐったい (擽ったい),LJC-M032Q070
646,LJC00758,LJC00758.jpg,7-58,70,"032, 033",くすぐったい (擽ったい),LJC-M032Q070
647,LJC00759,LJC00759.jpg,7-59,70,"032, 033",くすぐったい (擽ったい),LJC-M032Q070
648,LJC00760,LJC00760.jpg,7-60,70,"032, 033",くすぐったい (擽ったい),LJC-M032Q070
649,LJC00761,LJC00761.jpg,7-61,70,"032, 033",くすぐったい (擽ったい),LJC-M032Q070
650,LJC00762,LJC00762.jpg,7-62,70,"032, 033",くすぐったい (擽ったい),LJC-M032Q070
651,LJC00763,LJC00763.jpg,7-63,70,"032, 033",くすぐったい (擽ったい),LJC-M032Q070
652,LJC00764,LJC00764.jpg,7-64,70,"032, 033",くすぐったい (擽ったい),LJC-M032Q070
653,LJC00765,LJC00765.jpg,7-65,70,"032, 033",くすぐったい (擽ったい),LJC-M032Q070
654,LJC00766,LJC00766.jpg,7-66,70,"032, 033",くすぐったい (擽ったい),LJC-M032Q070
655,LJC00767,LJC00767.jpg,7-67,70,"032, 033",くすぐったい (擽ったい),LJC-M032Q070
656,LJC00768,LJC00768.jpg,7-68,70,"032, 033",くすぐったい (擽ったい),LJC-M032Q070
657,LJC00769,LJC00769.jpg,7-69,70,"032, 033",くすぐったい (擽ったい),LJC-M032Q070
658,LJC00770,LJC00770.jpg,7-70,70,"032, 033",くすぐったい (擽ったい),LJC-M032Q070
659,LJC00771,LJC00771.jpg,7-71,70,"032, 033",くすぐったい (擽ったい),LJC-M032Q070
660,LJC00772,LJC00772.jpg,7-72,70,"032, 033",くすぐったい (擽ったい),LJC-M032Q070
661,LJC00773,LJC00773.jpg,7-73,70,"032, 033",くすぐったい (擽ったい),LJC-M032Q070
662,LJC00774,LJC00774.jpg,7-74,70,"032, 033",くすぐったい (擽ったい),LJC-M032Q070
663,LJC00775,LJC00775.jpg,7-75,70,"032, 033",くすぐったい (擽ったい),LJC-M032Q070
664,LJC00776,LJC00776.jpg,7-76,70,"032, 033",くすぐったい (擽ったい),LJC-M032Q070
665,LJC00777,LJC00777.jpg,7-77,40,"034, 035",きなくさい (きな臭い),LJC-M034Q040
666,LJC00778,LJC00778.jpg,7-78,40,"034, 035",きなくさい (きな臭い),LJC-M034Q040
667,LJC00779,LJC00779.jpg,7-79,40,"034, 035",きなくさい (きな臭い),LJC-M034Q040
668,LJC00780,LJC00780.jpg,7-80,40,"034, 035",きなくさい (きな臭い),LJC-M034Q040
669,LJC00781,LJC00781.jpg,7-81,40,"034, 035",きなくさい (きな臭い),LJC-M034Q040
670,LJC00782,LJC00782.jpg,7-82,40,"034, 035",きなくさい (きな臭い),LJC-M034Q040
671,LJC00783,LJC00783.jpg,7-83,40,"034, 035",きなくさい (きな臭い),LJC-M034Q040
672,LJC00784,LJC00784.jpg,7-84,40,"034, 035",きなくさい (きな臭い),LJC-M034Q040
673,LJC00785,LJC00785.jpg,7-85,40,"034, 035",きなくさい (きな臭い),LJC-M034Q040
674,LJC00786,LJC00786.jpg,7-86,40,"034, 035",きなくさい (きな臭い),LJC-M034Q040
675,LJC00787,LJC00787.jpg,7-87,40,"034, 035",きなくさい (きな臭い),LJC-M034Q040
676,LJC00788,LJC00788.jpg,7-88,40,"034, 035",きなくさい (きな臭い),LJC-M034Q040
677,LJC00789,LJC00789.jpg,7-89,40,"034, 035",きなくさい (きな臭い),LJC-M034Q040
678,LJC00790,LJC00790.jpg,7-90,40,"034, 035",きなくさい (きな臭い),LJC-M034Q040
679,LJC00791,LJC00791.jpg,7-91,40,"034, 035",きなくさい (きな臭い),LJC-M034Q040
680,LJC00792,LJC00792.jpg,7-92,40,"034, 035",きなくさい (きな臭い),LJC-M034Q040
681,LJC00793,LJC00793.jpg,7-93,40,"034, 035",きなくさい (きな臭い),LJC-M034Q040
682,LJC00794,LJC00794.jpg,7-94,40,"034, 035",きなくさい (きな臭い),LJC-M034Q040
683,LJC00795,LJC00795.jpg,7-95,40,"034, 035",きなくさい (きな臭い),LJC-M034Q040
684,LJC00796,LJC00796.jpg,7-96,40,"034, 035",きなくさい (きな臭い),LJC-M034Q040
685,LJC00797,LJC00797.jpg,7-97,40,"034, 035",きなくさい (きな臭い),LJC-M034Q040
686,LJC00798,LJC00798.jpg,7-98,40,"034, 035",きなくさい (きな臭い),LJC-M034Q040
687,LJC00801,LJC00801.jpg,8-1,40,"034, 035",きなくさい (きな臭い),LJC-M034Q040
688,LJC00802,LJC00802.jpg,8-2,40,"034, 035",きなくさい (きな臭い),LJC-M034Q040
689,LJC00803,LJC00803.jpg,8-3,40,"034, 035",きなくさい (きな臭い),LJC-M034Q040
690,LJC00804,LJC00804.jpg,8-4,40,"034, 035",きなくさい (きな臭い),LJC-M034Q040
691,LJC00805,LJC00805.jpg,8-5,40,"034, 035",きなくさい (きな臭い),LJC-M034Q040
692,LJC00806,LJC00806.jpg,8-6,40,"034, 035",きなくさい (きな臭い),LJC-M034Q040
693,LJC00807,LJC00807.jpg,8-7,40,"034, 035",きなくさい (きな臭い),LJC-M034Q040
694,LJC00808,LJC00808.jpg,8-8,40,"034, 035",きなくさい (きな臭い),LJC-M034Q040
695,LJC00809,LJC00809.jpg,8-9,40,"034, 035",きなくさい (きな臭い),LJC-M034Q040
696,LJC00810,LJC00810.jpg,8-10,40,"034, 035",きなくさい (きな臭い),LJC-M034Q040
697,LJC00811,LJC00811.jpg,8-11,40,"034, 035",きなくさい (きな臭い),LJC-M034Q040
698,LJC00812,LJC00812.jpg,8-12,40,"034, 035",きなくさい (きな臭い),LJC-M034Q040
699,LJC00813,LJC00813.jpg,8-13,40,"034, 035",きなくさい (きな臭い),LJC-M034Q040
700,LJC00814,LJC00814.jpg,8-14,40,"034, 035",きなくさい (きな臭い),LJC-M034Q040
701,LJC00815,LJC00815.jpg,8-15,40,"034, 035",きなくさい (きな臭い),LJC-M034Q040
702,LJC00816,LJC00816.jpg,8-16,40,"034, 035",きなくさい (きな臭い),LJC-M034Q040
703,LJC00817,LJC00817.jpg,8-17,40,"034, 035",きなくさい (きな臭い),LJC-M034Q040
704,LJC00818,LJC00818.jpg,8-18,40,"034, 035",きなくさい (きな臭い),LJC-M034Q040
705,LJC00819,LJC00819.jpg,8-19,40,"034, 035",きなくさい (きな臭い),LJC-M034Q040
706,LJC00820,LJC00820.jpg,8-20,40,"034, 035",きなくさい (きな臭い),LJC-M034Q040
707,LJC00821,LJC00821.jpg,8-21,40,"034, 035",きなくさい (きな臭い),LJC-M034Q040
708,LJC00822,LJC00822.jpg,8-22,40,"034, 035",きなくさい (きな臭い),LJC-M034Q040
709,LJC00823,LJC00823.jpg,8-23,40,"034, 035",きなくさい (きな臭い),LJC-M034Q040
710,LJC00824,LJC00824.jpg,8-24,40,"034, 035",きなくさい (きな臭い),LJC-M034Q040
711,LJC00825,LJC00825.jpg,8-25,40,"034, 035",きなくさい (きな臭い),LJC-M034Q040
712,LJC00826,LJC00826.jpg,8-26,40,"034, 035",きなくさい (きな臭い),LJC-M034Q040
713,LJC00827,LJC00827.jpg,8-27,40,"034, 035",きなくさい (きな臭い),LJC-M034Q040
714,LJC00828,LJC00828.jpg,8-28,40,"034, 035",きなくさい (きな臭い),LJC-M034Q040
715,LJC00829,LJC00829.jpg,8-29,40,"034, 035",きなくさい (きな臭い),LJC-M034Q040
716,LJC00830,LJC00830.jpg,8-30,40,"034, 035",きなくさい (きな臭い),LJC-M034Q040
717,LJC00831,LJC00831.jpg,8-31,40,"034, 035",きなくさい (きな臭い),LJC-M034Q040
718,LJC00832,LJC00832.jpg,8-32,40,"034, 035",きなくさい (きな臭い),LJC-M034Q040
719,LJC00833,LJC00833.jpg,8-33,40,"034, 035",きなくさい (きな臭い),LJC-M034Q040
720,LJC00834,LJC00834.jpg,8-34,40,"034, 035",きなくさい (きな臭い),LJC-M034Q040
721,LJC00835,LJC00835.jpg,8-35,40,"034, 035",きなくさい (きな臭い),LJC-M034Q040
722,LJC00836,LJC00836.jpg,8-36,40,"034, 035",きなくさい (きな臭い),LJC-M034Q040
723,LJC00837,LJC00837.jpg,8-37,40,"034, 035",きなくさい (きな臭い),LJC-M034Q040
724,LJC00838,LJC00838.jpg,8-38,40,"034, 035",きなくさい (きな臭い),LJC-M034Q040
725,LJC00839,LJC00839.jpg,8-39,40,"034, 035",きなくさい (きな臭い),LJC-M034Q040
726,LJC00840,LJC00840.jpg,8-40,40,"034, 035",きなくさい (きな臭い),LJC-M034Q040
727,LJC00841,LJC00841.jpg,8-41,40,"034, 035",きなくさい (きな臭い),LJC-M034Q040
728,LJC00842,LJC00842.jpg,8-42,40,"034, 035",きなくさい (きな臭い),LJC-M034Q040
729,LJC00843,LJC00843.jpg,8-43,40,"034, 035",きなくさい (きな臭い),LJC-M034Q040
730,LJC00844,LJC00844.jpg,8-44,40,"034, 035",きなくさい (きな臭い),LJC-M034Q040
731,LJC00845,LJC00845.jpg,8-45,40,"034, 035",きなくさい (きな臭い),LJC-M034Q040
732,LJC00846,LJC00846.jpg,8-46,40,"034, 035",きなくさい (きな臭い),LJC-M034Q040
733,LJC00847,LJC00847.jpg,8-47,40,"034, 035",きなくさい (きな臭い),LJC-M034Q040
734,LJC00848,LJC00848.jpg,8-48,40,"034, 035",きなくさい (きな臭い),LJC-M034Q040
735,LJC00849,LJC00849.jpg,8-49,40,"034, 035",きなくさい (きな臭い),LJC-M034Q040
736,LJC00850,LJC00850.jpg,8-50,41,36,こげくさい (焦げ臭い),LJC-M036Q041
737,LJC00851,LJC00851.jpg,8-51,41,36,こげくさい (焦げ臭い),LJC-M036Q041
738,LJC00852,LJC00852.jpg,8-52,41,36,こげくさい (焦げ臭い),LJC-M036Q041
739,LJC00853,LJC00853.jpg,8-53,41,36,こげくさい (焦げ臭い),LJC-M036Q041
740,LJC00854,LJC00854.jpg,8-54,41,36,こげくさい (焦げ臭い),LJC-M036Q041
741,LJC00855,LJC00855.jpg,8-55,41,36,こげくさい (焦げ臭い),LJC-M036Q041
742,LJC00856,LJC00856.jpg,8-56,41,36,こげくさい (焦げ臭い),LJC-M036Q041
743,LJC00857,LJC00857.jpg,8-57,41,36,こげくさい (焦げ臭い),LJC-M036Q041
744,LJC00858,LJC00858.jpg,8-58,41,36,こげくさい (焦げ臭い),LJC-M036Q041
745,LJC00859,LJC00859.jpg,8-59,41,36,こげくさい (焦げ臭い),LJC-M036Q041
746,LJC00860,LJC00860.jpg,8-60,41,36,こげくさい (焦げ臭い),LJC-M036Q041
747,LJC00861,LJC00861.jpg,8-61,41,36,こげくさい (焦げ臭い),LJC-M036Q041
748,LJC00862,LJC00862.jpg,8-62,41,36,こげくさい (焦げ臭い),LJC-M036Q041
749,LJC00863,LJC00863.jpg,8-63,41,36,こげくさい (焦げ臭い),LJC-M036Q041
750,LJC00864,LJC00864.jpg,8-64,41,36,こげくさい (焦げ臭い),LJC-M036Q041
751,LJC00865,LJC00865.jpg,8-65,41,36,こげくさい (焦げ臭い),LJC-M036Q041
752,LJC00866,LJC00866.jpg,8-66,41,36,こげくさい (焦げ臭い),LJC-M036Q041
753,LJC00867,LJC00867.jpg,8-67,41,36,こげくさい (焦げ臭い),LJC-M036Q041
754,LJC00868,LJC00868.jpg,8-68,41,36,こげくさい (焦げ臭い),LJC-M036Q041
755,LJC00869,LJC00869.jpg,8-69,41,36,こげくさい (焦げ臭い),LJC-M036Q041
756,LJC00870,LJC00870.jpg,8-70,41,36,こげくさい (焦げ臭い),LJC-M036Q041
757,LJC00871,LJC00871.jpg,8-71,41,36,こげくさい (焦げ臭い),LJC-M036Q041
758,LJC00872,LJC00872.jpg,8-72,41,36,こげくさい (焦げ臭い),LJC-M036Q041
759,LJC00873,LJC00873.jpg,8-73,41,36,こげくさい (焦げ臭い),LJC-M036Q041
760,LJC00874,LJC00874.jpg,8-74,41,36,こげくさい (焦げ臭い),LJC-M036Q041
761,LJC00875,LJC00875.jpg,8-75,41,36,こげくさい (焦げ臭い),LJC-M036Q041
762,LJC00876,LJC00876.jpg,8-76,41,36,こげくさい (焦げ臭い),LJC-M036Q041
763,LJC00877,LJC00877.jpg,8-77,41,36,こげくさい (焦げ臭い),LJC-M036Q041
764,LJC00878,LJC00878.jpg,8-78,41,36,こげくさい (焦げ臭い),LJC-M036Q041
765,LJC00879,LJC00879.jpg,8-79,41,36,こげくさい (焦げ臭い),LJC-M036Q041
766,LJC00880,LJC00880.jpg,8-80,41,36,こげくさい (焦げ臭い),LJC-M036Q041
767,LJC00881,LJC00881.jpg,8-81,41,36,こげくさい (焦げ臭い),LJC-M036Q041
768,LJC00882,LJC00882.jpg,8-82,41,36,こげくさい (焦げ臭い),LJC-M036Q041
769,LJC00883,LJC00883.jpg,8-83,41,36,こげくさい (焦げ臭い),LJC-M036Q041
770,LJC00884,LJC00884.jpg,8-84,41,36,こげくさい (焦げ臭い),LJC-M036Q041
771,LJC00885,LJC00885.jpg,8-85,41,36,こげくさい (焦げ臭い),LJC-M036Q041
772,LJC00886,LJC00886.jpg,8-86,41,36,こげくさい (焦げ臭い),LJC-M036Q041
773,LJC00887,LJC00887.jpg,8-87,41,36,こげくさい (焦げ臭い),LJC-M036Q041
774,LJC00888,LJC00888.jpg,8-88,41,36,こげくさい (焦げ臭い),LJC-M036Q041
775,LJC00889,LJC00889.jpg,8-89,52,37,あまい (甘い),LJC-M037Q052
776,LJC00890,LJC00890.jpg,8-90,52,37,あまい (甘い),LJC-M037Q052
777,LJC00891,LJC00891.jpg,8-91,52,37,あまい (甘い),LJC-M037Q052
778,LJC00892,LJC00892.jpg,8-92,52,37,あまい (甘い),LJC-M037Q052
779,LJC00893,LJC00893.jpg,8-93,52,37,あまい (甘い),LJC-M037Q052
780,LJC00894,LJC00894.jpg,8-94,52,37,あまい (甘い),LJC-M037Q052
781,LJC00895,LJC00895.jpg,8-95,52,37,あまい (甘い),LJC-M037Q052
782,LJC00896,LJC00896.jpg,8-96,52,37,あまい (甘い),LJC-M037Q052
783,LJC00897,LJC00897.jpg,8-97,52,37,あまい (甘い),LJC-M037Q052
784,LJC00898,LJC00898.jpg,8-98,52,37,あまい (甘い),LJC-M037Q052
785,LJC00901,LJC00901.jpg,9-1,52,37,あまい (甘い),LJC-M037Q052
786,LJC00902,LJC00902.jpg,9-2,52,37,あまい (甘い),LJC-M037Q052
787,LJC00903,LJC00903.jpg,9-3,52,37,あまい (甘い),LJC-M037Q052
788,LJC00904,LJC00904.jpg,9-4,52,37,あまい (甘い),LJC-M037Q052
789,LJC00905,LJC00905.jpg,9-5,52,37,あまい (甘い),LJC-M037Q052
790,LJC00906,LJC00906.jpg,9-6,52,37,あまい (甘い),LJC-M037Q052
791,LJC00907,LJC00907.jpg,9-7,52,37,あまい (甘い),LJC-M037Q052
792,LJC00908,LJC00908.jpg,9-8,52,37,あまい (甘い),LJC-M037Q052
793,LJC00909,LJC00909.jpg,9-9,52,37,あまい (甘い),LJC-M037Q052
794,LJC00910,LJC00910.jpg,9-10,52,37,あまい (甘い),LJC-M037Q052
795,LJC00911,LJC00911.jpg,9-11,52,37,あまい (甘い),LJC-M037Q052
796,LJC00912,LJC00912.jpg,9-12,52,37,あまい (甘い),LJC-M037Q052
797,LJC00913,LJC00913.jpg,9-13,52,37,あまい (甘い),LJC-M037Q052
798,LJC00914,LJC00914.jpg,9-14,52,37,あまい (甘い),LJC-M037Q052
799,LJC00915,LJC00915.jpg,9-15,51,38,〈塩味が〉うすい,LJC-M038Q051
800,LJC00916,LJC00916.jpg,9-16,51,38,〈塩味が〉うすい,LJC-M038Q051
801,LJC00917,LJC00917.jpg,9-17,51,38,〈塩味が〉うすい,LJC-M038Q051
802,LJC00918,LJC00918.jpg,9-18,51,38,〈塩味が〉うすい,LJC-M038Q051
803,LJC00919,LJC00919.jpg,9-19,51,38,〈塩味が〉うすい,LJC-M038Q051
804,LJC00920,LJC00920.jpg,9-20,51,38,〈塩味が〉うすい,LJC-M038Q051
805,LJC00921,LJC00921.jpg,9-21,51,38,〈塩味が〉うすい,LJC-M038Q051
806,LJC00922,LJC00922.jpg,9-22,51,38,〈塩味が〉うすい,LJC-M038Q051
807,LJC00923,LJC00923.jpg,9-23,51,38,〈塩味が〉うすい,LJC-M038Q051
808,LJC00924,LJC00924.jpg,9-24,51,38,〈塩味が〉うすい,LJC-M038Q051
809,LJC00925,LJC00925.jpg,9-25,51,38,〈塩味が〉うすい,LJC-M038Q051
810,LJC00926,LJC00926.jpg,9-26,51,38,〈塩味が〉うすい,LJC-M038Q051
811,LJC00927,LJC00927.jpg,9-27,51,38,〈塩味が〉うすい,LJC-M038Q051
812,LJC00928,LJC00928.jpg,9-28,51,38,〈塩味が〉うすい,LJC-M038Q051
813,LJC00929,LJC00929.jpg,9-29,51,38,〈塩味が〉うすい,LJC-M038Q051
814,LJC00930,LJC00930.jpg,9-30,51,38,〈塩味が〉うすい,LJC-M038Q051
815,LJC00931,LJC00931.jpg,9-31,51,38,〈塩味が〉うすい,LJC-M038Q051
816,LJC00932,LJC00932.jpg,9-32,51,38,〈塩味が〉うすい,LJC-M038Q051
817,LJC00933,LJC00933.jpg,9-33,51,38,〈塩味が〉うすい,LJC-M038Q051
818,LJC00934,LJC00934.jpg,9-34,51,38,〈塩味が〉うすい,LJC-M038Q051
819,LJC00935,LJC00935.jpg,9-35,51,38,〈塩味が〉うすい,LJC-M038Q051
820,LJC00936,LJC00936.jpg,9-36,51,38,〈塩味が〉うすい,LJC-M038Q051
821,LJC00937,LJC00937.jpg,9-37,51,38,〈塩味が〉うすい,LJC-M038Q051
822,LJC00938,LJC00938.jpg,9-38,51,38,〈塩味が〉うすい,LJC-M038Q051
823,LJC00939,LJC00939.jpg,9-39,51,38,〈塩味が〉うすい,LJC-M038Q051
824,LJC00940,LJC00940.jpg,9-40,51,38,〈塩味が〉うすい,LJC-M038Q051
825,LJC00941,LJC00941.jpg,9-41,51,38,〈塩味が〉うすい,LJC-M038Q051
826,LJC00942,LJC00942.jpg,9-42,51,38,〈塩味が〉うすい,LJC-M038Q051
827,LJC00943,LJC00943.jpg,9-43,51,38,〈塩味が〉うすい,LJC-M038Q051
828,LJC00944,LJC00944.jpg,9-44,51,38,〈塩味が〉うすい,LJC-M038Q051
829,LJC00945,LJC00945.jpg,9-45,51,38,〈塩味が〉うすい,LJC-M038Q051
830,LJC00946,LJC00946.jpg,9-46,51,38,〈塩味が〉うすい,LJC-M038Q051
831,LJC00947,LJC00947.jpg,9-47,51,38,〈塩味が〉うすい,LJC-M038Q051
832,LJC00948,LJC00948.jpg,9-48,51,38,〈塩味が〉うすい,LJC-M038Q051
833,LJC00949,LJC00949.jpg,9-49,51,38,〈塩味が〉うすい,LJC-M038Q051
834,LJC00950,LJC00950.jpg,9-50,51,38,〈塩味が〉うすい,LJC-M038Q051
835,LJC00951,LJC00951.jpg,9-51,51,38,〈塩味が〉うすい,LJC-M038Q051
836,LJC00952,LJC00952.jpg,9-52,51,38,〈塩味が〉うすい,LJC-M038Q051
837,LJC00953,LJC00953.jpg,9-53,51,38,〈塩味が〉うすい,LJC-M038Q051
838,LJC00954,LJC00954.jpg,9-54,51,38,〈塩味が〉うすい,LJC-M038Q051
839,LJC00955,LJC00955.jpg,9-55,51,38,〈塩味が〉うすい,LJC-M038Q051
840,LJC00956,LJC00956.jpg,9-56,51,38,〈塩味が〉うすい,LJC-M038Q051
841,LJC00957,LJC00957.jpg,9-57,51,38,〈塩味が〉うすい,LJC-M038Q051
842,LJC00958,LJC00958.jpg,9-58,51,38,〈塩味が〉うすい,LJC-M038Q051
843,LJC00959,LJC00959.jpg,9-59,51,38,〈塩味が〉うすい,LJC-M038Q051
844,LJC00960,LJC00960.jpg,9-60,51,38,〈塩味が〉うすい,LJC-M038Q051
845,LJC00961,LJC00961.jpg,9-61,51,38,〈塩味が〉うすい,LJC-M038Q051
846,LJC00962,LJC00962.jpg,9-62,51,38,〈塩味が〉うすい,LJC-M038Q051
847,LJC00963,LJC00963.jpg,9-63,51,38,〈塩味が〉うすい,LJC-M038Q051
848,LJC00964,LJC00964.jpg,9-64,49,39,しおからい (鹹い),LJC-M039Q049
849,LJC00965,LJC00965.jpg,9-65,49,39,しおからい (鹹い),LJC-M039Q049
850,LJC00966,LJC00966.jpg,9-66,49,39,しおからい (鹹い),LJC-M039Q049
851,LJC00967,LJC00967.jpg,9-67,49,39,しおからい (鹹い),LJC-M039Q049
852,LJC00968,LJC00968.jpg,9-68,49,39,しおからい (鹹い),LJC-M039Q049
853,LJC00969,LJC00969.jpg,9-69,49,39,しおからい (鹹い),LJC-M039Q049
854,LJC00970,LJC00970.jpg,9-70,49,39,しおからい (鹹い),LJC-M039Q049
855,LJC00971,LJC00971.jpg,9-71,49,39,しおからい (鹹い),LJC-M039Q049
856,LJC00972,LJC00972.jpg,9-72,49,39,しおからい (鹹い),LJC-M039Q049
857,LJC00973,LJC00973.jpg,9-73,49,39,しおからい (鹹い),LJC-M039Q049
858,LJC00974,LJC00974.jpg,9-74,49,39,しおからい (鹹い),LJC-M039Q049
859,LJC00975,LJC00975.jpg,9-75,49,39,しおからい (鹹い),LJC-M039Q049
860,LJC00976,LJC00976.jpg,9-76,49,39,しおからい (鹹い),LJC-M039Q049
861,LJC00977,LJC00977.jpg,9-77,49,39,しおからい (鹹い),LJC-M039Q049
862,LJC00978,LJC00978.jpg,9-78,49,39,しおからい (鹹い),LJC-M039Q049
863,LJC00979,LJC00979.jpg,9-79,49,39,しおからい (鹹い),LJC-M039Q049
864,LJC00980,LJC00980.jpg,9-80,49,39,しおからい (鹹い),LJC-M039Q049
865,LJC00981,LJC00981.jpg,9-81,49,39,しおからい (鹹い),LJC-M039Q049
866,LJC00982,LJC00982.jpg,9-82,49,39,しおからい (鹹い),LJC-M039Q049
867,LJC00983,LJC00983.jpg,9-83,49,39,しおからい (鹹い),LJC-M039Q049
868,LJC00984,LJC00984.jpg,9-84,49,39,しおからい (鹹い),LJC-M039Q049
869,LJC00985,LJC00985.jpg,9-85,49,39,しおからい (鹹い),LJC-M039Q049
870,LJC00986,LJC00986.jpg,9-86,49,39,しおからい (鹹い),LJC-M039Q049
871,LJC00987,LJC00987.jpg,9-87,49,39,しおからい (鹹い),LJC-M039Q049
872,LJC00988,LJC00988.jpg,9-88,49,39,しおからい (鹹い),LJC-M039Q049
873,LJC00989,LJC00989.jpg,9-89,49,39,しおからい (鹹い),LJC-M039Q049
874,LJC00990,LJC00990.jpg,9-90,49,39,しおからい (鹹い),LJC-M039Q049
875,LJC00991,LJC00991.jpg,9-91,49,39,しおからい (鹹い),LJC-M039Q049
876,LJC00992,LJC00992.jpg,9-92,49,39,しおからい (鹹い),LJC-M039Q049
877,LJC00993,LJC00993.jpg,9-93,49,39,しおからい (鹹い),LJC-M039Q049
878,LJC00994,LJC00994.jpg,9-94,49,39,しおからい (鹹い),LJC-M039Q049
879,LJC00995,LJC00995.jpg,9-95,49,39,しおからい (鹹い),LJC-M039Q049
880,LJC00996,LJC00996.jpg,9-96,49,39,しおからい (鹹い),LJC-M039Q049
881,LJC00997,LJC00997.jpg,9-97,49,39,しおからい (鹹い),LJC-M039Q049
882,LJC00998,LJC00998.jpg,9-98,49,39,しおからい (鹹い),LJC-M039Q049
883,LJC01001,LJC01001.jpg,10-1,49,39,しおからい (鹹い),LJC-M039Q049
884,LJC01002,LJC01002.jpg,10-2,50,40,からい (辛い),LJC-M040Q050
885,LJC01003,LJC01003.jpg,10-3,50,40,からい (辛い),LJC-M040Q050
886,LJC01004,LJC01004.jpg,10-4,50,40,からい (辛い),LJC-M040Q050
887,LJC01005,LJC01005.jpg,10-5,50,40,からい (辛い),LJC-M040Q050
888,LJC01006,LJC01006.jpg,10-6,50,40,からい (辛い),LJC-M040Q050
889,LJC01007,LJC01007.jpg,10-7,50,40,からい (辛い),LJC-M040Q050
890,LJC01008,LJC01008.jpg,10-8,50,40,からい (辛い),LJC-M040Q050
891,LJC01009,LJC01009.jpg,10-9,50,40,からい (辛い),LJC-M040Q050
892,LJC01010,LJC01010.jpg,10-10,50,40,からい (辛い),LJC-M040Q050
893,LJC01011,LJC01011.jpg,10-11,50,40,からい (辛い),LJC-M040Q050
894,LJC01012,LJC01012.jpg,10-12,50,40,からい (辛い),LJC-M040Q050
895,LJC01013,LJC01013.jpg,10-13,50,40,からい (辛い),LJC-M040Q050
896,LJC01014,LJC01014.jpg,10-14,50,40,からい (辛い),LJC-M040Q050
897,LJC01015,LJC01015.jpg,10-15,50,40,からい (辛い),LJC-M040Q050
898,LJC01016,LJC01016.jpg,10-16,50,40,からい (辛い),LJC-M040Q050
899,LJC01017,LJC01017.jpg,10-17,50,40,からい (辛い),LJC-M040Q050
900,LJC01018,LJC01018.jpg,10-18,50,40,からい (辛い),LJC-M040Q050
901,LJC01019,LJC01019.jpg,10-19,50,40,からい (辛い),LJC-M040Q050
902,LJC01020,LJC01020.jpg,10-20,53,41,すっぱい (酸っぱい),LJC-M041Q053
903,LJC01021,LJC01021.jpg,10-21,53,41,すっぱい (酸っぱい),LJC-M041Q053
904,LJC01022,LJC01022.jpg,10-22,53,41,すっぱい (酸っぱい),LJC-M041Q053
905,LJC01023,LJC01023.jpg,10-23,53,41,すっぱい (酸っぱい),LJC-M041Q053
906,LJC01024,LJC01024.jpg,10-24,53,41,すっぱい (酸っぱい),LJC-M041Q053
907,LJC01025,LJC01025.jpg,10-25,53,41,すっぱい (酸っぱい),LJC-M041Q053
908,LJC01026,LJC01026.jpg,10-26,53,41,すっぱい (酸っぱい),LJC-M041Q053
909,LJC01027,LJC01027.jpg,10-27,53,41,すっぱい (酸っぱい),LJC-M041Q053
910,LJC01028,LJC01028.jpg,10-28,53,41,すっぱい (酸っぱい),LJC-M041Q053
911,LJC01029,LJC01029.jpg,10-29,53,41,すっぱい (酸っぱい),LJC-M041Q053
912,LJC01030,LJC01030.jpg,10-30,53,41,すっぱい (酸っぱい),LJC-M041Q053
913,LJC01031,LJC01031.jpg,10-31,53,41,すっぱい (酸っぱい),LJC-M041Q053
914,LJC01032,LJC01032.jpg,10-32,53,41,すっぱい (酸っぱい),LJC-M041Q053
915,LJC01033,LJC01033.jpg,10-33,53,41,すっぱい (酸っぱい),LJC-M041Q053
916,LJC01034,LJC01034.jpg,10-34,53,41,すっぱい (酸っぱい),LJC-M041Q053
917,LJC01035,LJC01035.jpg,10-35,53,41,すっぱい (酸っぱい),LJC-M041Q053
918,LJC01036,LJC01036.jpg,10-36,53,41,すっぱい (酸っぱい),LJC-M041Q053
919,LJC01037,LJC01037.jpg,10-37,53,41,すっぱい (酸っぱい),LJC-M041Q053
920,LJC01038,LJC01038.jpg,10-38,53,41,すっぱい (酸っぱい),LJC-M041Q053
921,LJC01039,LJC01039.jpg,10-39,53,41,すっぱい (酸っぱい),LJC-M041Q053
922,LJC01040,LJC01040.jpg,10-40,53,41,すっぱい (酸っぱい),LJC-M041Q053
923,LJC01041,LJC01041.jpg,10-41,53,41,すっぱい (酸っぱい),LJC-M041Q053
924,LJC01042,LJC01042.jpg,10-42,53,41,すっぱい (酸っぱい),LJC-M041Q053
925,LJC01043,LJC01043.jpg,10-43,53,41,すっぱい (酸っぱい),LJC-M041Q053
926,LJC01044,LJC01044.jpg,10-44,53,41,すっぱい (酸っぱい),LJC-M041Q053
927,LJC01045,LJC01045.jpg,10-45,53,41,すっぱい (酸っぱい),LJC-M041Q053
928,LJC01046,LJC01046.jpg,10-46,53,41,すっぱい (酸っぱい),LJC-M041Q053
929,LJC01047,LJC01047.jpg,10-47,53,41,すっぱい (酸っぱい),LJC-M041Q053
930,LJC01048,LJC01048.jpg,10-48,53,41,すっぱい (酸っぱい),LJC-M041Q053
931,LJC01049,LJC01049.jpg,10-49,53,41,すっぱい (酸っぱい),LJC-M041Q053
932,LJC01050,LJC01050.jpg,10-50,53,41,すっぱい (酸っぱい),LJC-M041Q053
933,LJC01051,LJC01051.jpg,10-51,53,41,すっぱい (酸っぱい),LJC-M041Q053
934,LJC01052,LJC01052.jpg,10-52,53,41,すっぱい (酸っぱい),LJC-M041Q053
935,LJC01053,LJC01053.jpg,10-53,53,41,すっぱい (酸っぱい),LJC-M041Q053
936,LJC01054,LJC01054.jpg,10-54,53,41,すっぱい (酸っぱい),LJC-M041Q053
937,LJC01055,LJC01055.jpg,10-55,53,41,すっぱい (酸っぱい),LJC-M041Q053
938,LJC01056,LJC01056.jpg,10-56,53,41,すっぱい (酸っぱい),LJC-M041Q053
939,LJC01057,LJC01057.jpg,10-57,53,41,すっぱい (酸っぱい),LJC-M041Q053
940,LJC01058,LJC01058.jpg,10-58,53,41,すっぱい (酸っぱい),LJC-M041Q053
941,LJC01059,LJC01059.jpg,10-59,53,41,すっぱい (酸っぱい),LJC-M041Q053
942,LJC01060,LJC01060.jpg,10-60,53,41,すっぱい (酸っぱい),LJC-M041Q053
943,LJC01061,LJC01061.jpg,10-61,53,41,すっぱい (酸っぱい),LJC-M041Q053
944,LJC01062,LJC01062.jpg,10-62,53,41,すっぱい (酸っぱい),LJC-M041Q053
945,LJC01063,LJC01063.jpg,10-63,53,41,すっぱい (酸っぱい),LJC-M041Q053
946,LJC01064,LJC01064.jpg,10-64,206,43,コワイを“恐ろしい”の意味で使うか,LJC-M043Q206
947,LJC01065,LJC01065.jpg,10-65,206,43,コワイを“恐ろしい”の意味で使うか,LJC-M043Q206
948,LJC01066,LJC01066.jpg,10-66,206,43,コワイを“恐ろしい”の意味で使うか,LJC-M043Q206
949,LJC01067,LJC01067.jpg,10-67,206,43,コワイを“恐ろしい”の意味で使うか,LJC-M043Q206
950,LJC01068,LJC01068.jpg,10-68,206,43,コワイを“恐ろしい”の意味で使うか,LJC-M043Q206
951,LJC01069,LJC01069.jpg,10-69,206,43,コワイを“恐ろしい”の意味で使うか,LJC-M043Q206
952,LJC01070,LJC01070.jpg,10-70,206,43,コワイを“恐ろしい”の意味で使うか,LJC-M043Q206
953,LJC01071,LJC01071.jpg,10-71,206,43,コワイを“恐ろしい”の意味で使うか,LJC-M043Q206
954,LJC01072,LJC01072.jpg,10-72,206,43,コワイを“恐ろしい”の意味で使うか,LJC-M043Q206
955,LJC01073,LJC01073.jpg,10-73,206,43,コワイを“恐ろしい”の意味で使うか,LJC-M043Q206
956,LJC01074,LJC01074.jpg,10-74,206,43,コワイを“恐ろしい”の意味で使うか,LJC-M043Q206
957,LJC01075,LJC01075.jpg,10-75,206,43,コワイを“恐ろしい”の意味で使うか,LJC-M043Q206
958,LJC01076,LJC01076.jpg,10-76,206,43,コワイを“恐ろしい”の意味で使うか,LJC-M043Q206
959,LJC01077,LJC01077.jpg,10-77,206,43,コワイを“恐ろしい”の意味で使うか,LJC-M043Q206
960,LJC01078,LJC01078.jpg,10-78,206,43,コワイを“恐ろしい”の意味で使うか,LJC-M043Q206
961,LJC01079,LJC01079.jpg,10-79,206,43,コワイを“恐ろしい”の意味で使うか,LJC-M043Q206
962,LJC01080,LJC01080.jpg,10-80,206,43,コワイを“恐ろしい”の意味で使うか,LJC-M043Q206
963,LJC01081,LJC01081.jpg,10-81,206,43,コワイを“恐ろしい”の意味で使うか,LJC-M043Q206
964,LJC01082,LJC01082.jpg,10-82,206,43,コワイを“恐ろしい”の意味で使うか,LJC-M043Q206
965,LJC01083,LJC01083.jpg,10-83,206,43,コワイを“恐ろしい”の意味で使うか,LJC-M043Q206
966,LJC01084,LJC01084.jpg,10-84,206,43,コワイを“恐ろしい”の意味で使うか,LJC-M043Q206
967,LJC01085,LJC01085.jpg,10-85,206,43,コワイを“恐ろしい”の意味で使うか,LJC-M043Q206
968,LJC01086,LJC01086.jpg,10-86,206,43,コワイを“恐ろしい”の意味で使うか,LJC-M043Q206
969,LJC01087,LJC01087.jpg,10-87,206,43,コワイを“恐ろしい”の意味で使うか,LJC-M043Q206
970,LJC01088,LJC01088.jpg,10-88,206,43,コワイを“恐ろしい”の意味で使うか,LJC-M043Q206
971,LJC01089,LJC01089.jpg,10-89,206,43,コワイを“恐ろしい”の意味で使うか,LJC-M043Q206
972,LJC01090,LJC01090.jpg,10-90,206,43,コワイを“恐ろしい”の意味で使うか,LJC-M043Q206
973,LJC01091,LJC01091.jpg,10-91,206,43,コワイを“恐ろしい”の意味で使うか,LJC-M043Q206
974,LJC01092,LJC01092.jpg,10-92,206,43,コワイを“恐ろしい”の意味で使うか,LJC-M043Q206
975,LJC01093,LJC01093.jpg,10-93,206,43,コワイを“恐ろしい”の意味で使うか,LJC-M043Q206
976,LJC01094,LJC01094.jpg,10-94,206,43,コワイを“恐ろしい”の意味で使うか,LJC-M043Q206
977,LJC01095,LJC01095.jpg,10-95,206,43,コワイを“恐ろしい”の意味で使うか,LJC-M043Q206
978,LJC01096,LJC01096.jpg,10-96,206,43,コワイを“恐ろしい”の意味で使うか,LJC-M043Q206
979,LJC01097,LJC01097.jpg,10-97,206,43,コワイを“恐ろしい”の意味で使うか,LJC-M043Q206
980,LJC01098,LJC01098.jpg,10-98,206,43,コワイを“恐ろしい”の意味で使うか,LJC-M043Q206
981,LJC01101,LJC01101.jpg,11-1,206,43,コワイを“恐ろしい”の意味で使うか,LJC-M043Q206
982,LJC01102,LJC01102.jpg,11-2,206,43,コワイを“恐ろしい”の意味で使うか,LJC-M043Q206
983,LJC01103,LJC01103.jpg,11-3,206,43,コワイを“恐ろしい”の意味で使うか,LJC-M043Q206
984,LJC01104,LJC01104.jpg,11-4,206,43,コワイを“恐ろしい”の意味で使うか,LJC-M043Q206
985,LJC01105,LJC01105.jpg,11-5,206,43,コワイを“恐ろしい”の意味で使うか,LJC-M043Q206
986,LJC01106,LJC01106.jpg,11-6,206,43,コワイを“恐ろしい”の意味で使うか,LJC-M043Q206
987,LJC01107,LJC01107.jpg,11-7,206,43,コワイを“恐ろしい”の意味で使うか,LJC-M043Q206
988,LJC01108,LJC01108.jpg,11-8,206,43,コワイを“恐ろしい”の意味で使うか,LJC-M043Q206
989,LJC01109,LJC01109.jpg,11-9,206,43,コワイを“恐ろしい”の意味で使うか,LJC-M043Q206
990,LJC01110,LJC01110.jpg,11-10,206,43,コワイを“恐ろしい”の意味で使うか,LJC-M043Q206
991,LJC01111,LJC01111.jpg,11-11,206,43,コワイを“恐ろしい”の意味で使うか,LJC-M043Q206
992,LJC01112,LJC01112.jpg,11-12,206,43,コワイを“恐ろしい”の意味で使うか,LJC-M043Q206
993,LJC01113,LJC01113.jpg,11-13,206,43,コワイを“恐ろしい”の意味で使うか,LJC-M043Q206
994,LJC01114,LJC01114.jpg,11-14,206,43,コワイを“恐ろしい”の意味で使うか,LJC-M043Q206
995,LJC01115,LJC01115.jpg,11-15,206,43,コワイを“恐ろしい”の意味で使うか,LJC-M043Q206
996,LJC01116,LJC01116.jpg,11-16,206,43,コワイを“恐ろしい”の意味で使うか,LJC-M043Q206
997,LJC01117,LJC01117.jpg,11-17,206,43,コワイを“恐ろしい”の意味で使うか,LJC-M043Q206
998,LJC01118,LJC01118.jpg,11-18,206,43,コワイを“恐ろしい”の意味で使うか,LJC-M043Q206
999,LJC01119,LJC01119.jpg,11-19,206,43,コワイを“恐ろしい”の意味で使うか,LJC-M043Q206
1000,LJC01120,LJC01120.jpg,11-20,206,43,コワイを“恐ろしい”の意味で使うか,LJC-M043Q206
1001,LJC01121,LJC01121.jpg,11-21,206,43,コワイを“恐ろしい”の意味で使うか,LJC-M043Q206
1002,LJC01122,LJC01122.jpg,11-22,206,43,コワイを“恐ろしい”の意味で使うか,LJC-M043Q206
1003,LJC01123,LJC01123.jpg,11-23,206,43,コワイを“恐ろしい”の意味で使うか,LJC-M043Q206
1004,LJC01124,LJC01124.jpg,11-24,206,43,コワイを“恐ろしい”の意味で使うか,LJC-M043Q206
1005,LJC01125,LJC01125.jpg,11-25,206,43,コワイを“恐ろしい”の意味で使うか,LJC-M043Q206
1006,LJC01126,LJC01126.jpg,11-26,206,43,コワイを“恐ろしい”の意味で使うか,LJC-M043Q206
1007,LJC01127,LJC01127.jpg,11-27,204,44,コワイを“疲れた”の意味で使うか,LJC-M044Q204
1008,LJC01128,LJC01128.jpg,11-28,204,44,コワイを“疲れた”の意味で使うか,LJC-M044Q204
1009,LJC01129,LJC01129.jpg,11-29,204,44,コワイを“疲れた”の意味で使うか,LJC-M044Q204
1010,LJC01130,LJC01130.jpg,11-30,204,44,コワイを“疲れた”の意味で使うか,LJC-M044Q204
1011,LJC01131,LJC01131.jpg,11-31,204,44,コワイを“疲れた”の意味で使うか,LJC-M044Q204
1012,LJC01132,LJC01132.jpg,11-32,204,44,コワイを“疲れた”の意味で使うか,LJC-M044Q204
1013,LJC01133,LJC01133.jpg,11-33,204,44,コワイを“疲れた”の意味で使うか,LJC-M044Q204
1014,LJC01134,LJC01134.jpg,11-34,204,44,コワイを“疲れた”の意味で使うか,LJC-M044Q204
1015,LJC01135,LJC01135.jpg,11-35,204,44,コワイを“疲れた”の意味で使うか,LJC-M044Q204
1016,LJC01136,LJC01136.jpg,11-36,204,44,コワイを“疲れた”の意味で使うか,LJC-M044Q204
1017,LJC01137,LJC01137.jpg,11-37,204,44,コワイを“疲れた”の意味で使うか,LJC-M044Q204
1018,LJC01138,LJC01138.jpg,11-38,204,44,コワイを“疲れた”の意味で使うか,LJC-M044Q204
1019,LJC01139,LJC01139.jpg,11-39,204,44,コワイを“疲れた”の意味で使うか,LJC-M044Q204
1020,LJC01140,LJC01140.jpg,11-40,204,44,コワイを“疲れた”の意味で使うか,LJC-M044Q204
1021,LJC01141,LJC01141.jpg,11-41,204,44,コワイを“疲れた”の意味で使うか,LJC-M044Q204
1022,LJC01142,LJC01142.jpg,11-42,204,44,コワイを“疲れた”の意味で使うか,LJC-M044Q204
1023,LJC01143,LJC01143.jpg,11-43,204,44,コワイを“疲れた”の意味で使うか,LJC-M044Q204
1024,LJC01144,LJC01144.jpg,11-44,204,44,コワイを“疲れた”の意味で使うか,LJC-M044Q204
1025,LJC01145,LJC01145.jpg,11-45,204,44,コワイを“疲れた”の意味で使うか,LJC-M044Q204
1026,LJC01146,LJC01146.jpg,11-46,204,44,コワイを“疲れた”の意味で使うか,LJC-M044Q204
1027,LJC01147,LJC01147.jpg,11-47,204,44,コワイを“疲れた”の意味で使うか,LJC-M044Q204
1028,LJC01148,LJC01148.jpg,11-48,204,44,コワイを“疲れた”の意味で使うか,LJC-M044Q204
1029,LJC01149,LJC01149.jpg,11-49,204,44,コワイを“疲れた”の意味で使うか,LJC-M044Q204
1030,LJC01150,LJC01150.jpg,11-50,204,44,コワイを“疲れた”の意味で使うか,LJC-M044Q204
1031,LJC01151,LJC01151.jpg,11-51,204,44,コワイを“疲れた”の意味で使うか,LJC-M044Q204
1032,LJC01152,LJC01152.jpg,11-52,204,44,コワイを“疲れた”の意味で使うか,LJC-M044Q204
1033,LJC01153,LJC01153.jpg,11-53,204,44,コワイを“疲れた”の意味で使うか,LJC-M044Q204
1034,LJC01154,LJC01154.jpg,11-54,204,44,コワイを“疲れた”の意味で使うか,LJC-M044Q204
1035,LJC01155,LJC01155.jpg,11-55,204,44,コワイを“疲れた”の意味で使うか,LJC-M044Q204
1036,LJC01156,LJC01156.jpg,11-56,204,44,コワイを“疲れた”の意味で使うか,LJC-M044Q204
1037,LJC01157,LJC01157.jpg,11-57,204,44,コワイを“疲れた”の意味で使うか,LJC-M044Q204
1038,LJC01158,LJC01158.jpg,11-58,204,44,コワイを“疲れた”の意味で使うか,LJC-M044Q204
1039,LJC01159,LJC01159.jpg,11-59,204,44,コワイを“疲れた”の意味で使うか,LJC-M044Q204
1040,LJC01160,LJC01160.jpg,11-60,204,44,コワイを“疲れた”の意味で使うか,LJC-M044Q204
1041,LJC01161,LJC01161.jpg,11-61,204,44,コワイを“疲れた”の意味で使うか,LJC-M044Q204
1042,LJC01162,LJC01162.jpg,11-62,204,44,コワイを“疲れた”の意味で使うか,LJC-M044Q204
1043,LJC01163,LJC01163.jpg,11-63,204,44,コワイを“疲れた”の意味で使うか,LJC-M044Q204
1044,LJC01164,LJC01164.jpg,11-64,204,44,コワイを“疲れた”の意味で使うか,LJC-M044Q204
1045,LJC01165,LJC01165.jpg,11-65,204,44,コワイを“疲れた”の意味で使うか,LJC-M044Q204
1046,LJC01166,LJC01166.jpg,11-66,204,44,コワイを“疲れた”の意味で使うか,LJC-M044Q204
1047,LJC01167,LJC01167.jpg,11-67,204,44,コワイを“疲れた”の意味で使うか,LJC-M044Q204
1048,LJC01168,LJC01168.jpg,11-68,204,44,コワイを“疲れた”の意味で使うか,LJC-M044Q204
1049,LJC01169,LJC01169.jpg,11-69,204,44,コワイを“疲れた”の意味で使うか,LJC-M044Q204
1050,LJC01170,LJC01170.jpg,11-70,204,44,コワイを“疲れた”の意味で使うか,LJC-M044Q204
1051,LJC01171,LJC01171.jpg,11-71,204,44,コワイを“疲れた”の意味で使うか,LJC-M044Q204
1052,LJC01172,LJC01172.jpg,11-72,270,"045, 046",いい〈天気だ〉,LJC-M045Q270
1053,LJC01173,LJC01173.jpg,11-73,270,"045, 046",いい〈天気だ〉,LJC-M045Q270
1054,LJC01174,LJC01174.jpg,11-74,270,"045, 046",いい〈天気だ〉,LJC-M045Q270
1055,LJC01175,LJC01175.jpg,11-75,270,"045, 046",いい〈天気だ〉,LJC-M045Q270
1056,LJC01176,LJC01176.jpg,11-76,270,"045, 046",いい〈天気だ〉,LJC-M045Q270
1057,LJC01177,LJC01177.jpg,11-77,270,"045, 046",いい〈天気だ〉,LJC-M045Q270
1058,LJC01178,LJC01178.jpg,11-78,270,"045, 046",いい〈天気だ〉,LJC-M045Q270
1059,LJC01179,LJC01179.jpg,11-79,270,"045, 046",いい〈天気だ〉,LJC-M045Q270
1060,LJC01180,LJC01180.jpg,11-80,270,"045, 046",いい〈天気だ〉,LJC-M045Q270
1061,LJC01181,LJC01181.jpg,11-81,270,"045, 046",いい〈天気だ〉,LJC-M045Q270
1062,LJC01182,LJC01182.jpg,11-82,270,"045, 046",いい〈天気だ〉,LJC-M045Q270
1063,LJC01183,LJC01183.jpg,11-83,270,"045, 046",いい〈天気だ〉,LJC-M045Q270
1064,LJC01184,LJC01184.jpg,11-84,250,47,〈虹が〉きれいだ,LJC-M047Q250
1065,LJC01185,LJC01185.jpg,11-85,250,47,〈虹が〉きれいだ,LJC-M047Q250
1066,LJC01186,LJC01186.jpg,11-86,250,47,〈虹が〉きれいだ,LJC-M047Q250
1067,LJC01187,LJC01187.jpg,11-87,250,47,〈虹が〉きれいだ,LJC-M047Q250
1068,LJC01188,LJC01188.jpg,11-88,250,47,〈虹が〉きれいだ,LJC-M047Q250
1069,LJC01189,LJC01189.jpg,11-89,250,47,〈虹が〉きれいだ,LJC-M047Q250
1070,LJC01190,LJC01190.jpg,11-90,250,47,〈虹が〉きれいだ,LJC-M047Q250
1071,LJC01191,LJC01191.jpg,11-91,250,47,〈虹が〉きれいだ,LJC-M047Q250
1072,LJC01192,LJC01192.jpg,11-92,250,47,〈虹が〉きれいだ,LJC-M047Q250
1073,LJC01193,LJC01193.jpg,11-93,250,47,〈虹が〉きれいだ,LJC-M047Q250
1074,LJC01194,LJC01194.jpg,11-94,250,47,〈虹が〉きれいだ,LJC-M047Q250
1075,LJC01195,LJC01195.jpg,11-95,250,47,〈虹が〉きれいだ,LJC-M047Q250
1076,LJC01196,LJC01196.jpg,11-96,250,47,〈虹が〉きれいだ,LJC-M047Q250
1077,LJC01197,LJC01197.jpg,11-97,249,48,きれいに〈掃除する〉,LJC-M048Q249
1078,LJC01198,LJC01198.jpg,11-98,249,48,きれいに〈掃除する〉,LJC-M048Q249
1079,LJC01201,LJC01201.jpg,12-1,249,48,きれいに〈掃除する〉,LJC-M048Q249
1080,LJC01202,LJC01202.jpg,12-2,249,48,きれいに〈掃除する〉,LJC-M048Q249
1081,LJC01203,LJC01203.jpg,12-3,249,48,きれいに〈掃除する〉,LJC-M048Q249
1082,LJC01204,LJC01204.jpg,12-4,249,48,きれいに〈掃除する〉,LJC-M048Q249
1083,LJC01205,LJC01205.jpg,12-5,249,48,きれいに〈掃除する〉,LJC-M048Q249
1084,LJC01206,LJC01206.jpg,12-6,249,48,きれいに〈掃除する〉,LJC-M048Q249
1085,LJC01207,LJC01207.jpg,12-7,249,48,きれいに〈掃除する〉,LJC-M048Q249
1086,LJC01208,LJC01208.jpg,12-8,249,48,きれいに〈掃除する〉,LJC-M048Q249
1087,LJC01209,LJC01209.jpg,12-9,249,48,きれいに〈掃除する〉,LJC-M048Q249
1088,LJC01210,LJC01210.jpg,12-10,249,48,きれいに〈掃除する〉,LJC-M048Q249
1089,LJC01211,LJC01211.jpg,12-11,249,48,きれいに〈掃除する〉,LJC-M048Q249
1090,LJC01212,LJC01212.jpg,12-12,249,48,きれいに〈掃除する〉,LJC-M048Q249
1091,LJC01213,LJC01213.jpg,12-13,249,48,きれいに〈掃除する〉,LJC-M048Q249
1092,LJC01214,LJC01214.jpg,12-14,249,48,きれいに〈掃除する〉,LJC-M048Q249
1093,LJC01215,LJC01215.jpg,12-15,249,48,きれいに〈掃除する〉,LJC-M048Q249
1094,LJC01216,LJC01216.jpg,12-16,249,48,きれいに〈掃除する〉,LJC-M048Q249
1095,LJC01217,LJC01217.jpg,12-17,16,49,いくつ (個数),LJC-M049Q016
1096,LJC01218,LJC01218.jpg,12-18,16,49,いくつ (個数),LJC-M049Q016
1097,LJC01219,LJC01219.jpg,12-19,16,49,いくつ (個数),LJC-M049Q016
1098,LJC01220,LJC01220.jpg,12-20,16,49,いくつ (個数),LJC-M049Q016
1099,LJC01221,LJC01221.jpg,12-21,16,49,いくつ (個数),LJC-M049Q016
1100,LJC01222,LJC01222.jpg,12-22,16,49,いくつ (個数),LJC-M049Q016
1101,LJC01223,LJC01223.jpg,12-23,16,49,いくつ (個数),LJC-M049Q016
1102,LJC01224,LJC01224.jpg,12-24,16,49,いくつ (個数),LJC-M049Q016
1103,LJC01225,LJC01225.jpg,12-25,16,49,いくつ (個数),LJC-M049Q016
1104,LJC01226,LJC01226.jpg,12-26,16,49,いくつ (個数),LJC-M049Q016
1105,LJC01227,LJC01227.jpg,12-27,16,49,いくつ (個数),LJC-M049Q016
1106,LJC01228,LJC01228.jpg,12-28,16,49,いくつ (個数),LJC-M049Q016
1107,LJC01229,LJC01229.jpg,12-29,16,49,いくつ (個数),LJC-M049Q016
1108,LJC01230,LJC01230.jpg,12-30,16,49,いくつ (個数),LJC-M049Q016
1109,LJC01231,LJC01231.jpg,12-31,16,49,いくつ (個数),LJC-M049Q016
1110,LJC01232,LJC01232.jpg,12-32,16,49,いくつ (個数),LJC-M049Q016
1111,LJC01233,LJC01233.jpg,12-33,16,49,いくつ (個数),LJC-M049Q016
1112,LJC01234,LJC01234.jpg,12-34,16,49,いくつ (個数),LJC-M049Q016
1113,LJC01235,LJC01235.jpg,12-35,16,49,いくつ (個数),LJC-M049Q016
1114,LJC01236,LJC01236.jpg,12-36,16,49,いくつ (個数),LJC-M049Q016
1115,LJC01237,LJC01237.jpg,12-37,16,49,いくつ (個数),LJC-M049Q016
1116,LJC01238,LJC01238.jpg,12-38,16,49,いくつ (個数),LJC-M049Q016
1117,LJC01239,LJC01239.jpg,12-39,16,49,いくつ (個数),LJC-M049Q016
1118,LJC01240,LJC01240.jpg,12-40,16,49,いくつ (個数),LJC-M049Q016
1119,LJC01241,LJC01241.jpg,12-41,16,49,いくつ (個数),LJC-M049Q016
1120,LJC01242,LJC01242.jpg,12-42,16,49,いくつ (個数),LJC-M049Q016
1121,LJC01243,LJC01243.jpg,12-43,16,49,いくつ (個数),LJC-M049Q016
1122,LJC01244,LJC01244.jpg,12-44,16,49,いくつ (個数),LJC-M049Q016
1123,LJC01245,LJC01245.jpg,12-45,16,49,いくつ (個数),LJC-M049Q016
1124,LJC01246,LJC01246.jpg,12-46,16,49,いくつ (個数),LJC-M049Q016
1125,LJC01247,LJC01247.jpg,12-47,16,49,いくつ (個数),LJC-M049Q016
1126,LJC01248,LJC01248.jpg,12-48,16,49,いくつ (個数),LJC-M049Q016
1127,LJC01249,LJC01249.jpg,12-49,16,49,いくつ (個数),LJC-M049Q016
1128,LJC01250,LJC01250.jpg,12-50,15,50,いくら (値段),LJC-M050Q015
1129,LJC01251,LJC01251.jpg,12-51,15,50,いくら (値段),LJC-M050Q015
1130,LJC01252,LJC01252.jpg,12-52,15,50,いくら (値段),LJC-M050Q015
1131,LJC01253,LJC01253.jpg,12-53,15,50,いくら (値段),LJC-M050Q015
1132,LJC01254,LJC01254.jpg,12-54,15,50,いくら (値段),LJC-M050Q015
1133,LJC01255,LJC01255.jpg,12-55,15,50,いくら (値段),LJC-M050Q015
1134,LJC01256,LJC01256.jpg,12-56,15,50,いくら (値段),LJC-M050Q015
1135,LJC01257,LJC01257.jpg,12-57,15,50,いくら (値段),LJC-M050Q015
1136,LJC01258,LJC01258.jpg,12-58,15,50,いくら (値段),LJC-M050Q015
1137,LJC01259,LJC01259.jpg,12-59,15,50,いくら (値段),LJC-M050Q015
1138,LJC01260,LJC01260.jpg,12-60,15,50,いくら (値段),LJC-M050Q015
1139,LJC01261,LJC01261.jpg,12-61,15,50,いくら (値段),LJC-M050Q015
1140,LJC01262,LJC01262.jpg,12-62,15,50,いくら (値段),LJC-M050Q015
1141,LJC01263,LJC01263.jpg,12-63,15,50,いくら (値段),LJC-M050Q015
1142,LJC01264,LJC01264.jpg,12-64,15,50,いくら (値段),LJC-M050Q015
1143,LJC01265,LJC01265.jpg,12-65,15,50,いくら (値段),LJC-M050Q015
1144,LJC01266,LJC01266.jpg,12-66,15,50,いくら (値段),LJC-M050Q015
1145,LJC01267,LJC01267.jpg,12-67,15,50,いくら (値段),LJC-M050Q015
1146,LJC01268,LJC01268.jpg,12-68,15,50,いくら (値段),LJC-M050Q015
1147,LJC01269,LJC01269.jpg,12-69,15,50,いくら (値段),LJC-M050Q015
1148,LJC01270,LJC01270.jpg,12-70,15,50,いくら (値段),LJC-M050Q015
1149,LJC01271,LJC01271.jpg,12-71,15,50,いくら (値段),LJC-M050Q015
1150,LJC01272,LJC01272.jpg,12-72,15,50,いくら (値段),LJC-M050Q015
1151,LJC01273,LJC01273.jpg,12-73,15,50,いくら (値段),LJC-M050Q015
1152,LJC01274,LJC01274.jpg,12-74,15,50,いくら (値段),LJC-M050Q015
1153,LJC01275,LJC01275.jpg,12-75,15,50,いくら (値段),LJC-M050Q015
1154,LJC01276,LJC01276.jpg,12-76,15,50,いくら (値段),LJC-M050Q015
1155,LJC01277,LJC01277.jpg,12-77,15,50,いくら (値段),LJC-M050Q015
1156,LJC01278,LJC01278.jpg,12-78,15,50,いくら (値段),LJC-M050Q015
1157,LJC01279,LJC01279.jpg,12-79,15,50,いくら (値段),LJC-M050Q015
1158,LJC01280,LJC01280.jpg,12-80,15,50,いくら (値段),LJC-M050Q015
1159,LJC01281,LJC01281.jpg,12-81,15,50,いくら (値段),LJC-M050Q015
1160,LJC01282,LJC01282.jpg,12-82,15,50,いくら (値段),LJC-M050Q015
1161,LJC01283,LJC01283.jpg,12-83,15,50,いくら (値段),LJC-M050Q015
1162,LJC01284,LJC01284.jpg,12-84,15,50,いくら (値段),LJC-M050Q015
1163,LJC01285,LJC01285.jpg,12-85,15,50,いくら (値段),LJC-M050Q015
1164,LJC01286,LJC01286.jpg,12-86,15,50,いくら (値段),LJC-M050Q015
1165,LJC01287,LJC01287.jpg,12-87,15,50,いくら (値段),LJC-M050Q015
1166,LJC01288,LJC01288.jpg,12-88,71,52,あぐら (胡座) をかく,LJC-M052Q071
1167,LJC01289,LJC01289.jpg,12-89,71,52,あぐら (胡座) をかく,LJC-M052Q071
1168,LJC01290,LJC01290.jpg,12-90,71,52,あぐら (胡座) をかく,LJC-M052Q071
1169,LJC01291,LJC01291.jpg,12-91,71,52,あぐら (胡座) をかく,LJC-M052Q071
1170,LJC01292,LJC01292.jpg,12-92,71,52,あぐら (胡座) をかく,LJC-M052Q071
1171,LJC01293,LJC01293.jpg,12-93,71,52,あぐら (胡座) をかく,LJC-M052Q071
1172,LJC01294,LJC01294.jpg,12-94,71,52,あぐら (胡座) をかく,LJC-M052Q071
1173,LJC01295,LJC01295.jpg,12-95,71,52,あぐら (胡座) をかく,LJC-M052Q071
1174,LJC01296,LJC01296.jpg,12-96,71,52,あぐら (胡座) をかく,LJC-M052Q071
1175,LJC01297,LJC01297.jpg,12-97,71,52,あぐら (胡座) をかく,LJC-M052Q071
1176,LJC01298,LJC01298.jpg,12-98,71,52,あぐら (胡座) をかく,LJC-M052Q071
1177,LJC01301,LJC01301.jpg,13-1,71,52,あぐら (胡座) をかく,LJC-M052Q071
1178,LJC01302,LJC01302.jpg,13-2,71,52,あぐら (胡座) をかく,LJC-M052Q071
1179,LJC01303,LJC01303.jpg,13-3,71,52,あぐら (胡座) をかく,LJC-M052Q071
1180,LJC01304,LJC01304.jpg,13-4,71,52,あぐら (胡座) をかく,LJC-M052Q071
1181,LJC01305,LJC01305.jpg,13-5,71,52,あぐら (胡座) をかく,LJC-M052Q071
1182,LJC01306,LJC01306.jpg,13-6,71,52,あぐら (胡座) をかく,LJC-M052Q071
1183,LJC01307,LJC01307.jpg,13-7,71,52,あぐら (胡座) をかく,LJC-M052Q071
1184,LJC01308,LJC01308.jpg,13-8,71,52,あぐら (胡座) をかく,LJC-M052Q071
1185,LJC01309,LJC01309.jpg,13-9,71,52,あぐら (胡座) をかく,LJC-M052Q071
1186,LJC01310,LJC01310.jpg,13-10,71,52,あぐら (胡座) をかく,LJC-M052Q071
1187,LJC01311,LJC01311.jpg,13-11,71,52,あぐら (胡座) をかく,LJC-M052Q071
1188,LJC01312,LJC01312.jpg,13-12,71,52,あぐら (胡座) をかく,LJC-M052Q071
1189,LJC01313,LJC01313.jpg,13-13,71,52,あぐら (胡座) をかく,LJC-M052Q071
1190,LJC01314,LJC01314.jpg,13-14,71,52,あぐら (胡座) をかく,LJC-M052Q071
1191,LJC01315,LJC01315.jpg,13-15,71,52,あぐら (胡座) をかく,LJC-M052Q071
1192,LJC01316,LJC01316.jpg,13-16,71,52,あぐら (胡座) をかく,LJC-M052Q071
1193,LJC01317,LJC01317.jpg,13-17,71,52,あぐら (胡座) をかく,LJC-M052Q071
1194,LJC01318,LJC01318.jpg,13-18,71,52,あぐら (胡座) をかく,LJC-M052Q071
1195,LJC01319,LJC01319.jpg,13-19,71,52,あぐら (胡座) をかく,LJC-M052Q071
1196,LJC01320,LJC01320.jpg,13-20,71,52,あぐら (胡座) をかく,LJC-M052Q071
1197,LJC01321,LJC01321.jpg,13-21,71,52,あぐら (胡座) をかく,LJC-M052Q071
1198,LJC01322,LJC01322.jpg,13-22,71,52,あぐら (胡座) をかく,LJC-M052Q071
1199,LJC01323,LJC01323.jpg,13-23,71,52,あぐら (胡座) をかく,LJC-M052Q071
1200,LJC01324,LJC01324.jpg,13-24,71,52,あぐら (胡座) をかく,LJC-M052Q071
1201,LJC01325,LJC01325.jpg,13-25,71,52,あぐら (胡座) をかく,LJC-M052Q071
1202,LJC01326,LJC01326.jpg,13-26,71,52,あぐら (胡座) をかく,LJC-M052Q071
1203,LJC01327,LJC01327.jpg,13-27,71,52,あぐら (胡座) をかく,LJC-M052Q071
1204,LJC01328,LJC01328.jpg,13-28,71,52,あぐら (胡座) をかく,LJC-M052Q071
1205,LJC01329,LJC01329.jpg,13-29,71,52,あぐら (胡座) をかく,LJC-M052Q071
1206,LJC01330,LJC01330.jpg,13-30,71,52,あぐら (胡座) をかく,LJC-M052Q071
1207,LJC01331,LJC01331.jpg,13-31,71,52,あぐら (胡座) をかく,LJC-M052Q071
1208,LJC01332,LJC01332.jpg,13-32,71,52,あぐら (胡座) をかく,LJC-M052Q071
1209,LJC01333,LJC01333.jpg,13-33,71,52,あぐら (胡座) をかく,LJC-M052Q071
1210,LJC01334,LJC01334.jpg,13-34,71,52,あぐら (胡座) をかく,LJC-M052Q071
1211,LJC01335,LJC01335.jpg,13-35,71,52,あぐら (胡座) をかく,LJC-M052Q071
1212,LJC01336,LJC01336.jpg,13-36,71,52,あぐら (胡座) をかく,LJC-M052Q071
1213,LJC01337,LJC01337.jpg,13-37,71,52,あぐら (胡座) をかく,LJC-M052Q071
1214,LJC01338,LJC01338.jpg,13-38,71,52,あぐら (胡座) をかく,LJC-M052Q071
1215,LJC01339,LJC01339.jpg,13-39,71,52,あぐら (胡座) をかく,LJC-M052Q071
1216,LJC01340,LJC01340.jpg,13-40,71,52,あぐら (胡座) をかく,LJC-M052Q071
1217,LJC01341,LJC01341.jpg,13-41,71,52,あぐら (胡座) をかく,LJC-M052Q071
1218,LJC01342,LJC01342.jpg,13-42,71,52,あぐら (胡座) をかく,LJC-M052Q071
1219,LJC01343,LJC01343.jpg,13-43,71,52,あぐら (胡座) をかく,LJC-M052Q071
1220,LJC01344,LJC01344.jpg,13-44,71,52,あぐら (胡座) をかく,LJC-M052Q071
1221,LJC01345,LJC01345.jpg,13-45,71,52,あぐら (胡座) をかく,LJC-M052Q071
1222,LJC01346,LJC01346.jpg,13-46,71,52,あぐら (胡座) をかく,LJC-M052Q071
1223,LJC01347,LJC01347.jpg,13-47,71,52,あぐら (胡座) をかく,LJC-M052Q071
1224,LJC01348,LJC01348.jpg,13-48,71,52,あぐら (胡座) をかく,LJC-M052Q071
1225,LJC01349,LJC01349.jpg,13-49,71,52,あぐら (胡座) をかく,LJC-M052Q071
1226,LJC01350,LJC01350.jpg,13-50,71,52,あぐら (胡座) をかく,LJC-M052Q071
1227,LJC01351,LJC01351.jpg,13-51,71,52,あぐら (胡座) をかく,LJC-M052Q071
1228,LJC01352,LJC01352.jpg,13-52,268,53,いる (居る),LJC-M053Q268
1229,LJC01353,LJC01353.jpg,13-53,268,53,いる (居る),LJC-M053Q268
1230,LJC01354,LJC01354.jpg,13-54,268,53,いる (居る),LJC-M053Q268
1231,LJC01355,LJC01355.jpg,13-55,268,53,いる (居る),LJC-M053Q268
1232,LJC01356,LJC01356.jpg,13-56,268,53,いる (居る),LJC-M053Q268
1233,LJC01357,LJC01357.jpg,13-57,268,53,いる (居る),LJC-M053Q268
1234,LJC01358,LJC01358.jpg,13-58,268,53,いる (居る),LJC-M053Q268
1235,LJC01359,LJC01359.jpg,13-59,268,53,いる (居る),LJC-M053Q268
1236,LJC01360,LJC01360.jpg,13-60,268,53,いる (居る),LJC-M053Q268
1237,LJC01361,LJC01361.jpg,13-61,87,"054, 055",かたあしとび (片足跳び) をする,LJC-M054Q087
1238,LJC01362,LJC01362.jpg,13-62,87,"054, 055",かたあしとび (片足跳び) をする,LJC-M054Q087
1239,LJC01363,LJC01363.jpg,13-63,87,"054, 055",かたあしとび (片足跳び) をする,LJC-M054Q087
1240,LJC01364,LJC01364.jpg,13-64,87,"054, 055",かたあしとび (片足跳び) をする,LJC-M054Q087
1241,LJC01365,LJC01365.jpg,13-65,87,"054, 055",かたあしとび (片足跳び) をする,LJC-M054Q087
1242,LJC01366,LJC01366.jpg,13-66,87,"054, 055",かたあしとび (片足跳び) をする,LJC-M054Q087
1243,LJC01367,LJC01367.jpg,13-67,87,"054, 055",かたあしとび (片足跳び) をする,LJC-M054Q087
1244,LJC01368,LJC01368.jpg,13-68,87,"054, 055",かたあしとび (片足跳び) をする,LJC-M054Q087
1245,LJC01369,LJC01369.jpg,13-69,87,"054, 055",かたあしとび (片足跳び) をする,LJC-M054Q087
1246,LJC01370,LJC01370.jpg,13-70,87,"054, 055",かたあしとび (片足跳び) をする,LJC-M054Q087
1247,LJC01371,LJC01371.jpg,13-71,87,"054, 055",かたあしとび (片足跳び) をする,LJC-M054Q087
1248,LJC01372,LJC01372.jpg,13-72,87,"054, 055",かたあしとび (片足跳び) をする,LJC-M054Q087
1249,LJC01373,LJC01373.jpg,13-73,87,"054, 055",かたあしとび (片足跳び) をする,LJC-M054Q087
1250,LJC01374,LJC01374.jpg,13-74,87,"054, 055",かたあしとび (片足跳び) をする,LJC-M054Q087
1251,LJC01375,LJC01375.jpg,13-75,87,"054, 055",かたあしとび (片足跳び) をする,LJC-M054Q087
1252,LJC01376,LJC01376.jpg,13-76,87,"054, 055",かたあしとび (片足跳び) をする,LJC-M054Q087
1253,LJC01377,LJC01377.jpg,13-77,87,"054, 055",かたあしとび (片足跳び) をする,LJC-M054Q087
1254,LJC01378,LJC01378.jpg,13-78,87,"054, 055",かたあしとび (片足跳び) をする,LJC-M054Q087
1255,LJC01379,LJC01379.jpg,13-79,87,"054, 055",かたあしとび (片足跳び) をする,LJC-M054Q087
1256,LJC01380,LJC01380.jpg,13-80,87,"054, 055",かたあしとび (片足跳び) をする,LJC-M054Q087
1257,LJC01381,LJC01381.jpg,13-81,87,"054, 055",かたあしとび (片足跳び) をする,LJC-M054Q087
1258,LJC01382,LJC01382.jpg,13-82,87,"054, 055",かたあしとび (片足跳び) をする,LJC-M054Q087
1259,LJC01383,LJC01383.jpg,13-83,87,"054, 055",かたあしとび (片足跳び) をする,LJC-M054Q087
1260,LJC01384,LJC01384.jpg,13-84,87,"054, 055",かたあしとび (片足跳び) をする,LJC-M054Q087
1261,LJC01385,LJC01385.jpg,13-85,87,"054, 055",かたあしとび (片足跳び) をする,LJC-M054Q087
1262,LJC01386,LJC01386.jpg,13-86,87,"054, 055",かたあしとび (片足跳び) をする,LJC-M054Q087
1263,LJC01387,LJC01387.jpg,13-87,87,"054, 055",かたあしとび (片足跳び) をする,LJC-M054Q087
1264,LJC01388,LJC01388.jpg,13-88,87,"054, 055",かたあしとび (片足跳び) をする,LJC-M054Q087
1265,LJC01389,LJC01389.jpg,13-89,87,"054, 055",かたあしとび (片足跳び) をする,LJC-M054Q087
1266,LJC01390,LJC01390.jpg,13-90,87,"054, 055",かたあしとび (片足跳び) をする,LJC-M054Q087
1267,LJC01391,LJC01391.jpg,13-91,87,"054, 055",かたあしとび (片足跳び) をする,LJC-M054Q087
1268,LJC01392,LJC01392.jpg,13-92,87,"054, 055",かたあしとび (片足跳び) をする,LJC-M054Q087
1269,LJC01393,LJC01393.jpg,13-93,87,"054, 055",かたあしとび (片足跳び) をする,LJC-M054Q087
1270,LJC01394,LJC01394.jpg,13-94,87,"054, 055",かたあしとび (片足跳び) をする,LJC-M054Q087
1271,LJC01395,LJC01395.jpg,13-95,87,"054, 055",かたあしとび (片足跳び) をする,LJC-M054Q087
1272,LJC01396,LJC01396.jpg,13-96,87,"054, 055",かたあしとび (片足跳び) をする,LJC-M054Q087
1273,LJC01397,LJC01397.jpg,13-97,87,"054, 055",かたあしとび (片足跳び) をする,LJC-M054Q087
1274,LJC01398,LJC01398.jpg,13-98,87,"054, 055",かたあしとび (片足跳び) をする,LJC-M054Q087
1275,LJC01401,LJC01401.jpg,14-1,87,"054, 055",かたあしとび (片足跳び) をする,LJC-M054Q087
1276,LJC01402,LJC01402.jpg,14-2,87,"054, 055",かたあしとび (片足跳び) をする,LJC-M054Q087
1277,LJC01403,LJC01403.jpg,14-3,23,56,つくる (作る),LJC-M056Q023
1278,LJC01404,LJC01404.jpg,14-4,23,56,つくる (作る),LJC-M056Q023
1279,LJC01405,LJC01405.jpg,14-5,23,56,つくる (作る),LJC-M056Q023
1280,LJC01406,LJC01406.jpg,14-6,23,56,つくる (作る),LJC-M056Q023
1281,LJC01407,LJC01407.jpg,14-7,23,56,つくる (作る),LJC-M056Q023
1282,LJC01408,LJC01408.jpg,14-8,23,56,つくる (作る),LJC-M056Q023
1283,LJC01409,LJC01409.jpg,14-9,23,56,つくる (作る),LJC-M056Q023
1284,LJC01410,LJC01410.jpg,14-10,23,56,つくる (作る),LJC-M056Q023
1285,LJC01411,LJC01411.jpg,14-11,23,56,つくる (作る),LJC-M056Q023
1286,LJC01412,LJC01412.jpg,14-12,23,56,つくる (作る),LJC-M056Q023
1287,LJC01413,LJC01413.jpg,14-13,23,56,つくる (作る),LJC-M056Q023
1288,LJC01414,LJC01414.jpg,14-14,23,56,つくる (作る),LJC-M056Q023
1289,LJC01415,LJC01415.jpg,14-15,23,56,つくる (作る),LJC-M056Q023
1290,LJC01416,LJC01416.jpg,14-16,23,56,つくる (作る),LJC-M056Q023
1291,LJC01417,LJC01417.jpg,14-17,23,56,つくる (作る),LJC-M056Q023
1292,LJC01418,LJC01418.jpg,14-18,23,56,つくる (作る),LJC-M056Q023
1293,LJC01419,LJC01419.jpg,14-19,23,56,つくる (作る),LJC-M056Q023
1294,LJC01420,LJC01420.jpg,14-20,23,56,つくる (作る),LJC-M056Q023
1295,LJC01421,LJC01421.jpg,14-21,23,56,つくる (作る),LJC-M056Q023
1296,LJC01422,LJC01422.jpg,14-22,23,56,つくる (作る),LJC-M056Q023
1297,LJC01423,LJC01423.jpg,14-23,23,56,つくる (作る),LJC-M056Q023
1298,LJC01424,LJC01424.jpg,14-24,23,56,つくる (作る),LJC-M056Q023
1299,LJC01425,LJC01425.jpg,14-25,23,56,つくる (作る),LJC-M056Q023
1300,LJC01426,LJC01426.jpg,14-26,23,56,つくる (作る),LJC-M056Q023
1301,LJC01427,LJC01427.jpg,14-27,23,56,つくる (作る),LJC-M056Q023
1302,LJC01428,LJC01428.jpg,14-28,23,56,つくる (作る),LJC-M056Q023
1303,LJC01429,LJC01429.jpg,14-29,23,56,つくる (作る),LJC-M056Q023
1304,LJC01430,LJC01430.jpg,14-30,23,56,つくる (作る),LJC-M056Q023
1305,LJC01431,LJC01431.jpg,14-31,23,56,つくる (作る),LJC-M056Q023
1306,LJC01432,LJC01432.jpg,14-32,23,56,つくる (作る),LJC-M056Q023
1307,LJC01433,LJC01433.jpg,14-33,23,56,つくる (作る),LJC-M056Q023
1308,LJC01434,LJC01434.jpg,14-34,23,56,つくる (作る),LJC-M056Q023
1309,LJC01435,LJC01435.jpg,14-35,23,56,つくる (作る),LJC-M056Q023
1310,LJC01436,LJC01436.jpg,14-36,23,56,つくる (作る),LJC-M056Q023
1311,LJC01437,LJC01437.jpg,14-37,23,56,つくる (作る),LJC-M056Q023
1312,LJC01438,LJC01438.jpg,14-38,23,56,つくる (作る),LJC-M056Q023
1313,LJC01439,LJC01439.jpg,14-39,23,56,つくる (作る),LJC-M056Q023
1314,LJC01440,LJC01440.jpg,14-40,23,56,つくる (作る),LJC-M056Q023
1315,LJC01441,LJC01441.jpg,14-41,23,56,つくる (作る),LJC-M056Q023
1316,LJC01442,LJC01442.jpg,14-42,23,56,つくる (作る),LJC-M056Q023
1317,LJC01443,LJC01443.jpg,14-43,23,56,つくる (作る),LJC-M056Q023
1318,LJC01444,LJC01444.jpg,14-44,23,56,つくる (作る),LJC-M056Q023
1319,LJC01445,LJC01445.jpg,14-45,23,56,つくる (作る),LJC-M056Q023
1320,LJC01446,LJC01446.jpg,14-46,23,56,つくる (作る),LJC-M056Q023
1321,LJC01447,LJC01447.jpg,14-47,171,59,センタクスルを“裁縫する”の意味で使うか,LJC-M059Q171
1322,LJC01448,LJC01448.jpg,14-48,171,59,センタクスルを“裁縫する”の意味で使うか,LJC-M059Q171
1323,LJC01449,LJC01449.jpg,14-49,171,59,センタクスルを“裁縫する”の意味で使うか,LJC-M059Q171
1324,LJC01450,LJC01450.jpg,14-50,171,59,センタクスルを“裁縫する”の意味で使うか,LJC-M059Q171
1325,LJC01451,LJC01451.jpg,14-51,171,59,センタクスルを“裁縫する”の意味で使うか,LJC-M059Q171
1326,LJC01452,LJC01452.jpg,14-52,171,59,センタクスルを“裁縫する”の意味で使うか,LJC-M059Q171
1327,LJC01453,LJC01453.jpg,14-53,171,59,センタクスルを“裁縫する”の意味で使うか,LJC-M059Q171
1328,LJC01454,LJC01454.jpg,14-54,171,59,センタクスルを“裁縫する”の意味で使うか,LJC-M059Q171
1329,LJC01455,LJC01455.jpg,14-55,171,59,センタクスルを“裁縫する”の意味で使うか,LJC-M059Q171
1330,LJC01456,LJC01456.jpg,14-56,171,59,センタクスルを“裁縫する”の意味で使うか,LJC-M059Q171
1331,LJC01457,LJC01457.jpg,14-57,171,59,センタクスルを“裁縫する”の意味で使うか,LJC-M059Q171
1332,LJC01458,LJC01458.jpg,14-58,171,59,センタクスルを“裁縫する”の意味で使うか,LJC-M059Q171
1333,LJC01459,LJC01459.jpg,14-59,171,59,センタクスルを“裁縫する”の意味で使うか,LJC-M059Q171
1334,LJC01460,LJC01460.jpg,14-60,171,59,センタクスルを“裁縫する”の意味で使うか,LJC-M059Q171
1335,LJC01461,LJC01461.jpg,14-61,171,59,センタクスルを“裁縫する”の意味で使うか,LJC-M059Q171
1336,LJC01462,LJC01462.jpg,14-62,171,59,センタクスルを“裁縫する”の意味で使うか,LJC-M059Q171
1337,LJC01463,LJC01463.jpg,14-63,171,59,センタクスルを“裁縫する”の意味で使うか,LJC-M059Q171
1338,LJC01464,LJC01464.jpg,14-64,171,59,センタクスルを“裁縫する”の意味で使うか,LJC-M059Q171
1339,LJC01465,LJC01465.jpg,14-65,171,59,センタクスルを“裁縫する”の意味で使うか,LJC-M059Q171
1340,LJC01466,LJC01466.jpg,14-66,171,59,センタクスルを“裁縫する”の意味で使うか,LJC-M059Q171
1341,LJC01467,LJC01467.jpg,14-67,171,59,センタクスルを“裁縫する”の意味で使うか,LJC-M059Q171
1342,LJC01468,LJC01468.jpg,14-68,171,59,センタクスルを“裁縫する”の意味で使うか,LJC-M059Q171
1343,LJC01469,LJC01469.jpg,14-69,171,59,センタクスルを“裁縫する”の意味で使うか,LJC-M059Q171
1344,LJC01470,LJC01470.jpg,14-70,171,59,センタクスルを“裁縫する”の意味で使うか,LJC-M059Q171
1345,LJC01471,LJC01471.jpg,14-71,171,59,センタクスルを“裁縫する”の意味で使うか,LJC-M059Q171
1346,LJC01472,LJC01472.jpg,14-72,171,59,センタクスルを“裁縫する”の意味で使うか,LJC-M059Q171
1347,LJC01473,LJC01473.jpg,14-73,171,59,センタクスルを“裁縫する”の意味で使うか,LJC-M059Q171
1348,LJC01474,LJC01474.jpg,14-74,171,59,センタクスルを“裁縫する”の意味で使うか,LJC-M059Q171
1349,LJC01475,LJC01475.jpg,14-75,171,59,センタクスルを“裁縫する”の意味で使うか,LJC-M059Q171
1350,LJC01476,LJC01476.jpg,14-76,171,59,センタクスルを“裁縫する”の意味で使うか,LJC-M059Q171
1351,LJC01477,LJC01477.jpg,14-77,171,59,センタクスルを“裁縫する”の意味で使うか,LJC-M059Q171
1352,LJC01478,LJC01478.jpg,14-78,171,59,センタクスルを“裁縫する”の意味で使うか,LJC-M059Q171
1353,LJC01479,LJC01479.jpg,14-79,171,59,センタクスルを“裁縫する”の意味で使うか,LJC-M059Q171
1354,LJC01480,LJC01480.jpg,14-80,171,59,センタクスルを“裁縫する”の意味で使うか,LJC-M059Q171
1355,LJC01481,LJC01481.jpg,14-81,171,59,センタクスルを“裁縫する”の意味で使うか,LJC-M059Q171
1356,LJC01482,LJC01482.jpg,14-82,171,59,センタクスルを“裁縫する”の意味で使うか,LJC-M059Q171
1357,LJC01483,LJC01483.jpg,14-83,171,59,センタクスルを“裁縫する”の意味で使うか,LJC-M059Q171
1358,LJC01484,LJC01484.jpg,14-84,171,59,センタクスルを“裁縫する”の意味で使うか,LJC-M059Q171
1359,LJC01485,LJC01485.jpg,14-85,171,59,センタクスルを“裁縫する”の意味で使うか,LJC-M059Q171
1360,LJC01486,LJC01486.jpg,14-86,171,59,センタクスルを“裁縫する”の意味で使うか,LJC-M059Q171
1361,LJC01487,LJC01487.jpg,14-87,171,59,センタクスルを“裁縫する”の意味で使うか,LJC-M059Q171
1362,LJC01488,LJC01488.jpg,14-88,171,59,センタクスルを“裁縫する”の意味で使うか,LJC-M059Q171
1363,LJC01489,LJC01489.jpg,14-89,212,60,ハソンスルを“修繕する”の意味で使うか,LJC-M060Q212
1364,LJC01490,LJC01490.jpg,14-90,212,60,ハソンスルを“修繕する”の意味で使うか,LJC-M060Q212
1365,LJC01491,LJC01491.jpg,14-91,212,60,ハソンスルを“修繕する”の意味で使うか,LJC-M060Q212
1366,LJC01492,LJC01492.jpg,14-92,212,60,ハソンスルを“修繕する”の意味で使うか,LJC-M060Q212
1367,LJC01493,LJC01493.jpg,14-93,212,60,ハソンスルを“修繕する”の意味で使うか,LJC-M060Q212
1368,LJC01494,LJC01494.jpg,14-94,212,60,ハソンスルを“修繕する”の意味で使うか,LJC-M060Q212
1369,LJC01495,LJC01495.jpg,14-95,212,60,ハソンスルを“修繕する”の意味で使うか,LJC-M060Q212
1370,LJC01496,LJC01496.jpg,14-96,212,60,ハソンスルを“修繕する”の意味で使うか,LJC-M060Q212
1371,LJC01497,LJC01497.jpg,14-97,212,60,ハソンスルを“修繕する”の意味で使うか,LJC-M060Q212
1372,LJC01498,LJC01498.jpg,14-98,212,60,ハソンスルを“修繕する”の意味で使うか,LJC-M060Q212
1373,LJC01501,LJC01501.jpg,15-1,212,60,ハソンスルを“修繕する”の意味で使うか,LJC-M060Q212
1374,LJC01502,LJC01502.jpg,15-2,212,60,ハソンスルを“修繕する”の意味で使うか,LJC-M060Q212
1375,LJC01503,LJC01503.jpg,15-3,212,60,ハソンスルを“修繕する”の意味で使うか,LJC-M060Q212
1376,LJC01504,LJC01504.jpg,15-4,26,61,ナオスを“片付ける・しまう”の意味で使うか,LJC-M061Q026
1377,LJC01505,LJC01505.jpg,15-5,26,61,ナオスを“片付ける・しまう”の意味で使うか,LJC-M061Q026
1378,LJC01506,LJC01506.jpg,15-6,26,61,ナオスを“片付ける・しまう”の意味で使うか,LJC-M061Q026
1379,LJC01507,LJC01507.jpg,15-7,26,61,ナオスを“片付ける・しまう”の意味で使うか,LJC-M061Q026
1380,LJC01508,LJC01508.jpg,15-8,26,61,ナオスを“片付ける・しまう”の意味で使うか,LJC-M061Q026
1381,LJC01509,LJC01509.jpg,15-9,26,61,ナオスを“片付ける・しまう”の意味で使うか,LJC-M061Q026
1382,LJC01510,LJC01510.jpg,15-10,26,61,ナオスを“片付ける・しまう”の意味で使うか,LJC-M061Q026
1383,LJC01511,LJC01511.jpg,15-11,26,61,ナオスを“片付ける・しまう”の意味で使うか,LJC-M061Q026
1384,LJC01512,LJC01512.jpg,15-12,26,61,ナオスを“片付ける・しまう”の意味で使うか,LJC-M061Q026
1385,LJC01513,LJC01513.jpg,15-13,26,61,ナオスを“片付ける・しまう”の意味で使うか,LJC-M061Q026
1386,LJC01514,LJC01514.jpg,15-14,26,61,ナオスを“片付ける・しまう”の意味で使うか,LJC-M061Q026
1387,LJC01515,LJC01515.jpg,15-15,26,61,ナオスを“片付ける・しまう”の意味で使うか,LJC-M061Q026
1388,LJC01516,LJC01516.jpg,15-16,26,61,ナオスを“片付ける・しまう”の意味で使うか,LJC-M061Q026
1389,LJC01517,LJC01517.jpg,15-17,26,61,ナオスを“片付ける・しまう”の意味で使うか,LJC-M061Q026
1390,LJC01518,LJC01518.jpg,15-18,26,61,ナオスを“片付ける・しまう”の意味で使うか,LJC-M061Q026
1391,LJC01519,LJC01519.jpg,15-19,26,61,ナオスを“片付ける・しまう”の意味で使うか,LJC-M061Q026
1392,LJC01520,LJC01520.jpg,15-20,26,61,ナオスを“片付ける・しまう”の意味で使うか,LJC-M061Q026
1393,LJC01521,LJC01521.jpg,15-21,26,61,ナオスを“片付ける・しまう”の意味で使うか,LJC-M061Q026
1394,LJC01522,LJC01522.jpg,15-22,26,61,ナオスを“片付ける・しまう”の意味で使うか,LJC-M061Q026
1395,LJC01523,LJC01523.jpg,15-23,26,61,ナオスを“片付ける・しまう”の意味で使うか,LJC-M061Q026
1396,LJC01524,LJC01524.jpg,15-24,26,61,ナオスを“片付ける・しまう”の意味で使うか,LJC-M061Q026
1397,LJC01525,LJC01525.jpg,15-25,26,61,ナオスを“片付ける・しまう”の意味で使うか,LJC-M061Q026
1398,LJC01526,LJC01526.jpg,15-26,26,61,ナオスを“片付ける・しまう”の意味で使うか,LJC-M061Q026
1399,LJC01527,LJC01527.jpg,15-27,26,61,ナオスを“片付ける・しまう”の意味で使うか,LJC-M061Q026
1400,LJC01528,LJC01528.jpg,15-28,26,61,ナオスを“片付ける・しまう”の意味で使うか,LJC-M061Q026
1401,LJC01529,LJC01529.jpg,15-29,26,61,ナオスを“片付ける・しまう”の意味で使うか,LJC-M061Q026
1402,LJC01530,LJC01530.jpg,15-30,26,61,ナオスを“片付ける・しまう”の意味で使うか,LJC-M061Q026
1403,LJC01531,LJC01531.jpg,15-31,26,61,ナオスを“片付ける・しまう”の意味で使うか,LJC-M061Q026
1404,LJC01532,LJC01532.jpg,15-32,26,61,ナオスを“片付ける・しまう”の意味で使うか,LJC-M061Q026
1405,LJC01533,LJC01533.jpg,15-33,26,61,ナオスを“片付ける・しまう”の意味で使うか,LJC-M061Q026
1406,LJC01534,LJC01534.jpg,15-34,26,61,ナオスを“片付ける・しまう”の意味で使うか,LJC-M061Q026
1407,LJC01535,LJC01535.jpg,15-35,235,62,すてる (捨てる),LJC-M062Q235
1408,LJC01536,LJC01536.jpg,15-36,235,62,すてる (捨てる),LJC-M062Q235
1409,LJC01537,LJC01537.jpg,15-37,235,62,すてる (捨てる),LJC-M062Q235
1410,LJC01538,LJC01538.jpg,15-38,235,62,すてる (捨てる),LJC-M062Q235
1411,LJC01539,LJC01539.jpg,15-39,235,62,すてる (捨てる),LJC-M062Q235
1412,LJC01540,LJC01540.jpg,15-40,235,62,すてる (捨てる),LJC-M062Q235
1413,LJC01541,LJC01541.jpg,15-41,235,62,すてる (捨てる),LJC-M062Q235
1414,LJC01542,LJC01542.jpg,15-42,235,62,すてる (捨てる),LJC-M062Q235
1415,LJC01543,LJC01543.jpg,15-43,235,62,すてる (捨てる),LJC-M062Q235
1416,LJC01544,LJC01544.jpg,15-44,235,62,すてる (捨てる),LJC-M062Q235
1417,LJC01545,LJC01545.jpg,15-45,235,62,すてる (捨てる),LJC-M062Q235
1418,LJC01546,LJC01546.jpg,15-46,235,62,すてる (捨てる),LJC-M062Q235
1419,LJC01547,LJC01547.jpg,15-47,235,62,すてる (捨てる),LJC-M062Q235
1420,LJC01548,LJC01548.jpg,15-48,235,62,すてる (捨てる),LJC-M062Q235
1421,LJC01549,LJC01549.jpg,15-49,235,62,すてる (捨てる),LJC-M062Q235
1422,LJC01550,LJC01550.jpg,15-50,235,62,すてる (捨てる),LJC-M062Q235
1423,LJC01551,LJC01551.jpg,15-51,235,62,すてる (捨てる),LJC-M062Q235
1424,LJC01552,LJC01552.jpg,15-52,235,62,すてる (捨てる),LJC-M062Q235
1425,LJC01553,LJC01553.jpg,15-53,235,62,すてる (捨てる),LJC-M062Q235
1426,LJC01554,LJC01554.jpg,15-54,235,62,すてる (捨てる),LJC-M062Q235
1427,LJC01555,LJC01555.jpg,15-55,235,62,すてる (捨てる),LJC-M062Q235
1428,LJC01556,LJC01556.jpg,15-56,202,63,ステルを“紛失する”の意味で使うか,LJC-M063Q202
1429,LJC01557,LJC01557.jpg,15-57,202,63,ステルを“紛失する”の意味で使うか,LJC-M063Q202
1430,LJC01558,LJC01558.jpg,15-58,202,63,ステルを“紛失する”の意味で使うか,LJC-M063Q202
1431,LJC01559,LJC01559.jpg,15-59,202,63,ステルを“紛失する”の意味で使うか,LJC-M063Q202
1432,LJC01560,LJC01560.jpg,15-60,202,63,ステルを“紛失する”の意味で使うか,LJC-M063Q202
1433,LJC01561,LJC01561.jpg,15-61,202,63,ステルを“紛失する”の意味で使うか,LJC-M063Q202
1434,LJC01562,LJC01562.jpg,15-62,202,63,ステルを“紛失する”の意味で使うか,LJC-M063Q202
1435,LJC01563,LJC01563.jpg,15-63,202,63,ステルを“紛失する”の意味で使うか,LJC-M063Q202
1436,LJC01564,LJC01564.jpg,15-64,202,63,ステルを“紛失する”の意味で使うか,LJC-M063Q202
1437,LJC01565,LJC01565.jpg,15-65,202,63,ステルを“紛失する”の意味で使うか,LJC-M063Q202
1438,LJC01566,LJC01566.jpg,15-66,202,63,ステルを“紛失する”の意味で使うか,LJC-M063Q202
1439,LJC01567,LJC01567.jpg,15-67,202,63,ステルを“紛失する”の意味で使うか,LJC-M063Q202
1440,LJC01568,LJC01568.jpg,15-68,202,63,ステルを“紛失する”の意味で使うか,LJC-M063Q202
1441,LJC01569,LJC01569.jpg,15-69,202,63,ステルを“紛失する”の意味で使うか,LJC-M063Q202
1442,LJC01570,LJC01570.jpg,15-70,202,63,ステルを“紛失する”の意味で使うか,LJC-M063Q202
1443,LJC01571,LJC01571.jpg,15-71,202,63,ステルを“紛失する”の意味で使うか,LJC-M063Q202
1444,LJC01572,LJC01572.jpg,15-72,202,63,ステルを“紛失する”の意味で使うか,LJC-M063Q202
1445,LJC01573,LJC01573.jpg,15-73,202,63,ステルを“紛失する”の意味で使うか,LJC-M063Q202
1446,LJC01574,LJC01574.jpg,15-74,202,63,ステルを“紛失する”の意味で使うか,LJC-M063Q202
1447,LJC01575,LJC01575.jpg,15-75,202,63,ステルを“紛失する”の意味で使うか,LJC-M063Q202
1448,LJC01576,LJC01576.jpg,15-76,202,63,ステルを“紛失する”の意味で使うか,LJC-M063Q202
1449,LJC01577,LJC01577.jpg,15-77,202,63,ステルを“紛失する”の意味で使うか,LJC-M063Q202
1450,LJC01578,LJC01578.jpg,15-78,202,63,ステルを“紛失する”の意味で使うか,LJC-M063Q202
1451,LJC01579,LJC01579.jpg,15-79,202,63,ステルを“紛失する”の意味で使うか,LJC-M063Q202
1452,LJC01580,LJC01580.jpg,15-80,202,63,ステルを“紛失する”の意味で使うか,LJC-M063Q202
1453,LJC01581,LJC01581.jpg,15-81,202,63,ステルを“紛失する”の意味で使うか,LJC-M063Q202
1454,LJC01582,LJC01582.jpg,15-82,202,63,ステルを“紛失する”の意味で使うか,LJC-M063Q202
1455,LJC01583,LJC01583.jpg,15-83,202,63,ステルを“紛失する”の意味で使うか,LJC-M063Q202
1456,LJC01584,LJC01584.jpg,15-84,202,63,ステルを“紛失する”の意味で使うか,LJC-M063Q202
1457,LJC01585,LJC01585.jpg,15-85,202,63,ステルを“紛失する”の意味で使うか,LJC-M063Q202
1458,LJC01586,LJC01586.jpg,15-86,202,63,ステルを“紛失する”の意味で使うか,LJC-M063Q202
1459,LJC01587,LJC01587.jpg,15-87,202,63,ステルを“紛失する”の意味で使うか,LJC-M063Q202
1460,LJC01588,LJC01588.jpg,15-88,202,63,ステルを“紛失する”の意味で使うか,LJC-M063Q202
1461,LJC01589,LJC01589.jpg,15-89,202,63,ステルを“紛失する”の意味で使うか,LJC-M063Q202
1462,LJC01590,LJC01590.jpg,15-90,202,63,ステルを“紛失する”の意味で使うか,LJC-M063Q202
1463,LJC01591,LJC01591.jpg,15-91,202,63,ステルを“紛失する”の意味で使うか,LJC-M063Q202
1464,LJC01592,LJC01592.jpg,15-92,202,63,ステルを“紛失する”の意味で使うか,LJC-M063Q202
1465,LJC01593,LJC01593.jpg,15-93,202,63,ステルを“紛失する”の意味で使うか,LJC-M063Q202
1466,LJC01594,LJC01594.jpg,15-94,202,63,ステルを“紛失する”の意味で使うか,LJC-M063Q202
1467,LJC01595,LJC01595.jpg,15-95,202,63,ステルを“紛失する”の意味で使うか,LJC-M063Q202
1468,LJC01596,LJC01596.jpg,15-96,202,63,ステルを“紛失する”の意味で使うか,LJC-M063Q202
1469,LJC01597,LJC01597.jpg,15-97,202,63,ステルを“紛失する”の意味で使うか,LJC-M063Q202
1470,LJC01598,LJC01598.jpg,15-98,202,63,ステルを“紛失する”の意味で使うか,LJC-M063Q202
1471,LJC01601,LJC01601.jpg,16-1,202,63,ステルを“紛失する”の意味で使うか,LJC-M063Q202
1472,LJC01602,LJC01602.jpg,16-2,202,63,ステルを“紛失する”の意味で使うか,LJC-M063Q202
1473,LJC01603,LJC01603.jpg,16-3,202,63,ステルを“紛失する”の意味で使うか,LJC-M063Q202
1474,LJC01604,LJC01604.jpg,16-4,202,63,ステルを“紛失する”の意味で使うか,LJC-M063Q202
1475,LJC01605,LJC01605.jpg,16-5,202,63,ステルを“紛失する”の意味で使うか,LJC-M063Q202
1476,LJC01606,LJC01606.jpg,16-6,202,63,ステルを“紛失する”の意味で使うか,LJC-M063Q202
1477,LJC01607,LJC01607.jpg,16-7,202,63,ステルを“紛失する”の意味で使うか,LJC-M063Q202
1478,LJC01608,LJC01608.jpg,16-8,202,63,ステルを“紛失する”の意味で使うか,LJC-M063Q202
1479,LJC01609,LJC01609.jpg,16-9,202,63,ステルを“紛失する”の意味で使うか,LJC-M063Q202
1480,LJC01610,LJC01610.jpg,16-10,261,64,おんぶする (幼児を負う),LJC-M064Q261
1481,LJC01611,LJC01611.jpg,16-11,261,64,おんぶする (幼児を負う),LJC-M064Q261
1482,LJC01612,LJC01612.jpg,16-12,261,64,おんぶする (幼児を負う),LJC-M064Q261
1483,LJC01613,LJC01613.jpg,16-13,261,64,おんぶする (幼児を負う),LJC-M064Q261
1484,LJC01614,LJC01614.jpg,16-14,261,64,おんぶする (幼児を負う),LJC-M064Q261
1485,LJC01615,LJC01615.jpg,16-15,261,64,おんぶする (幼児を負う),LJC-M064Q261
1486,LJC01616,LJC01616.jpg,16-16,261,64,おんぶする (幼児を負う),LJC-M064Q261
1487,LJC01617,LJC01617.jpg,16-17,261,64,おんぶする (幼児を負う),LJC-M064Q261
1488,LJC01618,LJC01618.jpg,16-18,261,64,おんぶする (幼児を負う),LJC-M064Q261
1489,LJC01619,LJC01619.jpg,16-19,261,64,おんぶする (幼児を負う),LJC-M064Q261
1490,LJC01620,LJC01620.jpg,16-20,261,64,おんぶする (幼児を負う),LJC-M064Q261
1491,LJC01621,LJC01621.jpg,16-21,261,64,おんぶする (幼児を負う),LJC-M064Q261
1492,LJC01622,LJC01622.jpg,16-22,261,64,おんぶする (幼児を負う),LJC-M064Q261
1493,LJC01623,LJC01623.jpg,16-23,261,64,おんぶする (幼児を負う),LJC-M064Q261
1494,LJC01624,LJC01624.jpg,16-24,261,64,おんぶする (幼児を負う),LJC-M064Q261
1495,LJC01625,LJC01625.jpg,16-25,261,64,おんぶする (幼児を負う),LJC-M064Q261
1496,LJC01626,LJC01626.jpg,16-26,261,64,おんぶする (幼児を負う),LJC-M064Q261
1497,LJC01627,LJC01627.jpg,16-27,261,64,おんぶする (幼児を負う),LJC-M064Q261
1498,LJC01628,LJC01628.jpg,16-28,261,64,おんぶする (幼児を負う),LJC-M064Q261
1499,LJC01629,LJC01629.jpg,16-29,261,64,おんぶする (幼児を負う),LJC-M064Q261
1500,LJC01630,LJC01630.jpg,16-30,261,64,おんぶする (幼児を負う),LJC-M064Q261
1501,LJC01631,LJC01631.jpg,16-31,262,65,しょう (包を背負う),LJC-M065Q262
1502,LJC01632,LJC01632.jpg,16-32,262,65,しょう (包を背負う),LJC-M065Q262
1503,LJC01633,LJC01633.jpg,16-33,262,65,しょう (包を背負う),LJC-M065Q262
1504,LJC01634,LJC01634.jpg,16-34,262,65,しょう (包を背負う),LJC-M065Q262
1505,LJC01635,LJC01635.jpg,16-35,262,65,しょう (包を背負う),LJC-M065Q262
1506,LJC01636,LJC01636.jpg,16-36,262,65,しょう (包を背負う),LJC-M065Q262
1507,LJC01637,LJC01637.jpg,16-37,262,65,しょう (包を背負う),LJC-M065Q262
1508,LJC01638,LJC01638.jpg,16-38,262,65,しょう (包を背負う),LJC-M065Q262
1509,LJC01639,LJC01639.jpg,16-39,262,65,しょう (包を背負う),LJC-M065Q262
1510,LJC01640,LJC01640.jpg,16-40,262,65,しょう (包を背負う),LJC-M065Q262
1511,LJC01641,LJC01641.jpg,16-41,262,65,しょう (包を背負う),LJC-M065Q262
1512,LJC01642,LJC01642.jpg,16-42,264,66,かつぐ (材木を担ぐ),LJC-M066Q264
1513,LJC01643,LJC01643.jpg,16-43,264,66,かつぐ (材木を担ぐ),LJC-M066Q264
1514,LJC01644,LJC01644.jpg,16-44,264,66,かつぐ (材木を担ぐ),LJC-M066Q264
1515,LJC01645,LJC01645.jpg,16-45,264,66,かつぐ (材木を担ぐ),LJC-M066Q264
1516,LJC01646,LJC01646.jpg,16-46,264,66,かつぐ (材木を担ぐ),LJC-M066Q264
1517,LJC01647,LJC01647.jpg,16-47,264,66,かつぐ (材木を担ぐ),LJC-M066Q264
1518,LJC01648,LJC01648.jpg,16-48,264,66,かつぐ (材木を担ぐ),LJC-M066Q264
1519,LJC01649,LJC01649.jpg,16-49,264,66,かつぐ (材木を担ぐ),LJC-M066Q264
1520,LJC01650,LJC01650.jpg,16-50,264,66,かつぐ (材木を担ぐ),LJC-M066Q264
1521,LJC01651,LJC01651.jpg,16-51,265,67,かつぐ (天秤棒を担ぐ),LJC-M067Q265
1522,LJC01652,LJC01652.jpg,16-52,265,67,かつぐ (天秤棒を担ぐ),LJC-M067Q265
1523,LJC01653,LJC01653.jpg,16-53,265,67,かつぐ (天秤棒を担ぐ),LJC-M067Q265
1524,LJC01654,LJC01654.jpg,16-54,265,67,かつぐ (天秤棒を担ぐ),LJC-M067Q265
1525,LJC01655,LJC01655.jpg,16-55,265,67,かつぐ (天秤棒を担ぐ),LJC-M067Q265
1526,LJC01656,LJC01656.jpg,16-56,265,67,かつぐ (天秤棒を担ぐ),LJC-M067Q265
1527,LJC01657,LJC01657.jpg,16-57,265,67,かつぐ (天秤棒を担ぐ),LJC-M067Q265
1528,LJC01658,LJC01658.jpg,16-58,265,67,かつぐ (天秤棒を担ぐ),LJC-M067Q265
1529,LJC01659,LJC01659.jpg,16-59,265,67,かつぐ (天秤棒を担ぐ),LJC-M067Q265
1530,LJC01660,LJC01660.jpg,16-60,266,68,かつぐ (二人で担ぐ),LJC-M068Q266
1531,LJC01661,LJC01661.jpg,16-61,266,68,かつぐ (二人で担ぐ),LJC-M068Q266
1532,LJC01662,LJC01662.jpg,16-62,266,68,かつぐ (二人で担ぐ),LJC-M068Q266
1533,LJC01663,LJC01663.jpg,16-63,266,68,かつぐ (二人で担ぐ),LJC-M068Q266
1534,LJC01664,LJC01664.jpg,16-64,266,68,かつぐ (二人で担ぐ),LJC-M068Q266
1535,LJC01665,LJC01665.jpg,16-65,266,68,かつぐ (二人で担ぐ),LJC-M068Q266
1536,LJC01666,LJC01666.jpg,16-66,266,68,かつぐ (二人で担ぐ),LJC-M068Q266
1537,LJC01667,LJC01667.jpg,16-67,266,68,かつぐ (二人で担ぐ),LJC-M068Q266
1538,LJC01668,LJC01668.jpg,16-68,266,68,かつぐ (二人で担ぐ),LJC-M068Q266
1539,LJC01669,LJC01669.jpg,16-69,266,68,かつぐ (二人で担ぐ),LJC-M068Q266
1540,LJC01670,LJC01670.jpg,16-70,266,68,かつぐ (二人で担ぐ),LJC-M068Q266
1541,LJC01671,LJC01671.jpg,16-71,266,68,かつぐ (二人で担ぐ),LJC-M068Q266
1542,LJC01672,LJC01672.jpg,16-72,266,68,かつぐ (二人で担ぐ),LJC-M068Q266
1543,LJC01673,LJC01673.jpg,16-73,266,68,かつぐ (二人で担ぐ),LJC-M068Q266
1544,LJC01674,LJC01674.jpg,16-74,100,70,かす (貸す),LJC-M070Q100
1545,LJC01675,LJC01675.jpg,16-75,100,70,かす (貸す),LJC-M070Q100
1546,LJC01676,LJC01676.jpg,16-76,100,70,かす (貸す),LJC-M070Q100
1547,LJC01677,LJC01677.jpg,16-77,100,70,かす (貸す),LJC-M070Q100
1548,LJC01678,LJC01678.jpg,16-78,100,70,かす (貸す),LJC-M070Q100
1549,LJC01679,LJC01679.jpg,16-79,100,70,かす (貸す),LJC-M070Q100
1550,LJC01680,LJC01680.jpg,16-80,100,70,かす (貸す),LJC-M070Q100
1551,LJC01681,LJC01681.jpg,16-81,100,70,かす (貸す),LJC-M070Q100
1552,LJC01682,LJC01682.jpg,16-82,100,70,かす (貸す),LJC-M070Q100
1553,LJC01683,LJC01683.jpg,16-83,100,70,かす (貸す),LJC-M070Q100
1554,LJC01684,LJC01684.jpg,16-84,100,70,かす (貸す),LJC-M070Q100
1555,LJC01685,LJC01685.jpg,16-85,100,70,かす (貸す),LJC-M070Q100
1556,LJC01686,LJC01686.jpg,16-86,100,70,かす (貸す),LJC-M070Q100
1557,LJC01687,LJC01687.jpg,16-87,100,70,かす (貸す),LJC-M070Q100
1558,LJC01688,LJC01688.jpg,16-88,100,70,かす (貸す),LJC-M070Q100
1559,LJC01689,LJC01689.jpg,16-89,100,70,かす (貸す),LJC-M070Q100
1560,LJC01690,LJC01690.jpg,16-90,100,70,かす (貸す),LJC-M070Q100
1561,LJC01691,LJC01691.jpg,16-91,100,70,かす (貸す),LJC-M070Q100
1562,LJC01692,LJC01692.jpg,16-92,99,71,かりる (借りる),LJC-M071Q099
1563,LJC01693,LJC01693.jpg,16-93,99,71,かりる (借りる),LJC-M071Q099
1564,LJC01694,LJC01694.jpg,16-94,99,71,かりる (借りる),LJC-M071Q099
1565,LJC01695,LJC01695.jpg,16-95,99,71,かりる (借りる),LJC-M071Q099
1566,LJC01696,LJC01696.jpg,16-96,99,71,かりる (借りる),LJC-M071Q099
1567,LJC01697,LJC01697.jpg,16-97,99,71,かりる (借りる),LJC-M071Q099
1568,LJC01698,LJC01698.jpg,16-98,99,71,かりる (借りる),LJC-M071Q099
1569,LJC01701,LJC01701.jpg,17-1,99,71,かりる (借りる),LJC-M071Q099
1570,LJC01702,LJC01702.jpg,17-2,99,71,かりる (借りる),LJC-M071Q099
1571,LJC01703,LJC01703.jpg,17-3,99,71,かりる (借りる),LJC-M071Q099
1572,LJC01704,LJC01704.jpg,17-4,99,71,かりる (借りる),LJC-M071Q099
1573,LJC01705,LJC01705.jpg,17-5,99,71,かりる (借りる),LJC-M071Q099
1574,LJC01706,LJC01706.jpg,17-6,99,71,かりる (借りる),LJC-M071Q099
1575,LJC01707,LJC01707.jpg,17-7,99,71,かりる (借りる),LJC-M071Q099
1576,LJC01708,LJC01708.jpg,17-8,99,71,かりる (借りる),LJC-M071Q099
1577,LJC01709,LJC01709.jpg,17-9,99,71,かりる (借りる),LJC-M071Q099
1578,LJC01710,LJC01710.jpg,17-10,99,71,かりる (借りる),LJC-M071Q099
1579,LJC01711,LJC01711.jpg,17-11,99,71,かりる (借りる),LJC-M071Q099
1580,LJC01712,LJC01712.jpg,17-12,99,71,かりる (借りる),LJC-M071Q099
1581,LJC01713,LJC01713.jpg,17-13,99,71,かりる (借りる),LJC-M071Q099
1582,LJC01714,LJC01714.jpg,17-14,99,71,かりる (借りる),LJC-M071Q099
1583,LJC01715,LJC01715.jpg,17-15,99,71,かりる (借りる),LJC-M071Q099
1584,LJC01716,LJC01716.jpg,17-16,101,72,"カッテクルを“買ってくる”の意味で使うか,“借 りてくる”の意味で使うか",LJC-M072Q101
1585,LJC01717,LJC01717.jpg,17-17,101,72,"カッテクルを“買ってくる”の意味で使うか,“借 りてくる”の意味で使うか",LJC-M072Q101
1586,LJC01718,LJC01718.jpg,17-18,101,72,"カッテクルを“買ってくる”の意味で使うか,“借 りてくる”の意味で使うか",LJC-M072Q101
1587,LJC01719,LJC01719.jpg,17-19,101,72,"カッテクルを“買ってくる”の意味で使うか,“借 りてくる”の意味で使うか",LJC-M072Q101
1588,LJC01720,LJC01720.jpg,17-20,101,72,"カッテクルを“買ってくる”の意味で使うか,“借 りてくる”の意味で使うか",LJC-M072Q101
1589,LJC01721,LJC01721.jpg,17-21,101,72,"カッテクルを“買ってくる”の意味で使うか,“借 りてくる”の意味で使うか",LJC-M072Q101
1590,LJC01722,LJC01722.jpg,17-22,101,72,"カッテクルを“買ってくる”の意味で使うか,“借 りてくる”の意味で使うか",LJC-M072Q101
1591,LJC01723,LJC01723.jpg,17-23,101,72,"カッテクルを“買ってくる”の意味で使うか,“借 りてくる”の意味で使うか",LJC-M072Q101
1592,LJC01724,LJC01724.jpg,17-24,101,72,"カッテクルを“買ってくる”の意味で使うか,“借 りてくる”の意味で使うか",LJC-M072Q101
1593,LJC01725,LJC01725.jpg,17-25,101,72,"カッテクルを“買ってくる”の意味で使うか,“借 りてくる”の意味で使うか",LJC-M072Q101
1594,LJC01726,LJC01726.jpg,17-26,101,72,"カッテクルを“買ってくる”の意味で使うか,“借 りてくる”の意味で使うか",LJC-M072Q101
1595,LJC01727,LJC01727.jpg,17-27,101,72,"カッテクルを“買ってくる”の意味で使うか,“借 りてくる”の意味で使うか",LJC-M072Q101
1596,LJC01728,LJC01728.jpg,17-28,101,72,"カッテクルを“買ってくる”の意味で使うか,“借 りてくる”の意味で使うか",LJC-M072Q101
1597,LJC01729,LJC01729.jpg,17-29,101,72,"カッテクルを“買ってくる”の意味で使うか,“借 りてくる”の意味で使うか",LJC-M072Q101
1598,LJC01730,LJC01730.jpg,17-30,101,72,"カッテクルを“買ってくる”の意味で使うか,“借 りてくる”の意味で使うか",LJC-M072Q101
1599,LJC01731,LJC01731.jpg,17-31,101,72,"カッテクルを“買ってくる”の意味で使うか,“借 りてくる”の意味で使うか",LJC-M072Q101
1600,LJC01732,LJC01732.jpg,17-32,101,72,"カッテクルを“買ってくる”の意味で使うか,“借 りてくる”の意味で使うか",LJC-M072Q101
1601,LJC01733,LJC01733.jpg,17-33,101,72,"カッテクルを“買ってくる”の意味で使うか,“借 りてくる”の意味で使うか",LJC-M072Q101
1602,LJC01734,LJC01734.jpg,17-34,101,72,"カッテクルを“買ってくる”の意味で使うか,“借 りてくる”の意味で使うか",LJC-M072Q101
1603,LJC01735,LJC01735.jpg,17-35,101,72,"カッテクルを“買ってくる”の意味で使うか,“借 りてくる”の意味で使うか",LJC-M072Q101
1604,LJC01736,LJC01736.jpg,17-36,101,72,"カッテクルを“買ってくる”の意味で使うか,“借 りてくる”の意味で使うか",LJC-M072Q101
1605,LJC01737,LJC01737.jpg,17-37,101,72,"カッテクルを“買ってくる”の意味で使うか,“借 りてくる”の意味で使うか",LJC-M072Q101
1606,LJC01738,LJC01738.jpg,17-38,101,72,"カッテクルを“買ってくる”の意味で使うか,“借 りてくる”の意味で使うか",LJC-M072Q101
1607,LJC01739,LJC01739.jpg,17-39,101,72,"カッテクルを“買ってくる”の意味で使うか,“借 りてくる”の意味で使うか",LJC-M072Q101
1608,LJC01740,LJC01740.jpg,17-40,101,72,"カッテクルを“買ってくる”の意味で使うか,“借 りてくる”の意味で使うか",LJC-M072Q101
1609,LJC01741,LJC01741.jpg,17-41,101,72,"カッテクルを“買ってくる”の意味で使うか,“借 りてくる”の意味で使うか",LJC-M072Q101
1610,LJC01742,LJC01742.jpg,17-42,101,72,"カッテクルを“買ってくる”の意味で使うか,“借 りてくる”の意味で使うか",LJC-M072Q101
1611,LJC01743,LJC01743.jpg,17-43,101,72,"カッテクルを“買ってくる”の意味で使うか,“借 りてくる”の意味で使うか",LJC-M072Q101
1612,LJC01744,LJC01744.jpg,17-44,101,72,"カッテクルを“買ってくる”の意味で使うか,“借 りてくる”の意味で使うか",LJC-M072Q101
1613,LJC01745,LJC01745.jpg,17-45,101,72,"カッテクルを“買ってくる”の意味で使うか,“借 りてくる”の意味で使うか",LJC-M072Q101
1614,LJC01746,LJC01746.jpg,17-46,101,72,"カッテクルを“買ってくる”の意味で使うか,“借 りてくる”の意味で使うか",LJC-M072Q101
1615,LJC01747,LJC01747.jpg,17-47,236,77,びっくりする (驚く),LJC-M077Q236
1616,LJC01748,LJC01748.jpg,17-48,236,77,びっくりする (驚く),LJC-M077Q236
1617,LJC01749,LJC01749.jpg,17-49,236,77,びっくりする (驚く),LJC-M077Q236
1618,LJC01750,LJC01750.jpg,17-50,236,77,びっくりする (驚く),LJC-M077Q236
1619,LJC01751,LJC01751.jpg,17-51,236,77,びっくりする (驚く),LJC-M077Q236
1620,LJC01752,LJC01752.jpg,17-52,236,77,びっくりする (驚く),LJC-M077Q236
1621,LJC01753,LJC01753.jpg,17-53,236,77,びっくりする (驚く),LJC-M077Q236
1622,LJC01754,LJC01754.jpg,17-54,236,77,びっくりする (驚く),LJC-M077Q236
1623,LJC01755,LJC01755.jpg,17-55,236,77,びっくりする (驚く),LJC-M077Q236
1624,LJC01756,LJC01756.jpg,17-56,236,77,びっくりする (驚く),LJC-M077Q236
1625,LJC01757,LJC01757.jpg,17-57,236,77,びっくりする (驚く),LJC-M077Q236
1626,LJC01758,LJC01758.jpg,17-58,236,77,びっくりする (驚く),LJC-M077Q236
1627,LJC01759,LJC01759.jpg,17-59,236,77,びっくりする (驚く),LJC-M077Q236
1628,LJC01760,LJC01760.jpg,17-60,236,77,びっくりする (驚く),LJC-M077Q236
1629,LJC01761,LJC01761.jpg,17-61,236,77,びっくりする (驚く),LJC-M077Q236
1630,LJC01762,LJC01762.jpg,17-62,30,78,オドロクを“驚く”の意味で使うか,LJC-M078Q030
1631,LJC01763,LJC01763.jpg,17-63,30,78,オドロクを“驚く”の意味で使うか,LJC-M078Q030
1632,LJC01764,LJC01764.jpg,17-64,30,78,オドロクを“驚く”の意味で使うか,LJC-M078Q030
1633,LJC01765,LJC01765.jpg,17-65,30,78,オドロクを“驚く”の意味で使うか,LJC-M078Q030
1634,LJC01766,LJC01766.jpg,17-66,30,78,オドロクを“驚く”の意味で使うか,LJC-M078Q030
1635,LJC01767,LJC01767.jpg,17-67,30,78,オドロクを“驚く”の意味で使うか,LJC-M078Q030
1636,LJC01768,LJC01768.jpg,17-68,30,78,オドロクを“驚く”の意味で使うか,LJC-M078Q030
1637,LJC01769,LJC01769.jpg,17-69,30,78,オドロクを“驚く”の意味で使うか,LJC-M078Q030
1638,LJC01770,LJC01770.jpg,17-70,30,78,オドロクを“驚く”の意味で使うか,LJC-M078Q030
1639,LJC01771,LJC01771.jpg,17-71,30,78,オドロクを“驚く”の意味で使うか,LJC-M078Q030
1640,LJC01772,LJC01772.jpg,17-72,30,78,オドロクを“驚く”の意味で使うか,LJC-M078Q030
1641,LJC01773,LJC01773.jpg,17-73,30,78,オドロクを“驚く”の意味で使うか,LJC-M078Q030
1642,LJC01774,LJC01774.jpg,17-74,30,78,オドロクを“驚く”の意味で使うか,LJC-M078Q030
1643,LJC01775,LJC01775.jpg,17-75,30,78,オドロクを“驚く”の意味で使うか,LJC-M078Q030
1644,LJC01776,LJC01776.jpg,17-76,30,78,オドロクを“驚く”の意味で使うか,LJC-M078Q030
1645,LJC01777,LJC01777.jpg,17-77,30,78,オドロクを“驚く”の意味で使うか,LJC-M078Q030
1646,LJC01778,LJC01778.jpg,17-78,30,78,オドロクを“驚く”の意味で使うか,LJC-M078Q030
1647,LJC01779,LJC01779.jpg,17-79,30,78,オドロクを“驚く”の意味で使うか,LJC-M078Q030
1648,LJC01780,LJC01780.jpg,17-80,30,78,オドロクを“驚く”の意味で使うか,LJC-M078Q030
1649,LJC01781,LJC01781.jpg,17-81,30,78,オドロクを“驚く”の意味で使うか,LJC-M078Q030
1650,LJC01782,LJC01782.jpg,17-82,30,78,オドロクを“驚く”の意味で使うか,LJC-M078Q030
1651,LJC01783,LJC01783.jpg,17-83,30,78,オドロクを“驚く”の意味で使うか,LJC-M078Q030
1652,LJC01784,LJC01784.jpg,17-84,30,78,オドロクを“驚く”の意味で使うか,LJC-M078Q030
1653,LJC01785,LJC01785.jpg,17-85,30,78,オドロクを“驚く”の意味で使うか,LJC-M078Q030
1654,LJC01786,LJC01786.jpg,17-86,30,78,オドロクを“驚く”の意味で使うか,LJC-M078Q030
1655,LJC01787,LJC01787.jpg,17-87,30,78,オドロクを“驚く”の意味で使うか,LJC-M078Q030
1656,LJC01788,LJC01788.jpg,17-88,30,78,オドロクを“驚く”の意味で使うか,LJC-M078Q030
1657,LJC01789,LJC01789.jpg,17-89,30,78,オドロクを“驚く”の意味で使うか,LJC-M078Q030
1658,LJC01790,LJC01790.jpg,17-90,30,78,オドロクを“驚く”の意味で使うか,LJC-M078Q030
1659,LJC01791,LJC01791.jpg,17-91,30,78,オドロクを“驚く”の意味で使うか,LJC-M078Q030
1660,LJC01792,LJC01792.jpg,17-92,30,78,オドロクを“驚く”の意味で使うか,LJC-M078Q030
1661,LJC01793,LJC01793.jpg,17-93,30,78,オドロクを“驚く”の意味で使うか,LJC-M078Q030
1662,LJC01794,LJC01794.jpg,17-94,30,78,オドロクを“驚く”の意味で使うか,LJC-M078Q030
1663,LJC01795,LJC01795.jpg,17-95,30,78,オドロクを“驚く”の意味で使うか,LJC-M078Q030
1664,LJC01796,LJC01796.jpg,17-96,30,78,オドロクを“驚く”の意味で使うか,LJC-M078Q030
1665,LJC01797,LJC01797.jpg,17-97,30,78,オドロクを“驚く”の意味で使うか,LJC-M078Q030
1666,LJC01798,LJC01798.jpg,17-98,30,78,オドロクを“驚く”の意味で使うか,LJC-M078Q030
1667,LJC01801,LJC01801.jpg,18-1,30,78,オドロクを“驚く”の意味で使うか,LJC-M078Q030
1668,LJC01802,LJC01802.jpg,18-2,30,78,オドロクを“驚く”の意味で使うか,LJC-M078Q030
1669,LJC01803,LJC01803.jpg,18-3,30,78,オドロクを“驚く”の意味で使うか,LJC-M078Q030
1670,LJC01804,LJC01804.jpg,18-4,30,78,オドロクを“驚く”の意味で使うか,LJC-M078Q030
1671,LJC01805,LJC01805.jpg,18-5,30,78,オドロクを“驚く”の意味で使うか,LJC-M078Q030
1672,LJC01806,LJC01806.jpg,18-6,30,78,オドロクを“驚く”の意味で使うか,LJC-M078Q030
1673,LJC01807,LJC01807.jpg,18-7,30,78,オドロクを“驚く”の意味で使うか,LJC-M078Q030
1674,LJC01808,LJC01808.jpg,18-8,30,78,オドロクを“驚く”の意味で使うか,LJC-M078Q030
1675,LJC01809,LJC01809.jpg,18-9,30,78,オドロクを“驚く”の意味で使うか,LJC-M078Q030
1676,LJC01810,LJC01810.jpg,18-10,30,78,オドロクを“驚く”の意味で使うか,LJC-M078Q030
1677,LJC01811,LJC01811.jpg,18-11,30,78,オドロクを“驚く”の意味で使うか,LJC-M078Q030
1678,LJC01812,LJC01812.jpg,18-12,30,78,オドロクを“驚く”の意味で使うか,LJC-M078Q030
1679,LJC01813,LJC01813.jpg,18-13,30,78,オドロクを“驚く”の意味で使うか,LJC-M078Q030
1680,LJC01814,LJC01814.jpg,18-14,30,78,オドロクを“驚く”の意味で使うか,LJC-M078Q030
1681,LJC01815,LJC01815.jpg,18-15,30,78,オドロクを“驚く”の意味で使うか,LJC-M078Q030
1682,LJC01816,LJC01816.jpg,18-16,30,78,オドロクを“驚く”の意味で使うか,LJC-M078Q030
1683,LJC01817,LJC01817.jpg,18-17,30,78,オドロクを“驚く”の意味で使うか,LJC-M078Q030
1684,LJC01818,LJC01818.jpg,18-18,30,78,オドロクを“驚く”の意味で使うか,LJC-M078Q030
1685,LJC01819,LJC01819.jpg,18-19,30,78,オドロクを“驚く”の意味で使うか,LJC-M078Q030
1686,LJC01820,LJC01820.jpg,18-20,30,78,オドロクを“驚く”の意味で使うか,LJC-M078Q030
1687,LJC01821,LJC01821.jpg,18-21,28,79,オドロクを“目覚める”の意味で使うか,LJC-M079Q028
1688,LJC01822,LJC01822.jpg,18-22,28,79,オドロクを“目覚める”の意味で使うか,LJC-M079Q028
1689,LJC01823,LJC01823.jpg,18-23,28,79,オドロクを“目覚める”の意味で使うか,LJC-M079Q028
1690,LJC01824,LJC01824.jpg,18-24,28,79,オドロクを“目覚める”の意味で使うか,LJC-M079Q028
1691,LJC01825,LJC01825.jpg,18-25,28,79,オドロクを“目覚める”の意味で使うか,LJC-M079Q028
1692,LJC01826,LJC01826.jpg,18-26,28,79,オドロクを“目覚める”の意味で使うか,LJC-M079Q028
1693,LJC01827,LJC01827.jpg,18-27,28,79,オドロクを“目覚める”の意味で使うか,LJC-M079Q028
1694,LJC01828,LJC01828.jpg,18-28,28,79,オドロクを“目覚める”の意味で使うか,LJC-M079Q028
1695,LJC01829,LJC01829.jpg,18-29,28,79,オドロクを“目覚める”の意味で使うか,LJC-M079Q028
1696,LJC01830,LJC01830.jpg,18-30,28,79,オドロクを“目覚める”の意味で使うか,LJC-M079Q028
1697,LJC01831,LJC01831.jpg,18-31,28,79,オドロクを“目覚める”の意味で使うか,LJC-M079Q028
1698,LJC01832,LJC01832.jpg,18-32,28,79,オドロクを“目覚める”の意味で使うか,LJC-M079Q028
1699,LJC01833,LJC01833.jpg,18-33,28,79,オドロクを“目覚める”の意味で使うか,LJC-M079Q028
1700,LJC01834,LJC01834.jpg,18-34,28,79,オドロクを“目覚める”の意味で使うか,LJC-M079Q028
1701,LJC01835,LJC01835.jpg,18-35,28,79,オドロクを“目覚める”の意味で使うか,LJC-M079Q028
1702,LJC01836,LJC01836.jpg,18-36,28,79,オドロクを“目覚める”の意味で使うか,LJC-M079Q028
1703,LJC01837,LJC01837.jpg,18-37,28,79,オドロクを“目覚める”の意味で使うか,LJC-M079Q028
1704,LJC01838,LJC01838.jpg,18-38,28,79,オドロクを“目覚める”の意味で使うか,LJC-M079Q028
1705,LJC01839,LJC01839.jpg,18-39,28,79,オドロクを“目覚める”の意味で使うか,LJC-M079Q028
1706,LJC01840,LJC01840.jpg,18-40,28,79,オドロクを“目覚める”の意味で使うか,LJC-M079Q028
1707,LJC01841,LJC01841.jpg,18-41,28,79,オドロクを“目覚める”の意味で使うか,LJC-M079Q028
1708,LJC01842,LJC01842.jpg,18-42,28,79,オドロクを“目覚める”の意味で使うか,LJC-M079Q028
1709,LJC01843,LJC01843.jpg,18-43,28,79,オドロクを“目覚める”の意味で使うか,LJC-M079Q028
1710,LJC01844,LJC01844.jpg,18-44,28,79,オドロクを“目覚める”の意味で使うか,LJC-M079Q028
1711,LJC01845,LJC01845.jpg,18-45,59,80,あざ (痣) になる,LJC-M080Q059
1712,LJC01846,LJC01846.jpg,18-46,59,80,あざ (痣) になる,LJC-M080Q059
1713,LJC01847,LJC01847.jpg,18-47,59,80,あざ (痣) になる,LJC-M080Q059
1714,LJC01848,LJC01848.jpg,18-48,59,80,あざ (痣) になる,LJC-M080Q059
1715,LJC01849,LJC01849.jpg,18-49,59,80,あざ (痣) になる,LJC-M080Q059
1716,LJC01850,LJC01850.jpg,18-50,59,80,あざ (痣) になる,LJC-M080Q059
1717,LJC01851,LJC01851.jpg,18-51,59,80,あざ (痣) になる,LJC-M080Q059
1718,LJC01852,LJC01852.jpg,18-52,59,80,あざ (痣) になる,LJC-M080Q059
1719,LJC01853,LJC01853.jpg,18-53,59,80,あざ (痣) になる,LJC-M080Q059
1720,LJC01854,LJC01854.jpg,18-54,59,80,あざ (痣) になる,LJC-M080Q059
1721,LJC01855,LJC01855.jpg,18-55,59,80,あざ (痣) になる,LJC-M080Q059
1722,LJC01856,LJC01856.jpg,18-56,59,80,あざ (痣) になる,LJC-M080Q059
1723,LJC01857,LJC01857.jpg,18-57,59,80,あざ (痣) になる,LJC-M080Q059
1724,LJC01858,LJC01858.jpg,18-58,59,80,あざ (痣) になる,LJC-M080Q059
1725,LJC01859,LJC01859.jpg,18-59,59,80,あざ (痣) になる,LJC-M080Q059
1726,LJC01860,LJC01860.jpg,18-60,59,80,あざ (痣) になる,LJC-M080Q059
1727,LJC01861,LJC01861.jpg,18-61,59,80,あざ (痣) になる,LJC-M080Q059
1728,LJC01862,LJC01862.jpg,18-62,59,80,あざ (痣) になる,LJC-M080Q059
1729,LJC01863,LJC01863.jpg,18-63,59,80,あざ (痣) になる,LJC-M080Q059
1730,LJC01864,LJC01864.jpg,18-64,59,80,あざ (痣) になる,LJC-M080Q059
1731,LJC01865,LJC01865.jpg,18-65,59,80,あざ (痣) になる,LJC-M080Q059
1732,LJC01866,LJC01866.jpg,18-66,59,80,あざ (痣) になる,LJC-M080Q059
1733,LJC01867,LJC01867.jpg,18-67,59,80,あざ (痣) になる,LJC-M080Q059
1734,LJC01868,LJC01868.jpg,18-68,59,80,あざ (痣) になる,LJC-M080Q059
1735,LJC01869,LJC01869.jpg,18-69,59,80,あざ (痣) になる,LJC-M080Q059
1736,LJC01870,LJC01870.jpg,18-70,59,80,あざ (痣) になる,LJC-M080Q059
1737,LJC01871,LJC01871.jpg,18-71,59,80,あざ (痣) になる,LJC-M080Q059
1738,LJC01872,LJC01872.jpg,18-72,59,80,あざ (痣) になる,LJC-M080Q059
1739,LJC01873,LJC01873.jpg,18-73,59,80,あざ (痣) になる,LJC-M080Q059
1740,LJC01874,LJC01874.jpg,18-74,59,80,あざ (痣) になる,LJC-M080Q059
1741,LJC01875,LJC01875.jpg,18-75,59,80,あざ (痣) になる,LJC-M080Q059
1742,LJC01876,LJC01876.jpg,18-76,59,80,あざ (痣) になる,LJC-M080Q059
1743,LJC01877,LJC01877.jpg,18-77,59,80,あざ (痣) になる,LJC-M080Q059
1744,LJC01878,LJC01878.jpg,18-78,59,80,あざ (痣) になる,LJC-M080Q059
1745,LJC01879,LJC01879.jpg,18-79,59,80,あざ (痣) になる,LJC-M080Q059
1746,LJC01880,LJC01880.jpg,18-80,59,80,あざ (痣) になる,LJC-M080Q059
1747,LJC01881,LJC01881.jpg,18-81,59,80,あざ (痣) になる,LJC-M080Q059
1748,LJC01882,LJC01882.jpg,18-82,59,80,あざ (痣) になる,LJC-M080Q059
1749,LJC01883,LJC01883.jpg,18-83,59,80,あざ (痣) になる,LJC-M080Q059
1750,LJC01884,LJC01884.jpg,18-84,59,80,あざ (痣) になる,LJC-M080Q059
1751,LJC01885,LJC01885.jpg,18-85,59,80,あざ (痣) になる,LJC-M080Q059
1752,LJC01886,LJC01886.jpg,18-86,59,80,あざ (痣) になる,LJC-M080Q059
1753,LJC01887,LJC01887.jpg,18-87,59,80,あざ (痣) になる,LJC-M080Q059
1754,LJC01888,LJC01888.jpg,18-88,59,80,あざ (痣) になる,LJC-M080Q059
1755,LJC01889,LJC01889.jpg,18-89,59,80,あざ (痣) になる,LJC-M080Q059
1756,LJC01890,LJC01890.jpg,18-90,59,80,あざ (痣) になる,LJC-M080Q059
1757,LJC01891,LJC01891.jpg,18-91,59,80,あざ (痣) になる,LJC-M080Q059
1758,LJC01892,LJC01892.jpg,18-92,59,80,あざ (痣) になる,LJC-M080Q059
1759,LJC01893,LJC01893.jpg,18-93,59,80,あざ (痣) になる,LJC-M080Q059
1760,LJC01894,LJC01894.jpg,18-94,59,80,あざ (痣) になる,LJC-M080Q059
1761,LJC01895,LJC01895.jpg,18-95,59,80,あざ (痣) になる,LJC-M080Q059
1762,LJC01896,LJC01896.jpg,18-96,59,80,あざ (痣) になる,LJC-M080Q059
1763,LJC01897,LJC01897.jpg,18-97,59,80,あざ (痣) になる,LJC-M080Q059
1764,LJC01898,LJC01898.jpg,18-98,59,80,あざ (痣) になる,LJC-M080Q059
1765,LJC01901,LJC01901.jpg,19-1,59,80,あざ (痣) になる,LJC-M080Q059
1766,LJC01902,LJC01902.jpg,19-2,59,80,あざ (痣) になる,LJC-M080Q059
1767,LJC01903,LJC01903.jpg,19-3,59,80,あざ (痣) になる,LJC-M080Q059
1768,LJC01904,LJC01904.jpg,19-4,59,80,あざ (痣) になる,LJC-M080Q059
1769,LJC01905,LJC01905.jpg,19-5,59,80,あざ (痣) になる,LJC-M080Q059
1770,LJC01906,LJC01906.jpg,19-6,59,80,あざ (痣) になる,LJC-M080Q059
1771,LJC01907,LJC01907.jpg,19-7,59,80,あざ (痣) になる,LJC-M080Q059
1772,LJC01908,LJC01908.jpg,19-8,59,80,あざ (痣) になる,LJC-M080Q059
1773,LJC01909,LJC01909.jpg,19-9,59,80,あざ (痣) になる,LJC-M080Q059
1774,LJC01910,LJC01910.jpg,19-10,59,80,あざ (痣) になる,LJC-M080Q059
1775,LJC01911,LJC01911.jpg,19-11,59,80,あざ (痣) になる,LJC-M080Q059
1776,LJC01912,LJC01912.jpg,19-12,59,80,あざ (痣) になる,LJC-M080Q059
1777,LJC01913,LJC01913.jpg,19-13,59,80,あざ (痣) になる,LJC-M080Q059
1778,LJC01914,LJC01914.jpg,19-14,59,80,あざ (痣) になる,LJC-M080Q059
1779,LJC01915,LJC01915.jpg,19-15,59,80,あざ (痣) になる,LJC-M080Q059
1780,LJC01916,LJC01916.jpg,19-16,59,80,あざ (痣) になる,LJC-M080Q059
1781,LJC01917,LJC01917.jpg,19-17,59,80,あざ (痣) になる,LJC-M080Q059
1782,LJC01918,LJC01918.jpg,19-18,59,80,あざ (痣) になる,LJC-M080Q059
1783,LJC01919,LJC01919.jpg,19-19,59,80,あざ (痣) になる,LJC-M080Q059
1784,LJC01920,LJC01920.jpg,19-20,59,80,あざ (痣) になる,LJC-M080Q059
1785,LJC01921,LJC01921.jpg,19-21,59,80,あざ (痣) になる,LJC-M080Q059
1786,LJC01922,LJC01922.jpg,19-22,59,80,あざ (痣) になる,LJC-M080Q059
1787,LJC01923,LJC01923.jpg,19-23,59,80,あざ (痣) になる,LJC-M080Q059
1788,LJC01924,LJC01924.jpg,19-24,59,80,あざ (痣) になる,LJC-M080Q059
1789,LJC01925,LJC01925.jpg,19-25,59,80,あざ (痣) になる,LJC-M080Q059
1790,LJC01926,LJC01926.jpg,19-26,59,80,あざ (痣) になる,LJC-M080Q059
1791,LJC01927,LJC01927.jpg,19-27,59,80,あざ (痣) になる,LJC-M080Q059
1792,LJC01928,LJC01928.jpg,19-28,59,80,あざ (痣) になる,LJC-M080Q059
1793,LJC01929,LJC01929.jpg,19-29,59,80,あざ (痣) になる,LJC-M080Q059
1794,LJC01930,LJC01930.jpg,19-30,59,80,あざ (痣) になる,LJC-M080Q059
1795,LJC01931,LJC01931.jpg,19-31,59,80,あざ (痣) になる,LJC-M080Q059
1796,LJC01932,LJC01932.jpg,19-32,59,80,あざ (痣) になる,LJC-M080Q059
1797,LJC01933,LJC01933.jpg,19-33,59,80,あざ (痣) になる,LJC-M080Q059
1798,LJC01934,LJC01934.jpg,19-34,59,80,あざ (痣) になる,LJC-M080Q059
1799,LJC01935,LJC01935.jpg,19-35,59,80,あざ (痣) になる,LJC-M080Q059
1800,LJC01936,LJC01936.jpg,19-36,59,80,あざ (痣) になる,LJC-M080Q059
1801,LJC01937,LJC01937.jpg,19-37,59,80,あざ (痣) になる,LJC-M080Q059
1802,LJC01938,LJC01938.jpg,19-38,234,"081, 082",くすぐる (擽る),LJC-M081Q234
1803,LJC01939,LJC01939.jpg,19-39,234,"081, 082",くすぐる (擽る),LJC-M081Q234
1804,LJC01940,LJC01940.jpg,19-40,234,"081, 082",くすぐる (擽る),LJC-M081Q234
1805,LJC01941,LJC01941.jpg,19-41,234,"081, 082",くすぐる (擽る),LJC-M081Q234
1806,LJC01942,LJC01942.jpg,19-42,234,"081, 082",くすぐる (擽る),LJC-M081Q234
1807,LJC01943,LJC01943.jpg,19-43,234,"081, 082",くすぐる (擽る),LJC-M081Q234
1808,LJC01944,LJC01944.jpg,19-44,234,"081, 082",くすぐる (擽る),LJC-M081Q234
1809,LJC01945,LJC01945.jpg,19-45,234,"081, 082",くすぐる (擽る),LJC-M081Q234
1810,LJC01946,LJC01946.jpg,19-46,234,"081, 082",くすぐる (擽る),LJC-M081Q234
1811,LJC01947,LJC01947.jpg,19-47,234,"081, 082",くすぐる (擽る),LJC-M081Q234
1812,LJC01948,LJC01948.jpg,19-48,234,"081, 082",くすぐる (擽る),LJC-M081Q234
1813,LJC01949,LJC01949.jpg,19-49,234,"081, 082",くすぐる (擽る),LJC-M081Q234
1814,LJC01950,LJC01950.jpg,19-50,234,"081, 082",くすぐる (擽る),LJC-M081Q234
1815,LJC01951,LJC01951.jpg,19-51,22,"083, 084",きゅう (灸) をすえる,LJC-M083Q022
1816,LJC01952,LJC01952.jpg,19-52,22,"083, 084",きゅう (灸) をすえる,LJC-M083Q022
1817,LJC01953,LJC01953.jpg,19-53,22,"083, 084",きゅう (灸) をすえる,LJC-M083Q022
1818,LJC01954,LJC01954.jpg,19-54,22,"083, 084",きゅう (灸) をすえる,LJC-M083Q022
1819,LJC01955,LJC01955.jpg,19-55,22,"083, 084",きゅう (灸) をすえる,LJC-M083Q022
1820,LJC01956,LJC01956.jpg,19-56,22,"083, 084",きゅう (灸) をすえる,LJC-M083Q022
1821,LJC01957,LJC01957.jpg,19-57,22,"083, 084",きゅう (灸) をすえる,LJC-M083Q022
1822,LJC01958,LJC01958.jpg,19-58,22,"083, 084",きゅう (灸) をすえる,LJC-M083Q022
1823,LJC01959,LJC01959.jpg,19-59,22,"083, 084",きゅう (灸) をすえる,LJC-M083Q022
1824,LJC01960,LJC01960.jpg,19-60,22,"083, 084",きゅう (灸) をすえる,LJC-M083Q022
1825,LJC01961,LJC01961.jpg,19-61,22,"083, 084",きゅう (灸) をすえる,LJC-M083Q022
1826,LJC01962,LJC01962.jpg,19-62,22,"083, 084",きゅう (灸) をすえる,LJC-M083Q022
1827,LJC01963,LJC01963.jpg,19-63,22,"083, 084",きゅう (灸) をすえる,LJC-M083Q022
1828,LJC01964,LJC01964.jpg,19-64,22,"083, 084",きゅう (灸) をすえる,LJC-M083Q022
1829,LJC01965,LJC01965.jpg,19-65,22,"083, 084",きゅう (灸) をすえる,LJC-M083Q022
1830,LJC01966,LJC01966.jpg,19-66,22,"083, 084",きゅう (灸) をすえる,LJC-M083Q022
1831,LJC01967,LJC01967.jpg,19-67,22,"083, 084",きゅう (灸) をすえる,LJC-M083Q022
1832,LJC01968,LJC01968.jpg,19-68,22,"083, 084",きゅう (灸) をすえる,LJC-M083Q022
1833,LJC01969,LJC01969.jpg,19-69,22,"083, 084",きゅう (灸) をすえる,LJC-M083Q022
1834,LJC01970,LJC01970.jpg,19-70,22,"083, 084",きゅう (灸) をすえる,LJC-M083Q022
1835,LJC01971,LJC01971.jpg,19-71,22,"083, 084",きゅう (灸) をすえる,LJC-M083Q022
1836,LJC01972,LJC01972.jpg,19-72,22,"083, 084",きゅう (灸) をすえる,LJC-M083Q022
1837,LJC01973,LJC01973.jpg,19-73,22,"083, 084",きゅう (灸) をすえる,LJC-M083Q022
1838,LJC01974,LJC01974.jpg,19-74,22,"083, 084",きゅう (灸) をすえる,LJC-M083Q022
1839,LJC01975,LJC01975.jpg,19-75,22,"083, 084",きゅう (灸) をすえる,LJC-M083Q022
1840,LJC01976,LJC01976.jpg,19-76,22,"083, 084",きゅう (灸) をすえる,LJC-M083Q022
1841,LJC01977,LJC01977.jpg,19-77,22,"083, 084",きゅう (灸) をすえる,LJC-M083Q022
1842,LJC01978,LJC01978.jpg,19-78,22,"083, 084",きゅう (灸) をすえる,LJC-M083Q022
1843,LJC01979,LJC01979.jpg,19-79,22,"083, 084",きゅう (灸) をすえる,LJC-M083Q022
1844,LJC01980,LJC01980.jpg,19-80,22,"083, 084",きゅう (灸) をすえる,LJC-M083Q022
1845,LJC01981,LJC01981.jpg,19-81,22,"083, 084",きゅう (灸) をすえる,LJC-M083Q022
1846,LJC01982,LJC01982.jpg,19-82,22,"083, 084",きゅう (灸) をすえる,LJC-M083Q022
1847,LJC01983,LJC01983.jpg,19-83,22,"083, 084",きゅう (灸) をすえる,LJC-M083Q022
1848,LJC01984,LJC01984.jpg,19-84,22,"083, 084",きゅう (灸) をすえる,LJC-M083Q022
1849,LJC01985,LJC01985.jpg,19-85,22,"083, 084",きゅう (灸) をすえる,LJC-M083Q022
1850,LJC01986,LJC01986.jpg,19-86,22,"083, 084",きゅう (灸) をすえる,LJC-M083Q022
1851,LJC01987,LJC01987.jpg,19-87,22,"083, 084",きゅう (灸) をすえる,LJC-M083Q022
1852,LJC01988,LJC01988.jpg,19-88,22,"083, 084",きゅう (灸) をすえる,LJC-M083Q022
1853,LJC01989,LJC01989.jpg,19-89,22,"083, 084",きゅう (灸) をすえる,LJC-M083Q022
1854,LJC01990,LJC01990.jpg,19-90,22,"083, 084",きゅう (灸) をすえる,LJC-M083Q022
1855,LJC01991,LJC01991.jpg,19-91,22,"083, 084",きゅう (灸) をすえる,LJC-M083Q022
1856,LJC01992,LJC01992.jpg,19-92,22,"083, 084",きゅう (灸) をすえる,LJC-M083Q022
1857,LJC01993,LJC01993.jpg,19-93,22,"083, 084",きゅう (灸) をすえる,LJC-M083Q022
1858,LJC01994,LJC01994.jpg,19-94,22,"083, 084",きゅう (灸) をすえる,LJC-M083Q022
1859,LJC01995,LJC01995.jpg,19-95,22,"083, 084",きゅう (灸) をすえる,LJC-M083Q022
1860,LJC01996,LJC01996.jpg,19-96,22,"083, 084",きゅう (灸) をすえる,LJC-M083Q022
1861,LJC01997,LJC01997.jpg,19-97,22,"083, 084",きゅう (灸) をすえる,LJC-M083Q022
1862,LJC01998,LJC01998.jpg,19-98,22,"083, 084",きゅう (灸) をすえる,LJC-M083Q022
1863,LJC02001,LJC02001.jpg,20-1,22,"083, 084",きゅう (灸) をすえる,LJC-M083Q022
1864,LJC02002,LJC02002.jpg,20-2,22,"083, 084",きゅう (灸) をすえる,LJC-M083Q022
1865,LJC02003,LJC02003.jpg,20-3,22,"083, 084",きゅう (灸) をすえる,LJC-M083Q022
1866,LJC02004,LJC02004.jpg,20-4,22,"083, 084",きゅう (灸) をすえる,LJC-M083Q022
1867,LJC02005,LJC02005.jpg,20-5,22,"083, 084",きゅう (灸) をすえる,LJC-M083Q022
1868,LJC02006,LJC02006.jpg,20-6,22,"083, 084",きゅう (灸) をすえる,LJC-M083Q022
1869,LJC02007,LJC02007.jpg,20-7,22,"083, 084",きゅう (灸) をすえる,LJC-M083Q022
1870,LJC02008,LJC02008.jpg,20-8,22,"083, 084",きゅう (灸) をすえる,LJC-M083Q022
1871,LJC02009,LJC02009.jpg,20-9,42,"085, 086",におい (匂) をかぐ (嗅ぐ),LJC-M085Q042
1872,LJC02010,LJC02010.jpg,20-10,42,"085, 086",におい (匂) をかぐ (嗅ぐ),LJC-M085Q042
1873,LJC02011,LJC02011.jpg,20-11,42,"085, 086",におい (匂) をかぐ (嗅ぐ),LJC-M085Q042
1874,LJC02012,LJC02012.jpg,20-12,42,"085, 086",におい (匂) をかぐ (嗅ぐ),LJC-M085Q042
1875,LJC02013,LJC02013.jpg,20-13,42,"085, 086",におい (匂) をかぐ (嗅ぐ),LJC-M085Q042
1876,LJC02014,LJC02014.jpg,20-14,42,"085, 086",におい (匂) をかぐ (嗅ぐ),LJC-M085Q042
1877,LJC02015,LJC02015.jpg,20-15,42,"085, 086",におい (匂) をかぐ (嗅ぐ),LJC-M085Q042
1878,LJC02016,LJC02016.jpg,20-16,42,"085, 086",におい (匂) をかぐ (嗅ぐ),LJC-M085Q042
1879,LJC02017,LJC02017.jpg,20-17,42,"085, 086",におい (匂) をかぐ (嗅ぐ),LJC-M085Q042
1880,LJC02018,LJC02018.jpg,20-18,42,"085, 086",におい (匂) をかぐ (嗅ぐ),LJC-M085Q042
1881,LJC02019,LJC02019.jpg,20-19,42,"085, 086",におい (匂) をかぐ (嗅ぐ),LJC-M085Q042
1882,LJC02020,LJC02020.jpg,20-20,42,"085, 086",におい (匂) をかぐ (嗅ぐ),LJC-M085Q042
1883,LJC02021,LJC02021.jpg,20-21,42,"085, 086",におい (匂) をかぐ (嗅ぐ),LJC-M085Q042
1884,LJC02022,LJC02022.jpg,20-22,42,"085, 086",におい (匂) をかぐ (嗅ぐ),LJC-M085Q042
1885,LJC02023,LJC02023.jpg,20-23,42,"085, 086",におい (匂) をかぐ (嗅ぐ),LJC-M085Q042
1886,LJC02024,LJC02024.jpg,20-24,42,"085, 086",におい (匂) をかぐ (嗅ぐ),LJC-M085Q042
1887,LJC02025,LJC02025.jpg,20-25,42,"085, 086",におい (匂) をかぐ (嗅ぐ),LJC-M085Q042
1888,LJC02026,LJC02026.jpg,20-26,42,"085, 086",におい (匂) をかぐ (嗅ぐ),LJC-M085Q042
1889,LJC02027,LJC02027.jpg,20-27,42,"085, 086",におい (匂) をかぐ (嗅ぐ),LJC-M085Q042
1890,LJC02028,LJC02028.jpg,20-28,42,"085, 086",におい (匂) をかぐ (嗅ぐ),LJC-M085Q042
1891,LJC02029,LJC02029.jpg,20-29,42,"085, 086",におい (匂) をかぐ (嗅ぐ),LJC-M085Q042
1892,LJC02030,LJC02030.jpg,20-30,42,"085, 086",におい (匂) をかぐ (嗅ぐ),LJC-M085Q042
1893,LJC02031,LJC02031.jpg,20-31,42,"085, 086",におい (匂) をかぐ (嗅ぐ),LJC-M085Q042
1894,LJC02032,LJC02032.jpg,20-32,42,"085, 086",におい (匂) をかぐ (嗅ぐ),LJC-M085Q042
1895,LJC02033,LJC02033.jpg,20-33,42,"085, 086",におい (匂) をかぐ (嗅ぐ),LJC-M085Q042
1896,LJC02034,LJC02034.jpg,20-34,42,"085, 086",におい (匂) をかぐ (嗅ぐ),LJC-M085Q042
1897,LJC02035,LJC02035.jpg,20-35,42,"085, 086",におい (匂) をかぐ (嗅ぐ),LJC-M085Q042
1898,LJC02036,LJC02036.jpg,20-36,42,"085, 086",におい (匂) をかぐ (嗅ぐ),LJC-M085Q042
1899,LJC02037,LJC02037.jpg,20-37,42,"085, 086",におい (匂) をかぐ (嗅ぐ),LJC-M085Q042
1900,LJC02038,LJC02038.jpg,20-38,42,"085, 086",におい (匂) をかぐ (嗅ぐ),LJC-M085Q042
1901,LJC02039,LJC02039.jpg,20-39,42,"085, 086",におい (匂) をかぐ (嗅ぐ),LJC-M085Q042
1902,LJC02040,LJC02040.jpg,20-40,42,"085, 086",におい (匂) をかぐ (嗅ぐ),LJC-M085Q042
1903,LJC02041,LJC02041.jpg,20-41,42,"085, 086",におい (匂) をかぐ (嗅ぐ),LJC-M085Q042
1904,LJC02042,LJC02042.jpg,20-42,42,"085, 086",におい (匂) をかぐ (嗅ぐ),LJC-M085Q042
1905,LJC02043,LJC02043.jpg,20-43,42,"085, 086",におい (匂) をかぐ (嗅ぐ),LJC-M085Q042
1906,LJC02044,LJC02044.jpg,20-44,42,"085, 086",におい (匂) をかぐ (嗅ぐ),LJC-M085Q042
1907,LJC02045,LJC02045.jpg,20-45,42,"085, 086",におい (匂) をかぐ (嗅ぐ),LJC-M085Q042
1908,LJC02046,LJC02046.jpg,20-46,42,"085, 086",におい (匂) をかぐ (嗅ぐ),LJC-M085Q042
1909,LJC02047,LJC02047.jpg,20-47,42,"085, 086",におい (匂) をかぐ (嗅ぐ),LJC-M085Q042
1910,LJC02048,LJC02048.jpg,20-48,42,"085, 086",におい (匂) をかぐ (嗅ぐ),LJC-M085Q042
1911,LJC02049,LJC02049.jpg,20-49,42,"085, 086",におい (匂) をかぐ (嗅ぐ),LJC-M085Q042
1912,LJC02050,LJC02050.jpg,20-50,42,"085, 086",におい (匂) をかぐ (嗅ぐ),LJC-M085Q042
1913,LJC02051,LJC02051.jpg,20-51,42,"085, 086",におい (匂) をかぐ (嗅ぐ),LJC-M085Q042
1914,LJC02052,LJC02052.jpg,20-52,42,"085, 086",におい (匂) をかぐ (嗅ぐ),LJC-M085Q042
1915,LJC02053,LJC02053.jpg,20-53,42,"085, 086",におい (匂) をかぐ (嗅ぐ),LJC-M085Q042
1916,LJC02054,LJC02054.jpg,20-54,55,"087, 088",せき (咳) をする,LJC-M087Q055
1917,LJC02055,LJC02055.jpg,20-55,55,"087, 088",せき (咳) をする,LJC-M087Q055
1918,LJC02056,LJC02056.jpg,20-56,55,"087, 088",せき (咳) をする,LJC-M087Q055
1919,LJC02057,LJC02057.jpg,20-57,55,"087, 088",せき (咳) をする,LJC-M087Q055
1920,LJC02058,LJC02058.jpg,20-58,55,"087, 088",せき (咳) をする,LJC-M087Q055
1921,LJC02059,LJC02059.jpg,20-59,55,"087, 088",せき (咳) をする,LJC-M087Q055
1922,LJC02060,LJC02060.jpg,20-60,55,"087, 088",せき (咳) をする,LJC-M087Q055
1923,LJC02061,LJC02061.jpg,20-61,55,"087, 088",せき (咳) をする,LJC-M087Q055
1924,LJC02062,LJC02062.jpg,20-62,55,"087, 088",せき (咳) をする,LJC-M087Q055
1925,LJC02063,LJC02063.jpg,20-63,55,"087, 088",せき (咳) をする,LJC-M087Q055
1926,LJC02064,LJC02064.jpg,20-64,55,"087, 088",せき (咳) をする,LJC-M087Q055
1927,LJC02065,LJC02065.jpg,20-65,55,"087, 088",せき (咳) をする,LJC-M087Q055
1928,LJC02066,LJC02066.jpg,20-66,55,"087, 088",せき (咳) をする,LJC-M087Q055
1929,LJC02067,LJC02067.jpg,20-67,55,"087, 088",せき (咳) をする,LJC-M087Q055
1930,LJC02068,LJC02068.jpg,20-68,55,"087, 088",せき (咳) をする,LJC-M087Q055
1931,LJC02069,LJC02069.jpg,20-69,55,"087, 088",せき (咳) をする,LJC-M087Q055
1932,LJC02070,LJC02070.jpg,20-70,55,"087, 088",せき (咳) をする,LJC-M087Q055
1933,LJC02071,LJC02071.jpg,20-71,55,"087, 088",せき (咳) をする,LJC-M087Q055
1934,LJC02072,LJC02072.jpg,20-72,55,"087, 088",せき (咳) をする,LJC-M087Q055
1935,LJC02073,LJC02073.jpg,20-73,55,"087, 088",せき (咳) をする,LJC-M087Q055
1936,LJC02074,LJC02074.jpg,20-74,55,"087, 088",せき (咳) をする,LJC-M087Q055
1937,LJC02075,LJC02075.jpg,20-75,55,"087, 088",せき (咳) をする,LJC-M087Q055
1938,LJC02076,LJC02076.jpg,20-76,55,"087, 088",せき (咳) をする,LJC-M087Q055
1939,LJC02077,LJC02077.jpg,20-77,55,"087, 088",せき (咳) をする,LJC-M087Q055
1940,LJC02078,LJC02078.jpg,20-78,55,"087, 088",せき (咳) をする,LJC-M087Q055
1941,LJC02079,LJC02079.jpg,20-79,55,"087, 088",せき (咳) をする,LJC-M087Q055
1942,LJC02080,LJC02080.jpg,20-80,55,"087, 088",せき (咳) をする,LJC-M087Q055
1943,LJC02081,LJC02081.jpg,20-81,55,"087, 088",せき (咳) をする,LJC-M087Q055
1944,LJC02082,LJC02082.jpg,20-82,55,"087, 088",せき (咳) をする,LJC-M087Q055
1945,LJC02083,LJC02083.jpg,20-83,55,"087, 088",せき (咳) をする,LJC-M087Q055
1946,LJC02084,LJC02084.jpg,20-84,55,"087, 088",せき (咳) をする,LJC-M087Q055
1947,LJC02085,LJC02085.jpg,20-85,55,"087, 088",せき (咳) をする,LJC-M087Q055
1948,LJC02086,LJC02086.jpg,20-86,55,"087, 088",せき (咳) をする,LJC-M087Q055
1949,LJC02087,LJC02087.jpg,20-87,55,"087, 088",せき (咳) をする,LJC-M087Q055
1950,LJC02088,LJC02088.jpg,20-88,55,"087, 088",せき (咳) をする,LJC-M087Q055
1951,LJC02089,LJC02089.jpg,20-89,55,"087, 088",せき (咳) をする,LJC-M087Q055
1952,LJC02090,LJC02090.jpg,20-90,55,"087, 088",せき (咳) をする,LJC-M087Q055
1953,LJC02091,LJC02091.jpg,20-91,55,"087, 088",せき (咳) をする,LJC-M087Q055
1954,LJC02092,LJC02092.jpg,20-92,55,"087, 088",せき (咳) をする,LJC-M087Q055
1955,LJC02093,LJC02093.jpg,20-93,55,"087, 088",せき (咳) をする,LJC-M087Q055
1956,LJC02094,LJC02094.jpg,20-94,55,"087, 088",せき (咳) をする,LJC-M087Q055
1957,LJC02095,LJC02095.jpg,20-95,55,"087, 088",せき (咳) をする,LJC-M087Q055
1958,LJC02096,LJC02096.jpg,20-96,55,"087, 088",せき (咳) をする,LJC-M087Q055
1959,LJC02097,LJC02097.jpg,20-97,55,"087, 088",せき (咳) をする,LJC-M087Q055
1960,LJC02098,LJC02098.jpg,20-98,55,"087, 088",せき (咳) をする,LJC-M087Q055
1961,LJC02101,LJC02101.jpg,21-1,55,"087, 088",せき (咳) をする,LJC-M087Q055
1962,LJC02102,LJC02102.jpg,21-2,55,"087, 088",せき (咳) をする,LJC-M087Q055
1963,LJC02103,LJC02103.jpg,21-3,55,"087, 088",せき (咳) をする,LJC-M087Q055
1964,LJC02104,LJC02104.jpg,21-4,55,"087, 088",せき (咳) をする,LJC-M087Q055
1965,LJC02105,LJC02105.jpg,21-5,55,"087, 088",せき (咳) をする,LJC-M087Q055
1966,LJC02106,LJC02106.jpg,21-6,55,"087, 088",せき (咳) をする,LJC-M087Q055
1967,LJC02107,LJC02107.jpg,21-7,55,"087, 088",せき (咳) をする,LJC-M087Q055
1968,LJC02108,LJC02108.jpg,21-8,55,"087, 088",せき (咳) をする,LJC-M087Q055
1969,LJC02109,LJC02109.jpg,21-9,55,"087, 088",せき (咳) をする,LJC-M087Q055
1970,LJC02110,LJC02110.jpg,21-10,55,"087, 088",せき (咳) をする,LJC-M087Q055
1971,LJC02111,LJC02111.jpg,21-11,55,"087, 088",せき (咳) をする,LJC-M087Q055
1972,LJC02112,LJC02112.jpg,21-12,55,"087, 088",せき (咳) をする,LJC-M087Q055
1973,LJC02113,LJC02113.jpg,21-13,55,"087, 088",せき (咳) をする,LJC-M087Q055
1974,LJC02114,LJC02114.jpg,21-14,55,"087, 088",せき (咳) をする,LJC-M087Q055
1975,LJC02115,LJC02115.jpg,21-15,55,"087, 088",せき (咳) をする,LJC-M087Q055
1976,LJC02116,LJC02116.jpg,21-16,55,"087, 088",せき (咳) をする,LJC-M087Q055
1977,LJC02117,LJC02117.jpg,21-17,55,"087, 088",せき (咳) をする,LJC-M087Q055
1978,LJC02118,LJC02118.jpg,21-18,55,"087, 088",せき (咳) をする,LJC-M087Q055
1979,LJC02119,LJC02119.jpg,21-19,55,"087, 088",せき (咳) をする,LJC-M087Q055
1980,LJC02120,LJC02120.jpg,21-20,55,"087, 088",せき (咳) をする,LJC-M087Q055
1981,LJC02121,LJC02121.jpg,21-21,55,"087, 088",せき (咳) をする,LJC-M087Q055
1982,LJC02122,LJC02122.jpg,21-22,55,"087, 088",せき (咳) をする,LJC-M087Q055
1983,LJC02123,LJC02123.jpg,21-23,55,"087, 088",せき (咳) をする,LJC-M087Q055
1984,LJC02124,LJC02124.jpg,21-24,55,"087, 088",せき (咳) をする,LJC-M087Q055
1985,LJC02125,LJC02125.jpg,21-25,55,"087, 088",せき (咳) をする,LJC-M087Q055
1986,LJC02126,LJC02126.jpg,21-26,55,"087, 088",せき (咳) をする,LJC-M087Q055
1987,LJC02127,LJC02127.jpg,21-27,55,"087, 088",せき (咳) をする,LJC-M087Q055
1988,LJC02128,LJC02128.jpg,21-28,55,"087, 088",せき (咳) をする,LJC-M087Q055
1989,LJC02129,LJC02129.jpg,21-29,55,"087, 088",せき (咳) をする,LJC-M087Q055
1990,LJC02130,LJC02130.jpg,21-30,55,"087, 088",せき (咳) をする,LJC-M087Q055
1991,LJC02131,LJC02131.jpg,21-31,55,"087, 088",せき (咳) をする,LJC-M087Q055
1992,LJC02132,LJC02132.jpg,21-32,55,"087, 088",せき (咳) をする,LJC-M087Q055
1993,LJC02133,LJC02133.jpg,21-33,55,"087, 088",せき (咳) をする,LJC-M087Q055
1994,LJC02134,LJC02134.jpg,21-34,55,"087, 088",せき (咳) をする,LJC-M087Q055
1995,LJC02135,LJC02135.jpg,21-35,55,"087, 088",せき (咳) をする,LJC-M087Q055
1996,LJC02136,LJC02136.jpg,21-36,55,"087, 088",せき (咳) をする,LJC-M087Q055
1997,LJC02137,LJC02137.jpg,21-37,55,"087, 088",せき (咳) をする,LJC-M087Q055
1998,LJC02138,LJC02138.jpg,21-38,55,"087, 088",せき (咳) をする,LJC-M087Q055
1999,LJC02139,LJC02139.jpg,21-39,55,"087, 088",せき (咳) をする,LJC-M087Q055
2000,LJC02140,LJC02140.jpg,21-40,55,"087, 088",せき (咳) をする,LJC-M087Q055
2001,LJC02141,LJC02141.jpg,21-41,54,"089, 090",いびき (鼾) をかく,LJC-M089Q054
2002,LJC02142,LJC02142.jpg,21-42,54,"089, 090",いびき (鼾) をかく,LJC-M089Q054
2003,LJC02143,LJC02143.jpg,21-43,54,"089, 090",いびき (鼾) をかく,LJC-M089Q054
2004,LJC02144,LJC02144.jpg,21-44,54,"089, 090",いびき (鼾) をかく,LJC-M089Q054
2005,LJC02145,LJC02145.jpg,21-45,54,"089, 090",いびき (鼾) をかく,LJC-M089Q054
2006,LJC02146,LJC02146.jpg,21-46,54,"089, 090",いびき (鼾) をかく,LJC-M089Q054
2007,LJC02147,LJC02147.jpg,21-47,54,"089, 090",いびき (鼾) をかく,LJC-M089Q054
2008,LJC02148,LJC02148.jpg,21-48,54,"089, 090",いびき (鼾) をかく,LJC-M089Q054
2009,LJC02149,LJC02149.jpg,21-49,54,"089, 090",いびき (鼾) をかく,LJC-M089Q054
2010,LJC02150,LJC02150.jpg,21-50,54,"089, 090",いびき (鼾) をかく,LJC-M089Q054
2011,LJC02151,LJC02151.jpg,21-51,54,"089, 090",いびき (鼾) をかく,LJC-M089Q054
2012,LJC02152,LJC02152.jpg,21-52,54,"089, 090",いびき (鼾) をかく,LJC-M089Q054
2013,LJC02153,LJC02153.jpg,21-53,54,"089, 090",いびき (鼾) をかく,LJC-M089Q054
2014,LJC02154,LJC02154.jpg,21-54,54,"089, 090",いびき (鼾) をかく,LJC-M089Q054
2015,LJC02155,LJC02155.jpg,21-55,54,"089, 090",いびき (鼾) をかく,LJC-M089Q054
2016,LJC02156,LJC02156.jpg,21-56,54,"089, 090",いびき (鼾) をかく,LJC-M089Q054
2017,LJC02157,LJC02157.jpg,21-57,54,"089, 090",いびき (鼾) をかく,LJC-M089Q054
2018,LJC02158,LJC02158.jpg,21-58,54,"089, 090",いびき (鼾) をかく,LJC-M089Q054
2019,LJC02159,LJC02159.jpg,21-59,54,"089, 090",いびき (鼾) をかく,LJC-M089Q054
2020,LJC02160,LJC02160.jpg,21-60,54,"089, 090",いびき (鼾) をかく,LJC-M089Q054
2021,LJC02161,LJC02161.jpg,21-61,54,"089, 090",いびき (鼾) をかく,LJC-M089Q054
2022,LJC02162,LJC02162.jpg,21-62,54,"089, 090",いびき (鼾) をかく,LJC-M089Q054
2023,LJC02163,LJC02163.jpg,21-63,54,"089, 090",いびき (鼾) をかく,LJC-M089Q054
2024,LJC02164,LJC02164.jpg,21-64,54,"089, 090",いびき (鼾) をかく,LJC-M089Q054
2025,LJC02165,LJC02165.jpg,21-65,54,"089, 090",いびき (鼾) をかく,LJC-M089Q054
2026,LJC02166,LJC02166.jpg,21-66,54,"089, 090",いびき (鼾) をかく,LJC-M089Q054
2027,LJC02167,LJC02167.jpg,21-67,54,"089, 090",いびき (鼾) をかく,LJC-M089Q054
2028,LJC02168,LJC02168.jpg,21-68,54,"089, 090",いびき (鼾) をかく,LJC-M089Q054
2029,LJC02169,LJC02169.jpg,21-69,54,"089, 090",いびき (鼾) をかく,LJC-M089Q054
2030,LJC02170,LJC02170.jpg,21-70,54,"089, 090",いびき (鼾) をかく,LJC-M089Q054
2031,LJC02171,LJC02171.jpg,21-71,54,"089, 090",いびき (鼾) をかく,LJC-M089Q054
2032,LJC02172,LJC02172.jpg,21-72,54,"089, 090",いびき (鼾) をかく,LJC-M089Q054
2033,LJC02173,LJC02173.jpg,21-73,54,"089, 090",いびき (鼾) をかく,LJC-M089Q054
2034,LJC02174,LJC02174.jpg,21-74,54,"089, 090",いびき (鼾) をかく,LJC-M089Q054
2035,LJC02175,LJC02175.jpg,21-75,54,"089, 090",いびき (鼾) をかく,LJC-M089Q054
2036,LJC02176,LJC02176.jpg,21-76,54,"089, 090",いびき (鼾) をかく,LJC-M089Q054
2037,LJC02177,LJC02177.jpg,21-77,54,"089, 090",いびき (鼾) をかく,LJC-M089Q054
2038,LJC02178,LJC02178.jpg,21-78,54,"089, 090",いびき (鼾) をかく,LJC-M089Q054
2039,LJC02179,LJC02179.jpg,21-79,54,"089, 090",いびき (鼾) をかく,LJC-M089Q054
2040,LJC02180,LJC02180.jpg,21-80,54,"089, 090",いびき (鼾) をかく,LJC-M089Q054
2041,LJC02181,LJC02181.jpg,21-81,54,"089, 090",いびき (鼾) をかく,LJC-M089Q054
2042,LJC02182,LJC02182.jpg,21-82,54,"089, 090",いびき (鼾) をかく,LJC-M089Q054
2043,LJC02183,LJC02183.jpg,21-83,54,"089, 090",いびき (鼾) をかく,LJC-M089Q054
2044,LJC02184,LJC02184.jpg,21-84,54,"089, 090",いびき (鼾) をかく,LJC-M089Q054
2045,LJC02185,LJC02185.jpg,21-85,54,"089, 090",いびき (鼾) をかく,LJC-M089Q054
2046,LJC02186,LJC02186.jpg,21-86,54,"089, 090",いびき (鼾) をかく,LJC-M089Q054
2047,LJC02187,LJC02187.jpg,21-87,54,"089, 090",いびき (鼾) をかく,LJC-M089Q054
2048,LJC02188,LJC02188.jpg,21-88,21,"091, 092",うそ (嘘言) をつく,LJC-M091Q021
2049,LJC02189,LJC02189.jpg,21-89,21,"091, 092",うそ (嘘言) をつく,LJC-M091Q021
2050,LJC02190,LJC02190.jpg,21-90,21,"091, 092",うそ (嘘言) をつく,LJC-M091Q021
2051,LJC02191,LJC02191.jpg,21-91,21,"091, 092",うそ (嘘言) をつく,LJC-M091Q021
2052,LJC02192,LJC02192.jpg,21-92,21,"091, 092",うそ (嘘言) をつく,LJC-M091Q021
2053,LJC02193,LJC02193.jpg,21-93,21,"091, 092",うそ (嘘言) をつく,LJC-M091Q021
2054,LJC02194,LJC02194.jpg,21-94,21,"091, 092",うそ (嘘言) をつく,LJC-M091Q021
2055,LJC02195,LJC02195.jpg,21-95,21,"091, 092",うそ (嘘言) をつく,LJC-M091Q021
2056,LJC02196,LJC02196.jpg,21-96,21,"091, 092",うそ (嘘言) をつく,LJC-M091Q021
2057,LJC02197,LJC02197.jpg,21-97,21,"091, 092",うそ (嘘言) をつく,LJC-M091Q021
2058,LJC02198,LJC02198.jpg,21-98,21,"091, 092",うそ (嘘言) をつく,LJC-M091Q021
2059,LJC02201,LJC02201.jpg,22-1,21,"091, 092",うそ (嘘言) をつく,LJC-M091Q021
2060,LJC02202,LJC02202.jpg,22-2,21,"091, 092",うそ (嘘言) をつく,LJC-M091Q021
2061,LJC02203,LJC02203.jpg,22-3,21,"091, 092",うそ (嘘言) をつく,LJC-M091Q021
2062,LJC02204,LJC02204.jpg,22-4,21,"091, 092",うそ (嘘言) をつく,LJC-M091Q021
2063,LJC02205,LJC02205.jpg,22-5,21,"091, 092",うそ (嘘言) をつく,LJC-M091Q021
2064,LJC02206,LJC02206.jpg,22-6,21,"091, 092",うそ (嘘言) をつく,LJC-M091Q021
2065,LJC02207,LJC02207.jpg,22-7,21,"091, 092",うそ (嘘言) をつく,LJC-M091Q021
2066,LJC02208,LJC02208.jpg,22-8,21,"091, 092",うそ (嘘言) をつく,LJC-M091Q021
2067,LJC02209,LJC02209.jpg,22-9,21,"091, 092",うそ (嘘言) をつく,LJC-M091Q021
2068,LJC02210,LJC02210.jpg,22-10,21,"091, 092",うそ (嘘言) をつく,LJC-M091Q021
2069,LJC02211,LJC02211.jpg,22-11,21,"091, 092",うそ (嘘言) をつく,LJC-M091Q021
2070,LJC02212,LJC02212.jpg,22-12,21,"091, 092",うそ (嘘言) をつく,LJC-M091Q021
2071,LJC02213,LJC02213.jpg,22-13,21,"091, 092",うそ (嘘言) をつく,LJC-M091Q021
2072,LJC02214,LJC02214.jpg,22-14,21,"091, 092",うそ (嘘言) をつく,LJC-M091Q021
2073,LJC02215,LJC02215.jpg,22-15,21,"091, 092",うそ (嘘言) をつく,LJC-M091Q021
2074,LJC02216,LJC02216.jpg,22-16,21,"091, 092",うそ (嘘言) をつく,LJC-M091Q021
2075,LJC02217,LJC02217.jpg,22-17,21,"091, 092",うそ (嘘言) をつく,LJC-M091Q021
2076,LJC02218,LJC02218.jpg,22-18,21,"091, 092",うそ (嘘言) をつく,LJC-M091Q021
2077,LJC02219,LJC02219.jpg,22-19,21,"091, 092",うそ (嘘言) をつく,LJC-M091Q021
2078,LJC02220,LJC02220.jpg,22-20,21,"091, 092",うそ (嘘言) をつく,LJC-M091Q021
2079,LJC02221,LJC02221.jpg,22-21,21,"091, 092",うそ (嘘言) をつく,LJC-M091Q021
2080,LJC02222,LJC02222.jpg,22-22,21,"091, 092",うそ (嘘言) をつく,LJC-M091Q021
2081,LJC02223,LJC02223.jpg,22-23,21,"091, 092",うそ (嘘言) をつく,LJC-M091Q021
2082,LJC02224,LJC02224.jpg,22-24,21,"091, 092",うそ (嘘言) をつく,LJC-M091Q021
2083,LJC02225,LJC02225.jpg,22-25,21,"091, 092",うそ (嘘言) をつく,LJC-M091Q021
2084,LJC02226,LJC02226.jpg,22-26,21,"091, 092",うそ (嘘言) をつく,LJC-M091Q021
2085,LJC02227,LJC02227.jpg,22-27,21,"091, 092",うそ (嘘言) をつく,LJC-M091Q021
2086,LJC02228,LJC02228.jpg,22-28,21,"091, 092",うそ (嘘言) をつく,LJC-M091Q021
2087,LJC02229,LJC02229.jpg,22-29,21,"091, 092",うそ (嘘言) をつく,LJC-M091Q021
2088,LJC02230,LJC02230.jpg,22-30,21,"091, 092",うそ (嘘言) をつく,LJC-M091Q021
2089,LJC02231,LJC02231.jpg,22-31,21,"091, 092",うそ (嘘言) をつく,LJC-M091Q021
2090,LJC02232,LJC02232.jpg,22-32,21,"091, 092",うそ (嘘言) をつく,LJC-M091Q021
2091,LJC02233,LJC02233.jpg,22-33,21,"091, 092",うそ (嘘言) をつく,LJC-M091Q021
2092,LJC02234,LJC02234.jpg,22-34,21,"091, 092",うそ (嘘言) をつく,LJC-M091Q021
2093,LJC02235,LJC02235.jpg,22-35,21,"091, 092",うそ (嘘言) をつく,LJC-M091Q021
2094,LJC02236,LJC02236.jpg,22-36,21,"091, 092",うそ (嘘言) をつく,LJC-M091Q021
2095,LJC02237,LJC02237.jpg,22-37,21,"091, 092",うそ (嘘言) をつく,LJC-M091Q021
2096,LJC02238,LJC02238.jpg,22-38,21,"091, 092",うそ (嘘言) をつく,LJC-M091Q021
2097,LJC02239,LJC02239.jpg,22-39,21,"091, 092",うそ (嘘言) をつく,LJC-M091Q021
2098,LJC02240,LJC02240.jpg,22-40,21,"091, 092",うそ (嘘言) をつく,LJC-M091Q021
2099,LJC02241,LJC02241.jpg,22-41,21,"091, 092",うそ (嘘言) をつく,LJC-M091Q021
2100,LJC02242,LJC02242.jpg,22-42,21,"091, 092",うそ (嘘言) をつく,LJC-M091Q021
2101,LJC02243,LJC02243.jpg,22-43,21,"091, 092",うそ (嘘言) をつく,LJC-M091Q021
2102,LJC02244,LJC02244.jpg,22-44,21,"091, 092",うそ (嘘言) をつく,LJC-M091Q021
2103,LJC02245,LJC02245.jpg,22-45,21,"091, 092",うそ (嘘言) をつく,LJC-M091Q021
2104,LJC02246,LJC02246.jpg,22-46,21,"091, 092",うそ (嘘言) をつく,LJC-M091Q021
2105,LJC02247,LJC02247.jpg,22-47,21,"091, 092",うそ (嘘言) をつく,LJC-M091Q021
2106,LJC02248,LJC02248.jpg,22-48,21,"091, 092",うそ (嘘言) をつく,LJC-M091Q021
2107,LJC02249,LJC02249.jpg,22-49,21,"091, 092",うそ (嘘言) をつく,LJC-M091Q021
2108,LJC02250,LJC02250.jpg,22-50,21,"091, 092",うそ (嘘言) をつく,LJC-M091Q021
2109,LJC02251,LJC02251.jpg,22-51,21,"091, 092",うそ (嘘言) をつく,LJC-M091Q021
2110,LJC02252,LJC02252.jpg,22-52,21,"091, 092",うそ (嘘言) をつく,LJC-M091Q021
2111,LJC02253,LJC02253.jpg,22-53,21,"091, 092",うそ (嘘言) をつく,LJC-M091Q021
2112,LJC02254,LJC02254.jpg,22-54,21,"091, 092",うそ (嘘言) をつく,LJC-M091Q021
2113,LJC02255,LJC02255.jpg,22-55,21,"091, 092",うそ (嘘言) をつく,LJC-M091Q021
2114,LJC02256,LJC02256.jpg,22-56,21,"091, 092",うそ (嘘言) をつく,LJC-M091Q021
2115,LJC02257,LJC02257.jpg,22-57,21,"091, 092",うそ (嘘言) をつく,LJC-M091Q021
2116,LJC02258,LJC02258.jpg,22-58,21,"091, 092",うそ (嘘言) をつく,LJC-M091Q021
2117,LJC02259,LJC02259.jpg,22-59,21,"091, 092",うそ (嘘言) をつく,LJC-M091Q021
2118,LJC02260,LJC02260.jpg,22-60,172,93,クサルを“濡れる”の意味で使うか,LJC-M093Q172
2119,LJC02261,LJC02261.jpg,22-61,172,93,クサルを“濡れる”の意味で使うか,LJC-M093Q172
2120,LJC02262,LJC02262.jpg,22-62,172,93,クサルを“濡れる”の意味で使うか,LJC-M093Q172
2121,LJC02263,LJC02263.jpg,22-63,172,93,クサルを“濡れる”の意味で使うか,LJC-M093Q172
2122,LJC02264,LJC02264.jpg,22-64,172,93,クサルを“濡れる”の意味で使うか,LJC-M093Q172
2123,LJC02265,LJC02265.jpg,22-65,172,93,クサルを“濡れる”の意味で使うか,LJC-M093Q172
2124,LJC02266,LJC02266.jpg,22-66,172,93,クサルを“濡れる”の意味で使うか,LJC-M093Q172
2125,LJC02267,LJC02267.jpg,22-67,172,93,クサルを“濡れる”の意味で使うか,LJC-M093Q172
2126,LJC02268,LJC02268.jpg,22-68,172,93,クサルを“濡れる”の意味で使うか,LJC-M093Q172
2127,LJC02269,LJC02269.jpg,22-69,172,93,クサルを“濡れる”の意味で使うか,LJC-M093Q172
2128,LJC02270,LJC02270.jpg,22-70,172,93,クサルを“濡れる”の意味で使うか,LJC-M093Q172
2129,LJC02271,LJC02271.jpg,22-71,172,93,クサルを“濡れる”の意味で使うか,LJC-M093Q172
2130,LJC02272,LJC02272.jpg,22-72,172,93,クサルを“濡れる”の意味で使うか,LJC-M093Q172
2131,LJC02273,LJC02273.jpg,22-73,172,93,クサルを“濡れる”の意味で使うか,LJC-M093Q172
2132,LJC02274,LJC02274.jpg,22-74,172,93,クサルを“濡れる”の意味で使うか,LJC-M093Q172
2133,LJC02275,LJC02275.jpg,22-75,172,93,クサルを“濡れる”の意味で使うか,LJC-M093Q172
2134,LJC02276,LJC02276.jpg,22-76,172,93,クサルを“濡れる”の意味で使うか,LJC-M093Q172
2135,LJC02277,LJC02277.jpg,22-77,172,93,クサルを“濡れる”の意味で使うか,LJC-M093Q172
2136,LJC02278,LJC02278.jpg,22-78,172,93,クサルを“濡れる”の意味で使うか,LJC-M093Q172
2137,LJC02279,LJC02279.jpg,22-79,172,93,クサルを“濡れる”の意味で使うか,LJC-M093Q172
2138,LJC02280,LJC02280.jpg,22-80,172,93,クサルを“濡れる”の意味で使うか,LJC-M093Q172
2139,LJC02281,LJC02281.jpg,22-81,172,93,クサルを“濡れる”の意味で使うか,LJC-M093Q172
2140,LJC02282,LJC02282.jpg,22-82,172,93,クサルを“濡れる”の意味で使うか,LJC-M093Q172
2141,LJC02283,LJC02283.jpg,22-83,172,93,クサルを“濡れる”の意味で使うか,LJC-M093Q172
2142,LJC02284,LJC02284.jpg,22-84,172,93,クサルを“濡れる”の意味で使うか,LJC-M093Q172
2143,LJC02285,LJC02285.jpg,22-85,172,93,クサルを“濡れる”の意味で使うか,LJC-M093Q172
2144,LJC02286,LJC02286.jpg,22-86,172,93,クサルを“濡れる”の意味で使うか,LJC-M093Q172
2145,LJC02287,LJC02287.jpg,22-87,172,93,クサルを“濡れる”の意味で使うか,LJC-M093Q172
2146,LJC02288,LJC02288.jpg,22-88,201,94,オチルを“下車する”の意味で使うか,LJC-M094Q201
2147,LJC02289,LJC02289.jpg,22-89,201,94,オチルを“下車する”の意味で使うか,LJC-M094Q202
2148,LJC02290,LJC02290.jpg,22-90,201,94,オチルを“下車する”の意味で使うか,LJC-M094Q203
2149,LJC02291,LJC02291.jpg,22-91,201,94,オチルを“下車する”の意味で使うか,LJC-M094Q204
2150,LJC02292,LJC02292.jpg,22-92,201,94,オチルを“下車する”の意味で使うか,LJC-M094Q205
2151,LJC02293,LJC02293.jpg,22-93,201,94,オチルを“下車する”の意味で使うか,LJC-M094Q206
2152,LJC02294,LJC02294.jpg,22-94,201,94,オチルを“下車する”の意味で使うか,LJC-M094Q207
2153,LJC02295,LJC02295.jpg,22-95,201,94,オチルを“下車する”の意味で使うか,LJC-M094Q208
2154,LJC02296,LJC02296.jpg,22-96,201,94,オチルを“下車する”の意味で使うか,LJC-M094Q209
2155,LJC02297,LJC02297.jpg,22-97,201,94,オチルを“下車する”の意味で使うか,LJC-M094Q210
2156,LJC02298,LJC02298.jpg,22-98,201,94,オチルを“下車する”の意味で使うか,LJC-M094Q211
2157,LJC02301,LJC02301.jpg,23-1,201,94,オチルを“下車する”の意味で使うか,LJC-M094Q212
2158,LJC02302,LJC02302.jpg,23-2,201,94,オチルを“下車する”の意味で使うか,LJC-M094Q213
2159,LJC02303,LJC02303.jpg,23-3,201,94,オチルを“下車する”の意味で使うか,LJC-M094Q214
2160,LJC02304,LJC02304.jpg,23-4,201,94,オチルを“下車する”の意味で使うか,LJC-M094Q215
2161,LJC02305,LJC02305.jpg,23-5,201,94,オチルを“下車する”の意味で使うか,LJC-M094Q216
2162,LJC02306,LJC02306.jpg,23-6,201,94,オチルを“下車する”の意味で使うか,LJC-M094Q217
2163,LJC02307,LJC02307.jpg,23-7,201,94,オチルを“下車する”の意味で使うか,LJC-M094Q218
2164,LJC02308,LJC02308.jpg,23-8,127,96,こおる (水が凍る),LJC-M096Q127
2165,LJC02309,LJC02309.jpg,23-9,127,96,こおる (水が凍る),LJC-M096Q127
2166,LJC02310,LJC02310.jpg,23-10,127,96,こおる (水が凍る),LJC-M096Q127
2167,LJC02311,LJC02311.jpg,23-11,127,96,こおる (水が凍る),LJC-M096Q127
2168,LJC02312,LJC02312.jpg,23-12,127,96,こおる (水が凍る),LJC-M096Q127
2169,LJC02313,LJC02313.jpg,23-13,127,96,こおる (水が凍る),LJC-M096Q127
2170,LJC02314,LJC02314.jpg,23-14,127,96,こおる (水が凍る),LJC-M096Q127
2171,LJC02315,LJC02315.jpg,23-15,127,96,こおる (水が凍る),LJC-M096Q127
2172,LJC02316,LJC02316.jpg,23-16,127,96,こおる (水が凍る),LJC-M096Q127
2173,LJC02317,LJC02317.jpg,23-17,127,96,こおる (水が凍る),LJC-M096Q127
2174,LJC02318,LJC02318.jpg,23-18,127,96,こおる (水が凍る),LJC-M096Q127
2175,LJC02319,LJC02319.jpg,23-19,127,96,こおる (水が凍る),LJC-M096Q127
2176,LJC02320,LJC02320.jpg,23-20,127,96,こおる (水が凍る),LJC-M096Q127
2177,LJC02321,LJC02321.jpg,23-21,127,96,こおる (水が凍る),LJC-M096Q127
2178,LJC02322,LJC02322.jpg,23-22,127,96,こおる (水が凍る),LJC-M096Q127
2179,LJC02323,LJC02323.jpg,23-23,127,96,こおる (水が凍る),LJC-M096Q127
2180,LJC02324,LJC02324.jpg,23-24,127,96,こおる (水が凍る),LJC-M096Q127
2181,LJC02325,LJC02325.jpg,23-25,127,96,こおる (水が凍る),LJC-M096Q127
2182,LJC02326,LJC02326.jpg,23-26,127,96,こおる (水が凍る),LJC-M096Q127
2183,LJC02327,LJC02327.jpg,23-27,127,96,こおる (水が凍る),LJC-M096Q127
2184,LJC02328,LJC02328.jpg,23-28,127,96,こおる (水が凍る),LJC-M096Q127
2185,LJC02329,LJC02329.jpg,23-29,127,96,こおる (水が凍る),LJC-M096Q127
2186,LJC02330,LJC02330.jpg,23-30,127,96,こおる (水が凍る),LJC-M096Q127
2187,LJC02331,LJC02331.jpg,23-31,127,96,こおる (水が凍る),LJC-M096Q127
2188,LJC02332,LJC02332.jpg,23-32,127,96,こおる (水が凍る),LJC-M096Q127
2189,LJC02333,LJC02333.jpg,23-33,127,96,こおる (水が凍る),LJC-M096Q127
2190,LJC02334,LJC02334.jpg,23-34,127,96,こおる (水が凍る),LJC-M096Q127
2191,LJC02335,LJC02335.jpg,23-35,127,96,こおる (水が凍る),LJC-M096Q127
2192,LJC02336,LJC02336.jpg,23-36,127,96,こおる (水が凍る),LJC-M096Q127
2193,LJC02337,LJC02337.jpg,23-37,127,96,こおる (水が凍る),LJC-M096Q127
2194,LJC02338,LJC02338.jpg,23-38,127,96,こおる (水が凍る),LJC-M096Q127
2195,LJC02339,LJC02339.jpg,23-39,127,96,こおる (水が凍る),LJC-M096Q127
2196,LJC02340,LJC02340.jpg,23-40,127,96,こおる (水が凍る),LJC-M096Q127
2197,LJC02341,LJC02341.jpg,23-41,127,96,こおる (水が凍る),LJC-M096Q127
2198,LJC02342,LJC02342.jpg,23-42,128,97,こおる (手拭が凍る),LJC-M097Q128
2199,LJC02343,LJC02343.jpg,23-43,128,97,こおる (手拭が凍る),LJC-M097Q128
2200,LJC02344,LJC02344.jpg,23-44,128,97,こおる (手拭が凍る),LJC-M097Q128
2201,LJC02345,LJC02345.jpg,23-45,128,97,こおる (手拭が凍る),LJC-M097Q128
2202,LJC02346,LJC02346.jpg,23-46,128,97,こおる (手拭が凍る),LJC-M097Q128
2203,LJC02347,LJC02347.jpg,23-47,128,97,こおる (手拭が凍る),LJC-M097Q128
2204,LJC02348,LJC02348.jpg,23-48,128,97,こおる (手拭が凍る),LJC-M097Q128
2205,LJC02349,LJC02349.jpg,23-49,128,97,こおる (手拭が凍る),LJC-M097Q128
2206,LJC02350,LJC02350.jpg,23-50,128,97,こおる (手拭が凍る),LJC-M097Q128
2207,LJC02351,LJC02351.jpg,23-51,128,97,こおる (手拭が凍る),LJC-M097Q128
2208,LJC02352,LJC02352.jpg,23-52,128,97,こおる (手拭が凍る),LJC-M097Q128
2209,LJC02353,LJC02353.jpg,23-53,128,97,こおる (手拭が凍る),LJC-M097Q128
2210,LJC02354,LJC02354.jpg,23-54,128,97,こおる (手拭が凍る),LJC-M097Q128
2211,LJC02355,LJC02355.jpg,23-55,128,97,こおる (手拭が凍る),LJC-M097Q128
2212,LJC02356,LJC02356.jpg,23-56,128,97,こおる (手拭が凍る),LJC-M097Q128
2213,LJC02357,LJC02357.jpg,23-57,128,97,こおる (手拭が凍る),LJC-M097Q128
2214,LJC02358,LJC02358.jpg,23-58,128,97,こおる (手拭が凍る),LJC-M097Q128
2215,LJC02359,LJC02359.jpg,23-59,128,97,こおる (手拭が凍る),LJC-M097Q128
2216,LJC02360,LJC02360.jpg,23-60,128,97,こおる (手拭が凍る),LJC-M097Q128
2217,LJC02361,LJC02361.jpg,23-61,128,97,こおる (手拭が凍る),LJC-M097Q128
2218,LJC02362,LJC02362.jpg,23-62,128,97,こおる (手拭が凍る),LJC-M097Q128
2219,LJC02363,LJC02363.jpg,23-63,128,97,こおる (手拭が凍る),LJC-M097Q128
2220,LJC02364,LJC02364.jpg,23-64,128,97,こおる (手拭が凍る),LJC-M097Q128
2221,LJC02365,LJC02365.jpg,23-65,128,97,こおる (手拭が凍る),LJC-M097Q128
2222,LJC02366,LJC02366.jpg,23-66,128,97,こおる (手拭が凍る),LJC-M097Q128
2223,LJC02367,LJC02367.jpg,23-67,128,97,こおる (手拭が凍る),LJC-M097Q128
2224,LJC02368,LJC02368.jpg,23-68,128,97,こおる (手拭が凍る),LJC-M097Q128
2225,LJC02369,LJC02369.jpg,23-69,128,97,こおる (手拭が凍る),LJC-M097Q128
2226,LJC02370,LJC02370.jpg,23-70,128,97,こおる (手拭が凍る),LJC-M097Q128
2227,LJC02371,LJC02371.jpg,23-71,128,97,こおる (手拭が凍る),LJC-M097Q128
2228,LJC02372,LJC02372.jpg,23-72,128,97,こおる (手拭が凍る),LJC-M097Q128
2229,LJC02373,LJC02373.jpg,23-73,128,97,こおる (手拭が凍る),LJC-M097Q128
2230,LJC02374,LJC02374.jpg,23-74,128,97,こおる (手拭が凍る),LJC-M097Q128
2231,LJC02375,LJC02375.jpg,23-75,128,97,こおる (手拭が凍る),LJC-M097Q128
2232,LJC02376,LJC02376.jpg,23-76,128,97,こおる (手拭が凍る),LJC-M097Q128
2233,LJC02377,LJC02377.jpg,23-77,128,97,こおる (手拭が凍る),LJC-M097Q128
2234,LJC02378,LJC02378.jpg,23-78,128,97,こおる (手拭が凍る),LJC-M097Q128
2235,LJC02379,LJC02379.jpg,23-79,128,97,こおる (手拭が凍る),LJC-M097Q128
2236,LJC02380,LJC02380.jpg,23-80,128,97,こおる (手拭が凍る),LJC-M097Q128
2237,LJC02381,LJC02381.jpg,23-81,128,97,こおる (手拭が凍る),LJC-M097Q128
2238,LJC02382,LJC02382.jpg,23-82,128,97,こおる (手拭が凍る),LJC-M097Q128
2239,LJC02383,LJC02383.jpg,23-83,128,97,こおる (手拭が凍る),LJC-M097Q128
2240,LJC02384,LJC02384.jpg,23-84,128,97,こおる (手拭が凍る),LJC-M097Q128
2241,LJC02385,LJC02385.jpg,23-85,128,97,こおる (手拭が凍る),LJC-M097Q128
2242,LJC02386,LJC02386.jpg,23-86,128,97,こおる (手拭が凍る),LJC-M097Q128
2243,LJC02387,LJC02387.jpg,23-87,128,97,こおる (手拭が凍る),LJC-M097Q128
2244,LJC02388,LJC02388.jpg,23-88,128,97,こおる (手拭が凍る),LJC-M097Q128
2245,LJC02389,LJC02389.jpg,23-89,128,97,こおる (手拭が凍る),LJC-M097Q128
2246,LJC02390,LJC02390.jpg,23-90,128,97,こおる (手拭が凍る),LJC-M097Q128
2247,LJC02391,LJC02391.jpg,23-91,128,97,こおる (手拭が凍る),LJC-M097Q128
2248,LJC02392,LJC02392.jpg,23-92,128,97,こおる (手拭が凍る),LJC-M097Q128
2249,LJC02393,LJC02393.jpg,23-93,31,101,あたま (頭),LJC-M101Q031
2250,LJC02394,LJC02394.jpg,23-94,31,101,あたま (頭),LJC-M101Q031
2251,LJC02395,LJC02395.jpg,23-95,31,101,あたま (頭),LJC-M101Q031
2252,LJC02396,LJC02396.jpg,23-96,31,101,あたま (頭),LJC-M101Q031
2253,LJC02397,LJC02397.jpg,23-97,31,101,あたま (頭),LJC-M101Q031
2254,LJC02398,LJC02398.jpg,23-98,31,101,あたま (頭),LJC-M101Q031
2255,LJC02401,LJC02401.jpg,24-1,31,101,あたま (頭),LJC-M101Q031
2256,LJC02402,LJC02402.jpg,24-2,31,101,あたま (頭),LJC-M101Q031
2257,LJC02403,LJC02403.jpg,24-3,31,101,あたま (頭),LJC-M101Q031
2258,LJC02404,LJC02404.jpg,24-4,31,101,あたま (頭),LJC-M101Q031
2259,LJC02405,LJC02405.jpg,24-5,31,101,あたま (頭),LJC-M101Q031
2260,LJC02406,LJC02406.jpg,24-6,31,101,あたま (頭),LJC-M101Q031
2261,LJC02407,LJC02407.jpg,24-7,31,101,あたま (頭),LJC-M101Q031
2262,LJC02408,LJC02408.jpg,24-8,31,101,あたま (頭),LJC-M101Q031
2263,LJC02409,LJC02409.jpg,24-9,31,101,あたま (頭),LJC-M101Q031
2264,LJC02410,LJC02410.jpg,24-10,31,101,あたま (頭),LJC-M101Q031
2265,LJC02411,LJC02411.jpg,24-11,31,101,あたま (頭),LJC-M101Q031
2266,LJC02412,LJC02412.jpg,24-12,31,101,あたま (頭),LJC-M101Q031
2267,LJC02413,LJC02413.jpg,24-13,31,101,あたま (頭),LJC-M101Q031
2268,LJC02414,LJC02414.jpg,24-14,31,101,あたま (頭),LJC-M101Q031
2269,LJC02415,LJC02415.jpg,24-15,31,101,あたま (頭),LJC-M101Q031
2270,LJC02416,LJC02416.jpg,24-16,31,101,あたま (頭),LJC-M101Q031
2271,LJC02417,LJC02417.jpg,24-17,31,101,あたま (頭),LJC-M101Q031
2272,LJC02418,LJC02418.jpg,24-18,31,101,あたま (頭),LJC-M101Q031
2273,LJC02419,LJC02419.jpg,24-19,31,101,あたま (頭),LJC-M101Q031
2274,LJC02420,LJC02420.jpg,24-20,31,101,あたま (頭),LJC-M101Q031
2275,LJC02421,LJC02421.jpg,24-21,31,101,あたま (頭),LJC-M101Q031
2276,LJC02422,LJC02422.jpg,24-22,31,101,あたま (頭),LJC-M101Q031
2277,LJC02423,LJC02423.jpg,24-23,31,101,あたま (頭),LJC-M101Q031
2278,LJC02424,LJC02424.jpg,24-24,31,101,あたま (頭),LJC-M101Q031
2279,LJC02425,LJC02425.jpg,24-25,31,101,あたま (頭),LJC-M101Q031
2280,LJC02426,LJC02426.jpg,24-26,32,102,つむじ (旋毛),LJC-M102Q032
2281,LJC02427,LJC02427.jpg,24-27,32,102,つむじ (旋毛),LJC-M102Q032
2282,LJC02428,LJC02428.jpg,24-28,32,102,つむじ (旋毛),LJC-M102Q032
2283,LJC02429,LJC02429.jpg,24-29,32,102,つむじ (旋毛),LJC-M102Q032
2284,LJC02430,LJC02430.jpg,24-30,32,102,つむじ (旋毛),LJC-M102Q032
2285,LJC02431,LJC02431.jpg,24-31,32,102,つむじ (旋毛),LJC-M102Q032
2286,LJC02432,LJC02432.jpg,24-32,32,102,つむじ (旋毛),LJC-M102Q032
2287,LJC02433,LJC02433.jpg,24-33,32,102,つむじ (旋毛),LJC-M102Q032
2288,LJC02434,LJC02434.jpg,24-34,32,102,つむじ (旋毛),LJC-M102Q032
2289,LJC02435,LJC02435.jpg,24-35,32,102,つむじ (旋毛),LJC-M102Q032
2290,LJC02436,LJC02436.jpg,24-36,32,102,つむじ (旋毛),LJC-M102Q032
2291,LJC02437,LJC02437.jpg,24-37,32,102,つむじ (旋毛),LJC-M102Q032
2292,LJC02438,LJC02438.jpg,24-38,32,102,つむじ (旋毛),LJC-M102Q032
2293,LJC02439,LJC02439.jpg,24-39,32,102,つむじ (旋毛),LJC-M102Q032
2294,LJC02440,LJC02440.jpg,24-40,32,102,つむじ (旋毛),LJC-M102Q032
2295,LJC02441,LJC02441.jpg,24-41,32,102,つむじ (旋毛),LJC-M102Q032
2296,LJC02442,LJC02442.jpg,24-42,32,102,つむじ (旋毛),LJC-M102Q032
2297,LJC02443,LJC02443.jpg,24-43,32,102,つむじ (旋毛),LJC-M102Q032
2298,LJC02444,LJC02444.jpg,24-44,32,102,つむじ (旋毛),LJC-M102Q032
2299,LJC02445,LJC02445.jpg,24-45,32,102,つむじ (旋毛),LJC-M102Q032
2300,LJC02446,LJC02446.jpg,24-46,32,102,つむじ (旋毛),LJC-M102Q032
2301,LJC02447,LJC02447.jpg,24-47,32,102,つむじ (旋毛),LJC-M102Q032
2302,LJC02448,LJC02448.jpg,24-48,32,102,つむじ (旋毛),LJC-M102Q032
2303,LJC02449,LJC02449.jpg,24-49,32,102,つむじ (旋毛),LJC-M102Q032
2304,LJC02450,LJC02450.jpg,24-50,32,102,つむじ (旋毛),LJC-M102Q032
2305,LJC02451,LJC02451.jpg,24-51,32,102,つむじ (旋毛),LJC-M102Q032
2306,LJC02452,LJC02452.jpg,24-52,32,102,つむじ (旋毛),LJC-M102Q032
2307,LJC02453,LJC02453.jpg,24-53,32,102,つむじ (旋毛),LJC-M102Q032
2308,LJC02454,LJC02454.jpg,24-54,32,102,つむじ (旋毛),LJC-M102Q032
2309,LJC02455,LJC02455.jpg,24-55,32,102,つむじ (旋毛),LJC-M102Q032
2310,LJC02456,LJC02456.jpg,24-56,32,102,つむじ (旋毛),LJC-M102Q032
2311,LJC02457,LJC02457.jpg,24-57,32,102,つむじ (旋毛),LJC-M102Q032
2312,LJC02458,LJC02458.jpg,24-58,32,102,つむじ (旋毛),LJC-M102Q032
2313,LJC02459,LJC02459.jpg,24-59,32,102,つむじ (旋毛),LJC-M102Q032
2314,LJC02460,LJC02460.jpg,24-60,33,103,はげあたま (禿げ頭),LJC-M103Q033
2315,LJC02461,LJC02461.jpg,24-61,33,103,はげあたま (禿げ頭),LJC-M103Q033
2316,LJC02462,LJC02462.jpg,24-62,33,103,はげあたま (禿げ頭),LJC-M103Q033
2317,LJC02463,LJC02463.jpg,24-63,33,103,はげあたま (禿げ頭),LJC-M103Q033
2318,LJC02464,LJC02464.jpg,24-64,33,103,はげあたま (禿げ頭),LJC-M103Q033
2319,LJC02465,LJC02465.jpg,24-65,33,103,はげあたま (禿げ頭),LJC-M103Q033
2320,LJC02466,LJC02466.jpg,24-66,33,103,はげあたま (禿げ頭),LJC-M103Q033
2321,LJC02467,LJC02467.jpg,24-67,33,103,はげあたま (禿げ頭),LJC-M103Q033
2322,LJC02468,LJC02468.jpg,24-68,33,103,はげあたま (禿げ頭),LJC-M103Q033
2323,LJC02469,LJC02469.jpg,24-69,33,103,はげあたま (禿げ頭),LJC-M103Q033
2324,LJC02470,LJC02470.jpg,24-70,33,103,はげあたま (禿げ頭),LJC-M103Q033
2325,LJC02471,LJC02471.jpg,24-71,33,103,はげあたま (禿げ頭),LJC-M103Q033
2326,LJC02472,LJC02472.jpg,24-72,33,103,はげあたま (禿げ頭),LJC-M103Q033
2327,LJC02473,LJC02473.jpg,24-73,33,103,はげあたま (禿げ頭),LJC-M103Q033
2328,LJC02474,LJC02474.jpg,24-74,33,103,はげあたま (禿げ頭),LJC-M103Q033
2329,LJC02475,LJC02475.jpg,24-75,33,103,はげあたま (禿げ頭),LJC-M103Q033
2330,LJC02476,LJC02476.jpg,24-76,33,103,はげあたま (禿げ頭),LJC-M103Q033
2331,LJC02477,LJC02477.jpg,24-77,33,103,はげあたま (禿げ頭),LJC-M103Q033
2332,LJC02478,LJC02478.jpg,24-78,33,103,はげあたま (禿げ頭),LJC-M103Q033
2333,LJC02479,LJC02479.jpg,24-79,33,103,はげあたま (禿げ頭),LJC-M103Q033
2334,LJC02480,LJC02480.jpg,24-80,33,103,はげあたま (禿げ頭),LJC-M103Q033
2335,LJC02481,LJC02481.jpg,24-81,33,103,はげあたま (禿げ頭),LJC-M103Q033
2336,LJC02482,LJC02482.jpg,24-82,33,103,はげあたま (禿げ頭),LJC-M103Q033
2337,LJC02483,LJC02483.jpg,24-83,33,103,はげあたま (禿げ頭),LJC-M103Q033
2338,LJC02484,LJC02484.jpg,24-84,33,103,はげあたま (禿げ頭),LJC-M103Q033
2339,LJC02485,LJC02485.jpg,24-85,33,103,はげあたま (禿げ頭),LJC-M103Q033
2340,LJC02486,LJC02486.jpg,24-86,33,103,はげあたま (禿げ頭),LJC-M103Q033
2341,LJC02487,LJC02487.jpg,24-87,33,103,はげあたま (禿げ頭),LJC-M103Q033
2342,LJC02488,LJC02488.jpg,24-88,33,103,はげあたま (禿げ頭),LJC-M103Q033
2343,LJC02489,LJC02489.jpg,24-89,33,103,はげあたま (禿げ頭),LJC-M103Q033
2344,LJC02490,LJC02490.jpg,24-90,33,103,はげあたま (禿げ頭),LJC-M103Q033
2345,LJC02491,LJC02491.jpg,24-91,33,103,はげあたま (禿げ頭),LJC-M103Q033
2346,LJC02492,LJC02492.jpg,24-92,33,103,はげあたま (禿げ頭),LJC-M103Q033
2347,LJC02493,LJC02493.jpg,24-93,33,103,はげあたま (禿げ頭),LJC-M103Q033
2348,LJC02494,LJC02494.jpg,24-94,33,103,はげあたま (禿げ頭),LJC-M103Q033
2349,LJC02495,LJC02495.jpg,24-95,33,103,はげあたま (禿げ頭),LJC-M103Q033
2350,LJC02496,LJC02496.jpg,24-96,33,103,はげあたま (禿げ頭),LJC-M103Q033
2351,LJC02497,LJC02497.jpg,24-97,33,103,はげあたま (禿げ頭),LJC-M103Q033
2352,LJC02498,LJC02498.jpg,24-98,33,103,はげあたま (禿げ頭),LJC-M103Q033
2353,LJC02501,LJC02501.jpg,25-1,33,103,はげあたま (禿げ頭),LJC-M103Q033
2354,LJC02502,LJC02502.jpg,25-2,33,103,はげあたま (禿げ頭),LJC-M103Q033
2355,LJC02503,LJC02503.jpg,25-3,33,103,はげあたま (禿げ頭),LJC-M103Q033
2356,LJC02504,LJC02504.jpg,25-4,33,103,はげあたま (禿げ頭),LJC-M103Q033
2357,LJC02505,LJC02505.jpg,25-5,33,103,はげあたま (禿げ頭),LJC-M103Q033
2358,LJC02506,LJC02506.jpg,25-6,33,103,はげあたま (禿げ頭),LJC-M103Q033
2359,LJC02507,LJC02507.jpg,25-7,33,103,はげあたま (禿げ頭),LJC-M103Q033
2360,LJC02508,LJC02508.jpg,25-8,33,103,はげあたま (禿げ頭),LJC-M103Q033
2361,LJC02509,LJC02509.jpg,25-9,33,103,はげあたま (禿げ頭),LJC-M103Q033
2362,LJC02510,LJC02510.jpg,25-10,33,103,はげあたま (禿げ頭),LJC-M103Q033
2363,LJC02511,LJC02511.jpg,25-11,33,103,はげあたま (禿げ頭),LJC-M103Q033
2364,LJC02512,LJC02512.jpg,25-12,33,103,はげあたま (禿げ頭),LJC-M103Q033
2365,LJC02513,LJC02513.jpg,25-13,33,103,はげあたま (禿げ頭),LJC-M103Q033
2366,LJC02514,LJC02514.jpg,25-14,33,103,はげあたま (禿げ頭),LJC-M103Q033
2367,LJC02515,LJC02515.jpg,25-15,33,103,はげあたま (禿げ頭),LJC-M103Q033
2368,LJC02516,LJC02516.jpg,25-16,33,103,はげあたま (禿げ頭),LJC-M103Q033
2369,LJC02517,LJC02517.jpg,25-17,33,103,はげあたま (禿げ頭),LJC-M103Q033
2370,LJC02518,LJC02518.jpg,25-18,33,103,はげあたま (禿げ頭),LJC-M103Q033
2371,LJC02519,LJC02519.jpg,25-19,33,103,はげあたま (禿げ頭),LJC-M103Q033
2372,LJC02520,LJC02520.jpg,25-20,33,103,はげあたま (禿げ頭),LJC-M103Q033
2373,LJC02521,LJC02521.jpg,25-21,33,103,はげあたま (禿げ頭),LJC-M103Q033
2374,LJC02522,LJC02522.jpg,25-22,33,103,はげあたま (禿げ頭),LJC-M103Q033
2375,LJC02523,LJC02523.jpg,25-23,33,103,はげあたま (禿げ頭),LJC-M103Q033
2376,LJC02524,LJC02524.jpg,25-24,33,103,はげあたま (禿げ頭),LJC-M103Q033
2377,LJC02525,LJC02525.jpg,25-25,33,103,はげあたま (禿げ頭),LJC-M103Q033
2378,LJC02526,LJC02526.jpg,25-26,33,103,はげあたま (禿げ頭),LJC-M103Q033
2379,LJC02527,LJC02527.jpg,25-27,33,103,はげあたま (禿げ頭),LJC-M103Q033
2380,LJC02528,LJC02528.jpg,25-28,33,103,はげあたま (禿げ頭),LJC-M103Q033
2381,LJC02529,LJC02529.jpg,25-29,33,103,はげあたま (禿げ頭),LJC-M103Q033
2382,LJC02530,LJC02530.jpg,25-30,33,103,はげあたま (禿げ頭),LJC-M103Q033
2383,LJC02531,LJC02531.jpg,25-31,33,103,はげあたま (禿げ頭),LJC-M103Q033
2384,LJC02532,LJC02532.jpg,25-32,33,103,はげあたま (禿げ頭),LJC-M103Q033
2385,LJC02533,LJC02533.jpg,25-33,33,103,はげあたま (禿げ頭),LJC-M103Q033
2386,LJC02534,LJC02534.jpg,25-34,33,103,はげあたま (禿げ頭),LJC-M103Q033
2387,LJC02535,LJC02535.jpg,25-35,33,103,はげあたま (禿げ頭),LJC-M103Q033
2388,LJC02536,LJC02536.jpg,25-36,33,103,はげあたま (禿げ頭),LJC-M103Q033
2389,LJC02537,LJC02537.jpg,25-37,33,103,はげあたま (禿げ頭),LJC-M103Q033
2390,LJC02538,LJC02538.jpg,25-38,33,103,はげあたま (禿げ頭),LJC-M103Q033
2391,LJC02539,LJC02539.jpg,25-39,33,103,はげあたま (禿げ頭),LJC-M103Q033
2392,LJC02540,LJC02540.jpg,25-40,33,103,はげあたま (禿げ頭),LJC-M103Q033
2393,LJC02541,LJC02541.jpg,25-41,33,103,はげあたま (禿げ頭),LJC-M103Q033
2394,LJC02542,LJC02542.jpg,25-42,33,103,はげあたま (禿げ頭),LJC-M103Q033
2395,LJC02543,LJC02543.jpg,25-43,33,103,はげあたま (禿げ頭),LJC-M103Q033
2396,LJC02544,LJC02544.jpg,25-44,33,103,はげあたま (禿げ頭),LJC-M103Q033
2397,LJC02545,LJC02545.jpg,25-45,33,103,はげあたま (禿げ頭),LJC-M103Q033
2398,LJC02546,LJC02546.jpg,25-46,33,103,はげあたま (禿げ頭),LJC-M103Q033
2399,LJC02547,LJC02547.jpg,25-47,33,103,はげあたま (禿げ頭),LJC-M103Q033
2400,LJC02548,LJC02548.jpg,25-48,33,103,はげあたま (禿げ頭),LJC-M103Q033
2401,LJC02549,LJC02549.jpg,25-49,33,103,はげあたま (禿げ頭),LJC-M103Q033
2402,LJC02550,LJC02550.jpg,25-50,33,103,はげあたま (禿げ頭),LJC-M103Q033
2403,LJC02551,LJC02551.jpg,25-51,33,103,はげあたま (禿げ頭),LJC-M103Q033
2404,LJC02552,LJC02552.jpg,25-52,33,103,はげあたま (禿げ頭),LJC-M103Q033
2405,LJC02553,LJC02553.jpg,25-53,33,103,はげあたま (禿げ頭),LJC-M103Q033
2406,LJC02554,LJC02554.jpg,25-54,33,103,はげあたま (禿げ頭),LJC-M103Q033
2407,LJC02555,LJC02555.jpg,25-55,33,103,はげあたま (禿げ頭),LJC-M103Q033
2408,LJC02556,LJC02556.jpg,25-56,33,103,はげあたま (禿げ頭),LJC-M103Q033
2409,LJC02557,LJC02557.jpg,25-57,33,103,はげあたま (禿げ頭),LJC-M103Q033
2410,LJC02558,LJC02558.jpg,25-58,33,103,はげあたま (禿げ頭),LJC-M103Q033
2411,LJC02559,LJC02559.jpg,25-59,33,103,はげあたま (禿げ頭),LJC-M103Q033
2412,LJC02560,LJC02560.jpg,25-60,231,104,はげる (禿げる),LJC-M104Q231
2413,LJC02561,LJC02561.jpg,25-61,231,104,はげる (禿げる),LJC-M104Q231
2414,LJC02562,LJC02562.jpg,25-62,231,104,はげる (禿げる),LJC-M104Q231
2415,LJC02563,LJC02563.jpg,25-63,231,104,はげる (禿げる),LJC-M104Q231
2416,LJC02564,LJC02564.jpg,25-64,231,104,はげる (禿げる),LJC-M104Q231
2417,LJC02565,LJC02565.jpg,25-65,231,104,はげる (禿げる),LJC-M104Q231
2418,LJC02566,LJC02566.jpg,25-66,231,104,はげる (禿げる),LJC-M104Q231
2419,LJC02567,LJC02567.jpg,25-67,231,104,はげる (禿げる),LJC-M104Q231
2420,LJC02568,LJC02568.jpg,25-68,231,104,はげる (禿げる),LJC-M104Q231
2421,LJC02569,LJC02569.jpg,25-69,231,104,はげる (禿げる),LJC-M104Q231
2422,LJC02570,LJC02570.jpg,25-70,75,105,ふけ (雲脂),LJC-M105Q075
2423,LJC02571,LJC02571.jpg,25-71,75,105,ふけ (雲脂),LJC-M105Q075
2424,LJC02572,LJC02572.jpg,25-72,75,105,ふけ (雲脂),LJC-M105Q075
2425,LJC02573,LJC02573.jpg,25-73,75,105,ふけ (雲脂),LJC-M105Q075
2426,LJC02574,LJC02574.jpg,25-74,75,105,ふけ (雲脂),LJC-M105Q075
2427,LJC02575,LJC02575.jpg,25-75,75,105,ふけ (雲脂),LJC-M105Q075
2428,LJC02576,LJC02576.jpg,25-76,75,105,ふけ (雲脂),LJC-M105Q075
2429,LJC02577,LJC02577.jpg,25-77,75,105,ふけ (雲脂),LJC-M105Q075
2430,LJC02578,LJC02578.jpg,25-78,75,105,ふけ (雲脂),LJC-M105Q075
2431,LJC02579,LJC02579.jpg,25-79,75,105,ふけ (雲脂),LJC-M105Q075
2432,LJC02580,LJC02580.jpg,25-80,75,105,ふけ (雲脂),LJC-M105Q075
2433,LJC02581,LJC02581.jpg,25-81,75,105,ふけ (雲脂),LJC-M105Q075
2434,LJC02582,LJC02582.jpg,25-82,75,105,ふけ (雲脂),LJC-M105Q075
2435,LJC02583,LJC02583.jpg,25-83,75,105,ふけ (雲脂),LJC-M105Q075
2436,LJC02584,LJC02584.jpg,25-84,75,105,ふけ (雲脂),LJC-M105Q075
2437,LJC02585,LJC02585.jpg,25-85,75,105,ふけ (雲脂),LJC-M105Q075
2438,LJC02586,LJC02586.jpg,25-86,57,106,かお (顔),LJC-M106Q057
2439,LJC02587,LJC02587.jpg,25-87,57,106,かお (顔),LJC-M106Q057
2440,LJC02588,LJC02588.jpg,25-88,57,106,かお (顔),LJC-M106Q057
2441,LJC02589,LJC02589.jpg,25-89,57,106,かお (顔),LJC-M106Q057
2442,LJC02590,LJC02590.jpg,25-90,57,106,かお (顔),LJC-M106Q057
2443,LJC02591,LJC02591.jpg,25-91,57,106,かお (顔),LJC-M106Q057
2444,LJC02592,LJC02592.jpg,25-92,57,106,かお (顔),LJC-M106Q057
2445,LJC02593,LJC02593.jpg,25-93,57,106,かお (顔),LJC-M106Q057
2446,LJC02594,LJC02594.jpg,25-94,57,106,かお (顔),LJC-M106Q057
2447,LJC02595,LJC02595.jpg,25-95,57,106,かお (顔),LJC-M106Q057
2448,LJC02596,LJC02596.jpg,25-96,57,106,かお (顔),LJC-M106Q057
2449,LJC02597,LJC02597.jpg,25-97,57,106,かお (顔),LJC-M106Q057
2450,LJC02598,LJC02598.jpg,25-98,57,106,かお (顔),LJC-M106Q057
2451,LJC02601,LJC02601.jpg,26-01,57,106,かお (顔),LJC-M106Q057
2452,LJC02602,LJC02602.jpg,26-02,57,106,かお (顔),LJC-M106Q057
2453,LJC02603,LJC02603.jpg,26-03,57,106,かお (顔),LJC-M106Q057
2454,LJC02604,LJC02604.jpg,26-04,57,106,かお (顔),LJC-M106Q057
2455,LJC02605,LJC02605.jpg,26-05,57,106,かお (顔),LJC-M106Q057
2456,LJC02606,LJC02606.jpg,26-06,57,106,かお (顔),LJC-M106Q057
2457,LJC02607,LJC02607.jpg,26-07,57,106,かお (顔),LJC-M106Q057
2458,LJC02608,LJC02608.jpg,26-08,57,106,かお (顔),LJC-M106Q057
2459,LJC02609,LJC02609.jpg,26-09,57,106,かお (顔),LJC-M106Q057
2460,LJC02610,LJC02610.jpg,26-10,57,106,かお (顔),LJC-M106Q057
2461,LJC02611,LJC02611.jpg,26-11,57,106,かお (顔),LJC-M106Q057
2462,LJC02612,LJC02612.jpg,26-12,57,106,かお (顔),LJC-M106Q057
2463,LJC02613,LJC02613.jpg,26-13,57,106,かお (顔),LJC-M106Q057
2464,LJC02614,LJC02614.jpg,26-14,57,106,かお (顔),LJC-M106Q057
2465,LJC02615,LJC02615.jpg,26-15,57,106,かお (顔),LJC-M106Q057
2466,LJC02616,LJC02616.jpg,26-16,57,106,かお (顔),LJC-M106Q057
2467,LJC02617,LJC02617.jpg,26-17,57,106,かお (顔),LJC-M106Q057
2468,LJC02618,LJC02618.jpg,26-18,57,106,かお (顔),LJC-M106Q057
2469,LJC02619,LJC02619.jpg,26-19,57,106,かお (顔),LJC-M106Q057
2470,LJC02620,LJC02620.jpg,26-20,57,106,かお (顔),LJC-M106Q057
2471,LJC02621,LJC02621.jpg,26-21,57,106,かお (顔),LJC-M106Q057
2472,LJC02622,LJC02622.jpg,26-22,57,106,かお (顔),LJC-M106Q057
2473,LJC02623,LJC02623.jpg,26-23,57,106,かお (顔),LJC-M106Q057
2474,LJC02624,LJC02624.jpg,26-24,57,106,かお (顔),LJC-M106Q057
2475,LJC02625,LJC02625.jpg,26-25,57,106,かお (顔),LJC-M106Q057
2476,LJC02626,LJC02626.jpg,26-26,57,106,かお (顔),LJC-M106Q057
2477,LJC02627,LJC02627.jpg,26-27,57,106,かお (顔),LJC-M106Q057
2478,LJC02628,LJC02628.jpg,26-28,57,106,かお (顔),LJC-M106Q057
2479,LJC02629,LJC02629.jpg,26-29,57,106,かお (顔),LJC-M106Q057
2480,LJC02630,LJC02630.jpg,26-30,57,106,かお (顔),LJC-M106Q057
2481,LJC02631,LJC02631.jpg,26-31,57,106,かお (顔),LJC-M106Q057
2482,LJC02632,LJC02632.jpg,26-32,57,106,かお (顔),LJC-M106Q057
2483,LJC02633,LJC02633.jpg,26-33,57,106,かお (顔),LJC-M106Q057
2484,LJC02634,LJC02634.jpg,26-34,57,106,かお (顔),LJC-M106Q057
2485,LJC02635,LJC02635.jpg,26-35,57,106,かお (顔),LJC-M106Q057
2486,LJC02636,LJC02636.jpg,26-36,57,106,かお (顔),LJC-M106Q057
2487,LJC02637,LJC02637.jpg,26-37,57,106,かお (顔),LJC-M106Q057
2488,LJC02638,LJC02638.jpg,26-38,57,106,かお (顔),LJC-M106Q057
2489,LJC02639,LJC02639.jpg,26-39,57,106,かお (顔),LJC-M106Q057
2490,LJC02640,LJC02640.jpg,26-40,57,106,かお (顔),LJC-M106Q057
2491,LJC02641,LJC02641.jpg,26-41,57,106,かお (顔),LJC-M106Q057
2492,LJC02642,LJC02642.jpg,26-42,57,106,かお (顔),LJC-M106Q057
2493,LJC02643,LJC02643.jpg,26-43,57,106,かお (顔),LJC-M106Q057
2494,LJC02644,LJC02644.jpg,26-44,57,106,かお (顔),LJC-M106Q057
2495,LJC02645,LJC02645.jpg,26-45,57,106,かお (顔),LJC-M106Q057
2496,LJC02646,LJC02646.jpg,26-46,57,106,かお (顔),LJC-M106Q057
2497,LJC02647,LJC02647.jpg,26-47,57,106,かお (顔),LJC-M106Q057
2498,LJC02648,LJC02648.jpg,26-48,57,106,かお (顔),LJC-M106Q057
2499,LJC02649,LJC02649.jpg,26-49,57,106,かお (顔),LJC-M106Q057
2500,LJC02650,LJC02650.jpg,26-50,57,106,かお (顔),LJC-M106Q057
2501,LJC02651,LJC02651.jpg,26-51,57,106,かお (顔),LJC-M106Q057
2502,LJC02652,LJC02652.jpg,26-52,57,106,かお (顔),LJC-M106Q057
2503,LJC02653,LJC02653.jpg,26-53,57,106,かお (顔),LJC-M106Q057
2504,LJC02654,LJC02654.jpg,26-54,57,106,かお (顔),LJC-M106Q057
2505,LJC02655,LJC02655.jpg,26-55,57,106,かお (顔),LJC-M106Q057
2506,LJC02656,LJC02656.jpg,26-56,57,106,かお (顔),LJC-M106Q057
2507,LJC02657,LJC02657.jpg,26-57,57,106,かお (顔),LJC-M106Q057
2508,LJC02658,LJC02658.jpg,26-58,57,106,かお (顔),LJC-M106Q057
2509,LJC02659,LJC02659.jpg,26-59,57,106,かお (顔),LJC-M106Q057
2510,LJC02660,LJC02660.jpg,26-60,57,106,かお (顔),LJC-M106Q057
2511,LJC02661,LJC02661.jpg,26-61,57,106,かお (顔),LJC-M106Q057
2512,LJC02662,LJC02662.jpg,26-62,57,106,かお (顔),LJC-M106Q057
2513,LJC02663,LJC02663.jpg,26-63,57,106,かお (顔),LJC-M106Q057
2514,LJC02664,LJC02664.jpg,26-64,57,106,かお (顔),LJC-M106Q057
2515,LJC02665,LJC02665.jpg,26-65,57,106,かお (顔),LJC-M106Q057
2516,LJC02666,LJC02666.jpg,26-66,57,106,かお (顔),LJC-M106Q057
2517,LJC02667,LJC02667.jpg,26-67,57,106,かお (顔),LJC-M106Q057
2518,LJC02668,LJC02668.jpg,26-68,57,106,かお (顔),LJC-M106Q057
2519,LJC02669,LJC02669.jpg,26-69,57,106,かお (顔),LJC-M106Q057
2520,LJC02670,LJC02670.jpg,26-70,57,106,かお (顔),LJC-M106Q057
2521,LJC02671,LJC02671.jpg,26-71,57,106,かお (顔),LJC-M106Q057
2522,LJC02672,LJC02672.jpg,26-72,57,106,かお (顔),LJC-M106Q057
2523,LJC02673,LJC02673.jpg,26-73,56,107,ほほ (頬),LJC-M107Q056
2524,LJC02674,LJC02674.jpg,26-74,56,107,ほほ (頬),LJC-M107Q056
2525,LJC02675,LJC02675.jpg,26-75,56,107,ほほ (頬),LJC-M107Q056
2526,LJC02676,LJC02676.jpg,26-76,56,107,ほほ (頬),LJC-M107Q056
2527,LJC02677,LJC02677.jpg,26-77,56,107,ほほ (頬),LJC-M107Q056
2528,LJC02678,LJC02678.jpg,26-78,56,107,ほほ (頬),LJC-M107Q056
2529,LJC02679,LJC02679.jpg,26-79,56,107,ほほ (頬),LJC-M107Q056
2530,LJC02680,LJC02680.jpg,26-80,56,107,ほほ (頬),LJC-M107Q056
2531,LJC02681,LJC02681.jpg,26-81,56,107,ほほ (頬),LJC-M107Q056
2532,LJC02682,LJC02682.jpg,26-82,56,107,ほほ (頬),LJC-M107Q056
2533,LJC02683,LJC02683.jpg,26-83,56,107,ほほ (頬),LJC-M107Q056
2534,LJC02684,LJC02684.jpg,26-84,56,107,ほほ (頬),LJC-M107Q056
2535,LJC02685,LJC02685.jpg,26-85,56,107,ほほ (頬),LJC-M107Q056
2536,LJC02686,LJC02686.jpg,26-86,56,107,ほほ (頬),LJC-M107Q056
2537,LJC02687,LJC02687.jpg,26-87,56,107,ほほ (頬),LJC-M107Q056
2538,LJC02688,LJC02688.jpg,26-88,56,107,ほほ (頬),LJC-M107Q056
2539,LJC02689,LJC02689.jpg,26-89,56,107,ほほ (頬),LJC-M107Q056
2540,LJC02690,LJC02690.jpg,26-90,56,107,ほほ (頬),LJC-M107Q056
2541,LJC02691,LJC02691.jpg,26-91,56,107,ほほ (頬),LJC-M107Q056
2542,LJC02692,LJC02692.jpg,26-92,56,107,ほほ (頬),LJC-M107Q056
2543,LJC02693,LJC02693.jpg,26-93,56,107,ほほ (頬),LJC-M107Q056
2544,LJC02694,LJC02694.jpg,26-94,56,107,ほほ (頬),LJC-M107Q056
2545,LJC02695,LJC02695.jpg,26-95,56,107,ほほ (頬),LJC-M107Q056
2546,LJC02696,LJC02696.jpg,26-96,56,107,ほほ (頬),LJC-M107Q056
2547,LJC02697,LJC02697.jpg,26-97,56,107,ほほ (頬),LJC-M107Q056
2548,LJC02698,LJC02698.jpg,26-98,56,107,ほほ (頬),LJC-M107Q056
2549,LJC02701,LJC02701.jpg,27-01,56,107,ほほ (頬),LJC-M107Q056
2550,LJC02702,LJC02702.jpg,27-02,56,107,ほほ (頬),LJC-M107Q056
2551,LJC02703,LJC02703.jpg,27-03,56,107,ほほ (頬),LJC-M107Q056
2552,LJC02704,LJC02704.jpg,27-04,56,107,ほほ (頬),LJC-M107Q056
2553,LJC02705,LJC02705.jpg,27-05,56,107,ほほ (頬),LJC-M107Q056
2554,LJC02706,LJC02706.jpg,27-06,56,107,ほほ (頬),LJC-M107Q056
2555,LJC02707,LJC02707.jpg,27-07,56,107,ほほ (頬),LJC-M107Q056
2556,LJC02708,LJC02708.jpg,27-08,56,107,ほほ (頬),LJC-M107Q056
2557,LJC02709,LJC02709.jpg,27-09,56,107,ほほ (頬),LJC-M107Q056
2558,LJC02710,LJC02710.jpg,27-10,56,107,ほほ (頬),LJC-M107Q056
2559,LJC02711,LJC02711.jpg,27-11,56,107,ほほ (頬),LJC-M107Q056
2560,LJC02712,LJC02712.jpg,27-12,56,107,ほほ (頬),LJC-M107Q056
2561,LJC02713,LJC02713.jpg,27-13,56,107,ほほ (頬),LJC-M107Q056
2562,LJC02714,LJC02714.jpg,27-14,56,107,ほほ (頬),LJC-M107Q056
2563,LJC02715,LJC02715.jpg,27-15,56,107,ほほ (頬),LJC-M107Q056
2564,LJC02716,LJC02716.jpg,27-16,56,107,ほほ (頬),LJC-M107Q056
2565,LJC02717,LJC02717.jpg,27-17,56,107,ほほ (頬),LJC-M107Q056
2566,LJC02718,LJC02718.jpg,27-18,56,107,ほほ (頬),LJC-M107Q056
2567,LJC02719,LJC02719.jpg,27-19,56,107,ほほ (頬),LJC-M107Q056
2568,LJC02720,LJC02720.jpg,27-20,56,107,ほほ (頬),LJC-M107Q056
2569,LJC02721,LJC02721.jpg,27-21,56,107,ほほ (頬),LJC-M107Q056
2570,LJC02722,LJC02722.jpg,27-22,56,107,ほほ (頬),LJC-M107Q056
2571,LJC02723,LJC02723.jpg,27-23,56,107,ほほ (頬),LJC-M107Q056
2572,LJC02724,LJC02724.jpg,27-24,56,107,ほほ (頬),LJC-M107Q056
2573,LJC02725,LJC02725.jpg,27-25,56,107,ほほ (頬),LJC-M107Q056
2574,LJC02726,LJC02726.jpg,27-26,232,"108, 109",あご (顎),LJC-M108Q232
2575,LJC02727,LJC02727.jpg,27-27,232,"108, 109",あご (顎),LJC-M108Q232
2576,LJC02728,LJC02728.jpg,27-28,232,"108, 109",あご (顎),LJC-M108Q232
2577,LJC02729,LJC02729.jpg,27-29,232,"108, 109",あご (顎),LJC-M108Q232
2578,LJC02730,LJC02730.jpg,27-30,232,"108, 109",あご (顎),LJC-M108Q232
2579,LJC02731,LJC02731.jpg,27-31,232,"108, 109",あご (顎),LJC-M108Q232
2580,LJC02732,LJC02732.jpg,27-32,232,"108, 109",あご (顎),LJC-M108Q232
2581,LJC02733,LJC02733.jpg,27-33,232,"108, 109",あご (顎),LJC-M108Q232
2582,LJC02734,LJC02734.jpg,27-34,232,"108, 109",あご (顎),LJC-M108Q232
2583,LJC02735,LJC02735.jpg,27-35,232,"108, 109",あご (顎),LJC-M108Q232
2584,LJC02736,LJC02736.jpg,27-36,232,"108, 109",あご (顎),LJC-M108Q232
2585,LJC02737,LJC02737.jpg,27-37,232,"108, 109",あご (顎),LJC-M108Q232
2586,LJC02738,LJC02738.jpg,27-38,232,"108, 109",あご (顎),LJC-M108Q232
2587,LJC02739,LJC02739.jpg,27-39,232,"108, 109",あご (顎),LJC-M108Q232
2588,LJC02740,LJC02740.jpg,27-40,232,"108, 109",あご (顎),LJC-M108Q232
2589,LJC02741,LJC02741.jpg,27-41,232,"108, 109",あご (顎),LJC-M108Q232
2590,LJC02742,LJC02742.jpg,27-42,232,"108, 109",あご (顎),LJC-M108Q232
2591,LJC02743,LJC02743.jpg,27-43,232,"108, 109",あご (顎),LJC-M108Q232
2592,LJC02744,LJC02744.jpg,27-44,232,"108, 109",あご (顎),LJC-M108Q232
2593,LJC02745,LJC02745.jpg,27-45,232,"108, 109",あご (顎),LJC-M108Q232
2594,LJC02746,LJC02746.jpg,27-46,232,"108, 109",あご (顎),LJC-M108Q232
2595,LJC02747,LJC02747.jpg,27-47,232,"108, 109",あご (顎),LJC-M108Q232
2596,LJC02748,LJC02748.jpg,27-48,232,"108, 109",あご (顎),LJC-M108Q232
2597,LJC02749,LJC02749.jpg,27-49,232,"108, 109",あご (顎),LJC-M108Q232
2598,LJC02750,LJC02750.jpg,27-50,232,"108, 109",あご (顎),LJC-M108Q232
2599,LJC02751,LJC02751.jpg,27-51,232,"108, 109",あご (顎),LJC-M108Q232
2600,LJC02752,LJC02752.jpg,27-52,232,"108, 109",あご (顎),LJC-M108Q232
2601,LJC02753,LJC02753.jpg,27-53,232,"108, 109",あご (顎),LJC-M108Q232
2602,LJC02754,LJC02754.jpg,27-54,232,"108, 109",あご (顎),LJC-M108Q232
2603,LJC02755,LJC02755.jpg,27-55,232,"108, 109",あご (顎),LJC-M108Q232
2604,LJC02756,LJC02756.jpg,27-56,232,"108, 109",あご (顎),LJC-M108Q232
2605,LJC02757,LJC02757.jpg,27-57,232,"108, 109",あご (顎),LJC-M108Q232
2606,LJC02758,LJC02758.jpg,27-58,232,"108, 109",あご (顎),LJC-M108Q232
2607,LJC02759,LJC02759.jpg,27-59,232,"108, 109",あご (顎),LJC-M108Q232
2608,LJC02760,LJC02760.jpg,27-60,232,"108, 109",あご (顎),LJC-M108Q232
2609,LJC02761,LJC02761.jpg,27-61,232,"108, 109",あご (顎),LJC-M108Q232
2610,LJC02762,LJC02762.jpg,27-62,232,"108, 109",あご (顎),LJC-M108Q232
2611,LJC02763,LJC02763.jpg,27-63,232,"108, 109",あご (顎),LJC-M108Q232
2612,LJC02764,LJC02764.jpg,27-64,232,"108, 109",あご (顎),LJC-M108Q232
2613,LJC02765,LJC02765.jpg,27-65,232,"108, 109",あご (顎),LJC-M108Q232
2614,LJC02766,LJC02766.jpg,27-66,232,"108, 109",あご (顎),LJC-M108Q232
2615,LJC02767,LJC02767.jpg,27-67,232,"108, 109",あご (顎),LJC-M108Q232
2616,LJC02768,LJC02768.jpg,27-68,232,"108, 109",あご (顎),LJC-M108Q232
2617,LJC02769,LJC02769.jpg,27-69,232,"108, 109",あご (顎),LJC-M108Q232
2618,LJC02770,LJC02770.jpg,27-70,232,"108, 109",あご (顎),LJC-M108Q232
2619,LJC02771,LJC02771.jpg,27-71,232,"108, 109",あご (顎),LJC-M108Q232
2620,LJC02772,LJC02772.jpg,27-72,232,"108, 109",あご (顎),LJC-M108Q232
2621,LJC02773,LJC02773.jpg,27-73,232,"108, 109",あご (顎),LJC-M108Q232
2622,LJC02774,LJC02774.jpg,27-74,232,"108, 109",あご (顎),LJC-M108Q232
2623,LJC02775,LJC02775.jpg,27-75,232,"108, 109",あご (顎),LJC-M108Q232
2624,LJC02776,LJC02776.jpg,27-76,232,"108, 109",あご (顎),LJC-M108Q232
2625,LJC02777,LJC02777.jpg,27-77,232,"108, 109",あご (顎),LJC-M108Q232
2626,LJC02778,LJC02778.jpg,27-78,232,"108, 109",あご (顎),LJC-M108Q232
2627,LJC02779,LJC02779.jpg,27-79,232,"108, 109",あご (顎),LJC-M108Q232
2628,LJC02780,LJC02780.jpg,27-80,232,"108, 109",あご (顎),LJC-M108Q232
2629,LJC02781,LJC02781.jpg,27-81,232,"108, 109",あご (顎),LJC-M108Q232
2630,LJC02782,LJC02782.jpg,27-82,232,"108, 109",あご (顎),LJC-M108Q232
2631,LJC02783,LJC02783.jpg,27-83,232,"108, 109",あご (顎),LJC-M108Q232
2632,LJC02784,LJC02784.jpg,27-84,232,"108, 109",あご (顎),LJC-M108Q232
2633,LJC02785,LJC02785.jpg,27-85,232,"108, 109",あご (顎),LJC-M108Q232
2634,LJC02786,LJC02786.jpg,27-86,232,"108, 109",あご (顎),LJC-M108Q232
2635,LJC02787,LJC02787.jpg,27-87,232,"108, 109",あご (顎),LJC-M108Q232
2636,LJC02788,LJC02788.jpg,27-88,232,"108, 109",あご (顎),LJC-M108Q232
2637,LJC02789,LJC02789.jpg,27-89,232,"108, 109",あご (顎),LJC-M108Q232
2638,LJC02790,LJC02790.jpg,27-90,232,"108, 109",あご (顎),LJC-M108Q232
2639,LJC02791,LJC02791.jpg,27-91,232,"108, 109",あご (顎),LJC-M108Q232
2640,LJC02792,LJC02792.jpg,27-92,232,"108, 109",あご (顎),LJC-M108Q232
2641,LJC02793,LJC02793.jpg,27-93,232,"108, 109",あご (顎),LJC-M108Q232
2642,LJC02794,LJC02794.jpg,27-94,232,"108, 109",あご (顎),LJC-M108Q232
2643,LJC02795,LJC02795.jpg,27-95,232,"108, 109",あご (顎),LJC-M108Q232
2644,LJC02796,LJC02796.jpg,27-96,232,"108, 109",あご (顎),LJC-M108Q232
2645,LJC02797,LJC02797.jpg,27-97,232,"108, 109",あご (顎),LJC-M108Q232
2646,LJC02798,LJC02798.jpg,27-98,232,"108, 109",あご (顎),LJC-M108Q232
2647,LJC02801,LJC02801.jpg,28-01,34,110,め (目),LJC-M110Q034
2648,LJC02802,LJC02802.jpg,28-02,34,110,め (目),LJC-M110Q034
2649,LJC02803,LJC02803.jpg,28-03,34,110,め (目),LJC-M110Q034
2650,LJC02804,LJC02804.jpg,28-04,34,110,め (目),LJC-M110Q034
2651,LJC02805,LJC02805.jpg,28-05,34,110,め (目),LJC-M110Q034
2652,LJC02806,LJC02806.jpg,28-06,34,110,め (目),LJC-M110Q034
2653,LJC02807,LJC02807.jpg,28-07,34,110,め (目),LJC-M110Q034
2654,LJC02808,LJC02808.jpg,28-08,34,110,め (目),LJC-M110Q034
2655,LJC02809,LJC02809.jpg,28-09,34,110,め (目),LJC-M110Q034
2656,LJC02810,LJC02810.jpg,28-10,34,110,め (目),LJC-M110Q034
2657,LJC02811,LJC02811.jpg,28-11,34,110,め (目),LJC-M110Q034
2658,LJC02812,LJC02812.jpg,28-12,34,110,め (目),LJC-M110Q034
2659,LJC02813,LJC02813.jpg,28-13,34,110,め (目),LJC-M110Q034
2660,LJC02814,LJC02814.jpg,28-14,34,110,め (目),LJC-M110Q034
2661,LJC02815,LJC02815.jpg,28-15,34,110,め (目),LJC-M110Q034
2662,LJC02816,LJC02816.jpg,28-16,34,110,め (目),LJC-M110Q034
2663,LJC02817,LJC02817.jpg,28-17,34,110,め (目),LJC-M110Q034
2664,LJC02818,LJC02818.jpg,28-18,34,110,め (目),LJC-M110Q034
2665,LJC02819,LJC02819.jpg,28-19,34,110,め (目),LJC-M110Q034
2666,LJC02820,LJC02820.jpg,28-20,34,110,め (目),LJC-M110Q034
2667,LJC02821,LJC02821.jpg,28-21,34,110,め (目),LJC-M110Q034
2668,LJC02822,LJC02822.jpg,28-22,34,110,め (目),LJC-M110Q034
2669,LJC02823,LJC02823.jpg,28-23,34,110,め (目),LJC-M110Q034
2670,LJC02824,LJC02824.jpg,28-24,34,110,め (目),LJC-M110Q034
2671,LJC02825,LJC02825.jpg,28-25,34,110,め (目),LJC-M110Q034
2672,LJC02826,LJC02826.jpg,28-26,34,110,め (目),LJC-M110Q034
2673,LJC02827,LJC02827.jpg,28-27,34,110,め (目),LJC-M110Q034
2674,LJC02828,LJC02828.jpg,28-28,34,110,め (目),LJC-M110Q034
2675,LJC02829,LJC02829.jpg,28-29,34,110,め (目),LJC-M110Q034
2676,LJC02830,LJC02830.jpg,28-30,34,110,め (目),LJC-M110Q034
2677,LJC02831,LJC02831.jpg,28-31,34,110,め (目),LJC-M110Q034
2678,LJC02832,LJC02832.jpg,28-32,34,110,め (目),LJC-M110Q034
2679,LJC02833,LJC02833.jpg,28-33,34,110,め (目),LJC-M110Q034
2680,LJC02834,LJC02834.jpg,28-34,34,110,め (目),LJC-M110Q034
2681,LJC02835,LJC02835.jpg,28-35,34,110,め (目),LJC-M110Q034
2682,LJC02836,LJC02836.jpg,28-36,34,110,め (目),LJC-M110Q034
2683,LJC02837,LJC02837.jpg,28-37,34,110,め (目),LJC-M110Q034
2684,LJC02838,LJC02838.jpg,28-38,34,110,め (目),LJC-M110Q034
2685,LJC02839,LJC02839.jpg,28-39,34,110,め (目),LJC-M110Q034
2686,LJC02840,LJC02840.jpg,28-40,35,111,まゆげ (眉毛),LJC-M111Q035
2687,LJC02841,LJC02841.jpg,28-41,35,111,まゆげ (眉毛),LJC-M111Q035
2688,LJC02842,LJC02842.jpg,28-42,35,111,まゆげ (眉毛),LJC-M111Q035
2689,LJC02843,LJC02843.jpg,28-43,35,111,まゆげ (眉毛),LJC-M111Q035
2690,LJC02844,LJC02844.jpg,28-44,35,111,まゆげ (眉毛),LJC-M111Q035
2691,LJC02845,LJC02845.jpg,28-45,35,111,まゆげ (眉毛),LJC-M111Q035
2692,LJC02846,LJC02846.jpg,28-46,35,111,まゆげ (眉毛),LJC-M111Q035
2693,LJC02847,LJC02847.jpg,28-47,35,111,まゆげ (眉毛),LJC-M111Q035
2694,LJC02848,LJC02848.jpg,28-48,35,111,まゆげ (眉毛),LJC-M111Q035
2695,LJC02849,LJC02849.jpg,28-49,35,111,まゆげ (眉毛),LJC-M111Q035
2696,LJC02850,LJC02850.jpg,28-50,35,111,まゆげ (眉毛),LJC-M111Q035
2697,LJC02851,LJC02851.jpg,28-51,35,111,まゆげ (眉毛),LJC-M111Q035
2698,LJC02852,LJC02852.jpg,28-52,35,111,まゆげ (眉毛),LJC-M111Q035
2699,LJC02853,LJC02853.jpg,28-53,35,111,まゆげ (眉毛),LJC-M111Q035
2700,LJC02854,LJC02854.jpg,28-54,35,111,まゆげ (眉毛),LJC-M111Q035
2701,LJC02855,LJC02855.jpg,28-55,35,111,まゆげ (眉毛),LJC-M111Q035
2702,LJC02856,LJC02856.jpg,28-56,35,111,まゆげ (眉毛),LJC-M111Q035
2703,LJC02857,LJC02857.jpg,28-57,35,111,まゆげ (眉毛),LJC-M111Q035
2704,LJC02858,LJC02858.jpg,28-58,35,111,まゆげ (眉毛),LJC-M111Q035
2705,LJC02859,LJC02859.jpg,28-59,35,111,まゆげ (眉毛),LJC-M111Q035
2706,LJC02860,LJC02860.jpg,28-60,35,111,まゆげ (眉毛),LJC-M111Q035
2707,LJC02861,LJC02861.jpg,28-61,35,111,まゆげ (眉毛),LJC-M111Q035
2708,LJC02862,LJC02862.jpg,28-62,35,111,まゆげ (眉毛),LJC-M111Q035
2709,LJC02863,LJC02863.jpg,28-63,35,111,まゆげ (眉毛),LJC-M111Q035
2710,LJC02864,LJC02864.jpg,28-64,35,111,まゆげ (眉毛),LJC-M111Q035
2711,LJC02865,LJC02865.jpg,28-65,35,111,まゆげ (眉毛),LJC-M111Q035
2712,LJC02866,LJC02866.jpg,28-66,35,111,まゆげ (眉毛),LJC-M111Q035
2713,LJC02867,LJC02867.jpg,28-67,35,111,まゆげ (眉毛),LJC-M111Q035
2714,LJC02868,LJC02868.jpg,28-68,35,111,まゆげ (眉毛),LJC-M111Q035
2715,LJC02869,LJC02869.jpg,28-69,35,111,まゆげ (眉毛),LJC-M111Q035
2716,LJC02870,LJC02870.jpg,28-70,35,111,まゆげ (眉毛),LJC-M111Q035
2717,LJC02871,LJC02871.jpg,28-71,35,111,まゆげ (眉毛),LJC-M111Q035
2718,LJC02872,LJC02872.jpg,28-72,35,111,まゆげ (眉毛),LJC-M111Q035
2719,LJC02873,LJC02873.jpg,28-73,35,111,まゆげ (眉毛),LJC-M111Q035
2720,LJC02874,LJC02874.jpg,28-74,35,111,まゆげ (眉毛),LJC-M111Q035
2721,LJC02875,LJC02875.jpg,28-75,35,111,まゆげ (眉毛),LJC-M111Q035
2722,LJC02876,LJC02876.jpg,28-76,35,111,まゆげ (眉毛),LJC-M111Q035
2723,LJC02877,LJC02877.jpg,28-77,35,111,まゆげ (眉毛),LJC-M111Q035
2724,LJC02878,LJC02878.jpg,28-78,35,111,まゆげ (眉毛),LJC-M111Q035
2725,LJC02879,LJC02879.jpg,28-79,35,111,まゆげ (眉毛),LJC-M111Q035
2726,LJC02880,LJC02880.jpg,28-80,35,111,まゆげ (眉毛),LJC-M111Q035
2727,LJC02881,LJC02881.jpg,28-81,35,111,まゆげ (眉毛),LJC-M111Q035
2728,LJC02882,LJC02882.jpg,28-82,35,111,まゆげ (眉毛),LJC-M111Q035
2729,LJC02883,LJC02883.jpg,28-83,35,111,まゆげ (眉毛),LJC-M111Q035
2730,LJC02884,LJC02884.jpg,28-84,35,111,まゆげ (眉毛),LJC-M111Q035
2731,LJC02885,LJC02885.jpg,28-85,35,111,まゆげ (眉毛),LJC-M111Q035
2732,LJC02886,LJC02886.jpg,28-86,35,111,まゆげ (眉毛),LJC-M111Q035
2733,LJC02887,LJC02887.jpg,28-87,35,111,まゆげ (眉毛),LJC-M111Q035
2734,LJC02888,LJC02888.jpg,28-88,36,112,ものもらい (麦粒腫),LJC-M112Q036
2735,LJC02889,LJC02889.jpg,28-89,36,112,ものもらい (麦粒腫),LJC-M112Q036
2736,LJC02890,LJC02890.jpg,28-90,36,112,ものもらい (麦粒腫),LJC-M112Q036
2737,LJC02891,LJC02891.jpg,28-91,36,112,ものもらい (麦粒腫),LJC-M112Q036
2738,LJC02892,LJC02892.jpg,28-92,36,112,ものもらい (麦粒腫),LJC-M112Q036
2739,LJC02893,LJC02893.jpg,28-93,36,112,ものもらい (麦粒腫),LJC-M112Q036
2740,LJC02894,LJC02894.jpg,28-94,36,112,ものもらい (麦粒腫),LJC-M112Q036
2741,LJC02895,LJC02895.jpg,28-95,36,112,ものもらい (麦粒腫),LJC-M112Q036
2742,LJC02896,LJC02896.jpg,28-96,36,112,ものもらい (麦粒腫),LJC-M112Q036
2743,LJC02897,LJC02897.jpg,28-97,36,112,ものもらい (麦粒腫),LJC-M112Q036
2744,LJC02898,LJC02898.jpg,28-98,36,112,ものもらい (麦粒腫),LJC-M112Q036
2745,LJC02901,LJC02901.jpg,29-01,36,112,ものもらい (麦粒腫),LJC-M112Q036
2746,LJC02902,LJC02902.jpg,29-02,36,112,ものもらい (麦粒腫),LJC-M112Q036
2747,LJC02903,LJC02903.jpg,29-03,36,112,ものもらい (麦粒腫),LJC-M112Q036
2748,LJC02904,LJC02904.jpg,29-04,36,112,ものもらい (麦粒腫),LJC-M112Q036
2749,LJC02905,LJC02905.jpg,29-05,36,112,ものもらい (麦粒腫),LJC-M112Q036
2750,LJC02906,LJC02906.jpg,29-06,36,112,ものもらい (麦粒腫),LJC-M112Q036
2751,LJC02907,LJC02907.jpg,29-07,36,112,ものもらい (麦粒腫),LJC-M112Q036
2752,LJC02908,LJC02908.jpg,29-08,36,112,ものもらい (麦粒腫),LJC-M112Q036
2753,LJC02909,LJC02909.jpg,29-09,36,112,ものもらい (麦粒腫),LJC-M112Q036
2754,LJC02910,LJC02910.jpg,29-10,36,112,ものもらい (麦粒腫),LJC-M112Q036
2755,LJC02911,LJC02911.jpg,29-11,36,112,ものもらい (麦粒腫),LJC-M112Q036
2756,LJC02912,LJC02912.jpg,29-12,36,112,ものもらい (麦粒腫),LJC-M112Q036
2757,LJC02913,LJC02913.jpg,29-13,36,112,ものもらい (麦粒腫),LJC-M112Q036
2758,LJC02914,LJC02914.jpg,29-14,36,112,ものもらい (麦粒腫),LJC-M112Q036
2759,LJC02915,LJC02915.jpg,29-15,36,112,ものもらい (麦粒腫),LJC-M112Q036
2760,LJC02916,LJC02916.jpg,29-16,36,112,ものもらい (麦粒腫),LJC-M112Q036
2761,LJC02917,LJC02917.jpg,29-17,36,112,ものもらい (麦粒腫),LJC-M112Q036
2762,LJC02918,LJC02918.jpg,29-18,36,112,ものもらい (麦粒腫),LJC-M112Q036
2763,LJC02919,LJC02919.jpg,29-19,36,112,ものもらい (麦粒腫),LJC-M112Q036
2764,LJC02920,LJC02920.jpg,29-20,36,112,ものもらい (麦粒腫),LJC-M112Q036
2765,LJC02921,LJC02921.jpg,29-21,36,112,ものもらい (麦粒腫),LJC-M112Q036
2766,LJC02922,LJC02922.jpg,29-22,36,112,ものもらい (麦粒腫),LJC-M112Q036
2767,LJC02923,LJC02923.jpg,29-23,36,112,ものもらい (麦粒腫),LJC-M112Q036
2768,LJC02924,LJC02924.jpg,29-24,36,112,ものもらい (麦粒腫),LJC-M112Q036
2769,LJC02925,LJC02925.jpg,29-25,36,112,ものもらい (麦粒腫),LJC-M112Q036
2770,LJC02926,LJC02926.jpg,29-26,36,112,ものもらい (麦粒腫),LJC-M112Q036
2771,LJC02927,LJC02927.jpg,29-27,36,112,ものもらい (麦粒腫),LJC-M112Q036
2772,LJC02928,LJC02928.jpg,29-28,36,112,ものもらい (麦粒腫),LJC-M112Q036
2773,LJC02929,LJC02929.jpg,29-29,36,112,ものもらい (麦粒腫),LJC-M112Q036
2774,LJC02930,LJC02930.jpg,29-30,36,112,ものもらい (麦粒腫),LJC-M112Q036
2775,LJC02931,LJC02931.jpg,29-31,36,112,ものもらい (麦粒腫),LJC-M112Q036
2776,LJC02932,LJC02932.jpg,29-32,36,112,ものもらい (麦粒腫),LJC-M112Q036
2777,LJC02933,LJC02933.jpg,29-33,36,112,ものもらい (麦粒腫),LJC-M112Q036
2778,LJC02934,LJC02934.jpg,29-34,36,112,ものもらい (麦粒腫),LJC-M112Q036
2779,LJC02935,LJC02935.jpg,29-35,36,112,ものもらい (麦粒腫),LJC-M112Q036
2780,LJC02936,LJC02936.jpg,29-36,36,112,ものもらい (麦粒腫),LJC-M112Q036
2781,LJC02937,LJC02937.jpg,29-37,36,112,ものもらい (麦粒腫),LJC-M112Q036
2782,LJC02938,LJC02938.jpg,29-38,36,112,ものもらい (麦粒腫),LJC-M112Q036
2783,LJC02939,LJC02939.jpg,29-39,36,112,ものもらい (麦粒腫),LJC-M112Q036
2784,LJC02940,LJC02940.jpg,29-40,36,112,ものもらい (麦粒腫),LJC-M112Q036
2785,LJC02941,LJC02941.jpg,29-41,36,112,ものもらい (麦粒腫),LJC-M112Q036
2786,LJC02942,LJC02942.jpg,29-42,36,112,ものもらい (麦粒腫),LJC-M112Q036
2787,LJC02943,LJC02943.jpg,29-43,36,112,ものもらい (麦粒腫),LJC-M112Q036
2788,LJC02944,LJC02944.jpg,29-44,36,112,ものもらい (麦粒腫),LJC-M112Q036
2789,LJC02945,LJC02945.jpg,29-45,36,112,ものもらい (麦粒腫),LJC-M112Q036
2790,LJC02946,LJC02946.jpg,29-46,36,112,ものもらい (麦粒腫),LJC-M112Q036
2791,LJC02947,LJC02947.jpg,29-47,36,112,ものもらい (麦粒腫),LJC-M112Q036
2792,LJC02948,LJC02948.jpg,29-48,36,112,ものもらい (麦粒腫),LJC-M112Q036
2793,LJC02949,LJC02949.jpg,29-49,36,112,ものもらい (麦粒腫),LJC-M112Q036
2794,LJC02950,LJC02950.jpg,29-50,36,112,ものもらい (麦粒腫),LJC-M112Q036
2795,LJC02951,LJC02951.jpg,29-51,36,112,ものもらい (麦粒腫),LJC-M112Q036
2796,LJC02952,LJC02952.jpg,29-52,36,112,ものもらい (麦粒腫),LJC-M112Q036
2797,LJC02953,LJC02953.jpg,29-53,36,112,ものもらい (麦粒腫),LJC-M112Q036
2798,LJC02954,LJC02954.jpg,29-54,36,112,ものもらい (麦粒腫),LJC-M112Q036
2799,LJC02955,LJC02955.jpg,29-55,36,112,ものもらい (麦粒腫),LJC-M112Q036
2800,LJC02956,LJC02956.jpg,29-56,36,112,ものもらい (麦粒腫),LJC-M112Q036
2801,LJC02957,LJC02957.jpg,29-57,36,112,ものもらい (麦粒腫),LJC-M112Q036
2802,LJC02958,LJC02958.jpg,29-58,36,112,ものもらい (麦粒腫),LJC-M112Q036
2803,LJC02959,LJC02959.jpg,29-59,36,112,ものもらい (麦粒腫),LJC-M112Q036
2804,LJC02960,LJC02960.jpg,29-60,36,112,ものもらい (麦粒腫),LJC-M112Q036
2805,LJC02961,LJC02961.jpg,29-61,36,112,ものもらい (麦粒腫),LJC-M112Q036
2806,LJC02962,LJC02962.jpg,29-62,36,112,ものもらい (麦粒腫),LJC-M112Q036
2807,LJC02963,LJC02963.jpg,29-63,36,112,ものもらい (麦粒腫),LJC-M112Q036
2808,LJC02964,LJC02964.jpg,29-64,36,112,ものもらい (麦粒腫),LJC-M112Q036
2809,LJC02965,LJC02965.jpg,29-65,36,112,ものもらい (麦粒腫),LJC-M112Q036
2810,LJC02966,LJC02966.jpg,29-66,36,112,ものもらい (麦粒腫),LJC-M112Q036
2811,LJC02967,LJC02967.jpg,29-67,36,112,ものもらい (麦粒腫),LJC-M112Q036
2812,LJC02968,LJC02968.jpg,29-68,36,112,ものもらい (麦粒腫),LJC-M112Q036
2813,LJC02969,LJC02969.jpg,29-69,36,112,ものもらい (麦粒腫),LJC-M112Q036
2814,LJC02970,LJC02970.jpg,29-70,36,112,ものもらい (麦粒腫),LJC-M112Q036
2815,LJC02971,LJC02971.jpg,29-71,36,112,ものもらい (麦粒腫),LJC-M112Q036
2816,LJC02972,LJC02972.jpg,29-72,36,112,ものもらい (麦粒腫),LJC-M112Q036
2817,LJC02973,LJC02973.jpg,29-73,36,112,ものもらい (麦粒腫),LJC-M112Q036
2818,LJC02974,LJC02974.jpg,29-74,36,112,ものもらい (麦粒腫),LJC-M112Q036
2819,LJC02975,LJC02975.jpg,29-75,36,112,ものもらい (麦粒腫),LJC-M112Q036
2820,LJC02976,LJC02976.jpg,29-76,36,112,ものもらい (麦粒腫),LJC-M112Q036
2821,LJC02977,LJC02977.jpg,29-77,36,112,ものもらい (麦粒腫),LJC-M112Q036
2822,LJC02978,LJC02978.jpg,29-78,36,112,ものもらい (麦粒腫),LJC-M112Q036
2823,LJC02979,LJC02979.jpg,29-79,36,112,ものもらい (麦粒腫),LJC-M112Q036
2824,LJC02980,LJC02980.jpg,29-80,36,112,ものもらい (麦粒腫),LJC-M112Q036
2825,LJC02981,LJC02981.jpg,29-81,36,112,ものもらい (麦粒腫),LJC-M112Q036
2826,LJC02982,LJC02982.jpg,29-82,36,112,ものもらい (麦粒腫),LJC-M112Q036
2827,LJC02983,LJC02983.jpg,29-83,36,112,ものもらい (麦粒腫),LJC-M112Q036
2828,LJC02984,LJC02984.jpg,29-84,36,112,ものもらい (麦粒腫),LJC-M112Q036
2829,LJC02985,LJC02985.jpg,29-85,36,112,ものもらい (麦粒腫),LJC-M112Q036
2830,LJC02986,LJC02986.jpg,29-86,36,112,ものもらい (麦粒腫),LJC-M112Q036
2831,LJC02987,LJC02987.jpg,29-87,36,112,ものもらい (麦粒腫),LJC-M112Q036
2832,LJC02988,LJC02988.jpg,29-88,36,112,ものもらい (麦粒腫),LJC-M112Q036
2833,LJC02989,LJC02989.jpg,29-89,36,112,ものもらい (麦粒腫),LJC-M112Q036
2834,LJC02990,LJC02990.jpg,29-90,36,112,ものもらい (麦粒腫),LJC-M112Q036
2835,LJC02991,LJC02991.jpg,29-91,36,112,ものもらい (麦粒腫),LJC-M112Q036
2836,LJC02992,LJC02992.jpg,29-92,36,112,ものもらい (麦粒腫),LJC-M112Q036
2837,LJC02993,LJC02993.jpg,29-93,36,112,ものもらい (麦粒腫),LJC-M112Q036
2838,LJC02994,LJC02994.jpg,29-94,37,113,はな (鼻),LJC-M113Q037
2839,LJC02995,LJC02995.jpg,29-95,37,113,はな (鼻),LJC-M113Q037
2840,LJC02996,LJC02996.jpg,29-96,37,113,はな (鼻),LJC-M113Q037
2841,LJC02997,LJC02997.jpg,29-97,37,113,はな (鼻),LJC-M113Q037
2842,LJC02998,LJC02998.jpg,29-98,37,113,はな (鼻),LJC-M113Q037
2843,LJC03001,LJC03001.jpg,30-01,43,114,みみ (耳),LJC-M114Q043
2844,LJC03002,LJC03002.jpg,30-02,43,114,みみ (耳),LJC-M114Q043
2845,LJC03003,LJC03003.jpg,30-03,43,114,みみ (耳),LJC-M114Q043
2846,LJC03004,LJC03004.jpg,30-04,43,114,みみ (耳),LJC-M114Q043
2847,LJC03005,LJC03005.jpg,30-05,43,114,みみ (耳),LJC-M114Q043
2848,LJC03006,LJC03006.jpg,30-06,43,114,みみ (耳),LJC-M114Q043
2849,LJC03007,LJC03007.jpg,30-07,43,114,みみ (耳),LJC-M114Q043
2850,LJC03008,LJC03008.jpg,30-08,44,115,くち (口),LJC-M115Q044
2851,LJC03009,LJC03009.jpg,30-09,44,115,くち (口),LJC-M115Q044
2852,LJC03010,LJC03010.jpg,30-10,44,115,くち (口),LJC-M115Q044
2853,LJC03011,LJC03011.jpg,30-11,44,115,くち (口),LJC-M115Q044
2854,LJC03012,LJC03012.jpg,30-12,44,115,くち (口),LJC-M115Q044
2855,LJC03013,LJC03013.jpg,30-13,44,115,くち (口),LJC-M115Q044
2856,LJC03014,LJC03014.jpg,30-14,44,115,くち (口),LJC-M115Q044
2857,LJC03015,LJC03015.jpg,30-15,47,116,くちびる (唇),LJC-M116Q047
2858,LJC03016,LJC03016.jpg,30-16,47,116,くちびる (唇),LJC-M116Q047
2859,LJC03017,LJC03017.jpg,30-17,47,116,くちびる (唇),LJC-M116Q047
2860,LJC03018,LJC03018.jpg,30-18,47,116,くちびる (唇),LJC-M116Q047
2861,LJC03019,LJC03019.jpg,30-19,47,116,くちびる (唇),LJC-M116Q047
2862,LJC03020,LJC03020.jpg,30-20,47,116,くちびる (唇),LJC-M116Q047
2863,LJC03021,LJC03021.jpg,30-21,47,116,くちびる (唇),LJC-M116Q047
2864,LJC03022,LJC03022.jpg,30-22,47,116,くちびる (唇),LJC-M116Q047
2865,LJC03023,LJC03023.jpg,30-23,47,116,くちびる (唇),LJC-M116Q047
2866,LJC03024,LJC03024.jpg,30-24,47,116,くちびる (唇),LJC-M116Q047
2867,LJC03025,LJC03025.jpg,30-25,47,116,くちびる (唇),LJC-M116Q047
2868,LJC03026,LJC03026.jpg,30-26,47,116,くちびる (唇),LJC-M116Q047
2869,LJC03027,LJC03027.jpg,30-27,47,116,くちびる (唇),LJC-M116Q047
2870,LJC03028,LJC03028.jpg,30-28,47,116,くちびる (唇),LJC-M116Q047
2871,LJC03029,LJC03029.jpg,30-29,47,116,くちびる (唇),LJC-M116Q047
2872,LJC03030,LJC03030.jpg,30-30,47,116,くちびる (唇),LJC-M116Q047
2873,LJC03031,LJC03031.jpg,30-31,47,116,くちびる (唇),LJC-M116Q047
2874,LJC03032,LJC03032.jpg,30-32,47,116,くちびる (唇),LJC-M116Q047
2875,LJC03033,LJC03033.jpg,30-33,47,116,くちびる (唇),LJC-M116Q047
2876,LJC03034,LJC03034.jpg,30-34,47,116,くちびる (唇),LJC-M116Q047
2877,LJC03035,LJC03035.jpg,30-35,47,116,くちびる (唇),LJC-M116Q047
2878,LJC03036,LJC03036.jpg,30-36,47,116,くちびる (唇),LJC-M116Q047
2879,LJC03037,LJC03037.jpg,30-37,47,116,くちびる (唇),LJC-M116Q047
2880,LJC03038,LJC03038.jpg,30-38,47,116,くちびる (唇),LJC-M116Q047
2881,LJC03039,LJC03039.jpg,30-39,47,116,くちびる (唇),LJC-M116Q047
2882,LJC03040,LJC03040.jpg,30-40,47,116,くちびる (唇),LJC-M116Q047
2883,LJC03041,LJC03041.jpg,30-41,47,116,くちびる (唇),LJC-M116Q047
2884,LJC03042,LJC03042.jpg,30-42,47,116,くちびる (唇),LJC-M116Q047
2885,LJC03043,LJC03043.jpg,30-43,47,116,くちびる (唇),LJC-M116Q047
2886,LJC03044,LJC03044.jpg,30-44,47,116,くちびる (唇),LJC-M116Q047
2887,LJC03045,LJC03045.jpg,30-45,47,116,くちびる (唇),LJC-M116Q047
2888,LJC03046,LJC03046.jpg,30-46,47,116,くちびる (唇),LJC-M116Q047
2889,LJC03047,LJC03047.jpg,30-47,47,116,くちびる (唇),LJC-M116Q047
2890,LJC03048,LJC03048.jpg,30-48,47,116,くちびる (唇),LJC-M116Q047
2891,LJC03049,LJC03049.jpg,30-49,47,116,くちびる (唇),LJC-M116Q047
2892,LJC03050,LJC03050.jpg,30-50,47,116,くちびる (唇),LJC-M116Q047
2893,LJC03051,LJC03051.jpg,30-51,47,116,くちびる (唇),LJC-M116Q047
2894,LJC03052,LJC03052.jpg,30-52,47,116,くちびる (唇),LJC-M116Q047
2895,LJC03053,LJC03053.jpg,30-53,47,116,くちびる (唇),LJC-M116Q047
2896,LJC03054,LJC03054.jpg,30-54,47,116,くちびる (唇),LJC-M116Q047
2897,LJC03055,LJC03055.jpg,30-55,47,116,くちびる (唇),LJC-M116Q047
2898,LJC03056,LJC03056.jpg,30-56,47,116,くちびる (唇),LJC-M116Q047
2899,LJC03057,LJC03057.jpg,30-57,47,116,くちびる (唇),LJC-M116Q047
2900,LJC03058,LJC03058.jpg,30-58,48,117,した (舌),LJC-M117Q048
2901,LJC03059,LJC03059.jpg,30-59,48,117,した (舌),LJC-M117Q048
2902,LJC03060,LJC03060.jpg,30-60,48,117,した (舌),LJC-M117Q048
2903,LJC03061,LJC03061.jpg,30-61,48,117,した (舌),LJC-M117Q048
2904,LJC03062,LJC03062.jpg,30-62,48,117,した (舌),LJC-M117Q048
2905,LJC03063,LJC03063.jpg,30-63,48,117,した (舌),LJC-M117Q048
2906,LJC03064,LJC03064.jpg,30-64,48,117,した (舌),LJC-M117Q048
2907,LJC03065,LJC03065.jpg,30-65,48,117,した (舌),LJC-M117Q048
2908,LJC03066,LJC03066.jpg,30-66,48,117,した (舌),LJC-M117Q048
2909,LJC03067,LJC03067.jpg,30-67,48,117,した (舌),LJC-M117Q048
2910,LJC03068,LJC03068.jpg,30-68,48,117,した (舌),LJC-M117Q048
2911,LJC03069,LJC03069.jpg,30-69,48,117,した (舌),LJC-M117Q048
2912,LJC03070,LJC03070.jpg,30-70,48,117,した (舌),LJC-M117Q048
2913,LJC03071,LJC03071.jpg,30-71,48,117,した (舌),LJC-M117Q048
2914,LJC03072,LJC03072.jpg,30-72,48,117,した (舌),LJC-M117Q048
2915,LJC03073,LJC03073.jpg,30-73,48,117,した (舌),LJC-M117Q048
2916,LJC03074,LJC03074.jpg,30-74,48,117,した (舌),LJC-M117Q048
2917,LJC03075,LJC03075.jpg,30-75,48,117,した (舌),LJC-M117Q048
2918,LJC03076,LJC03076.jpg,30-76,48,117,した (舌),LJC-M117Q048
2919,LJC03077,LJC03077.jpg,30-77,48,117,した (舌),LJC-M117Q048
2920,LJC03078,LJC03078.jpg,30-78,48,117,した (舌),LJC-M117Q048
2921,LJC03079,LJC03079.jpg,30-79,48,117,した (舌),LJC-M117Q048
2922,LJC03080,LJC03080.jpg,30-80,48,117,した (舌),LJC-M117Q048
2923,LJC03081,LJC03081.jpg,30-81,48,117,した (舌),LJC-M117Q048
2924,LJC03082,LJC03082.jpg,30-82,48,117,した (舌),LJC-M117Q048
2925,LJC03083,LJC03083.jpg,30-83,48,117,した (舌),LJC-M117Q048
2926,LJC03084,LJC03084.jpg,30-84,48,117,した (舌),LJC-M117Q048
2927,LJC03085,LJC03085.jpg,30-85,48,117,した (舌),LJC-M117Q048
2928,LJC03086,LJC03086.jpg,30-86,48,117,した (舌),LJC-M117Q048
2929,LJC03087,LJC03087.jpg,30-87,48,117,した (舌),LJC-M117Q048
2930,LJC03088,LJC03088.jpg,30-88,48,117,した (舌),LJC-M117Q048
2931,LJC03089,LJC03089.jpg,30-89,48,117,した (舌),LJC-M117Q048
2932,LJC03090,LJC03090.jpg,30-90,48,117,した (舌),LJC-M117Q048
2933,LJC03091,LJC03091.jpg,30-91,48,117,した (舌),LJC-M117Q048
2934,LJC03092,LJC03092.jpg,30-92,48,117,した (舌),LJC-M117Q048
2935,LJC03093,LJC03093.jpg,30-93,48,117,した (舌),LJC-M117Q048
2936,LJC03094,LJC03094.jpg,30-94,48,117,した (舌),LJC-M117Q048
2937,LJC03095,LJC03095.jpg,30-95,48,117,した (舌),LJC-M117Q048
2938,LJC03096,LJC03096.jpg,30-96,48,117,した (舌),LJC-M117Q048
2939,LJC03097,LJC03097.jpg,30-97,48,117,した (舌),LJC-M117Q048
2940,LJC03098,LJC03098.jpg,30-98,48,117,した (舌),LJC-M117Q048
2941,LJC03101,LJC03101.jpg,31-01,48,117,した (舌),LJC-M117Q048
2942,LJC03102,LJC03102.jpg,31-02,48,117,した (舌),LJC-M117Q048
2943,LJC03103,LJC03103.jpg,31-03,48,117,した (舌),LJC-M117Q048
2944,LJC03104,LJC03104.jpg,31-04,48,117,した (舌),LJC-M117Q048
2945,LJC03105,LJC03105.jpg,31-05,48,117,した (舌),LJC-M117Q048
2946,LJC03106,LJC03106.jpg,31-06,48,117,した (舌),LJC-M117Q048
2947,LJC03107,LJC03107.jpg,31-07,48,117,した (舌),LJC-M117Q048
2948,LJC03108,LJC03108.jpg,31-08,48,117,した (舌),LJC-M117Q048
2949,LJC03109,LJC03109.jpg,31-09,48,117,した (舌),LJC-M117Q048
2950,LJC03110,LJC03110.jpg,31-10,48,117,した (舌),LJC-M117Q048
2951,LJC03111,LJC03111.jpg,31-11,48,117,した (舌),LJC-M117Q048
2952,LJC03112,LJC03112.jpg,31-12,48,117,した (舌),LJC-M117Q048
2953,LJC03113,LJC03113.jpg,31-13,48,117,した (舌),LJC-M117Q048
2954,LJC03114,LJC03114.jpg,31-14,48,117,した (舌),LJC-M117Q048
2955,LJC03115,LJC03115.jpg,31-15,48,117,した (舌),LJC-M117Q048
2956,LJC03116,LJC03116.jpg,31-16,48,117,した (舌),LJC-M117Q048
2957,LJC03117,LJC03117.jpg,31-17,48,117,した (舌),LJC-M117Q048
2958,LJC03118,LJC03118.jpg,31-18,48,117,した (舌),LJC-M117Q048
2959,LJC03119,LJC03119.jpg,31-19,48,117,した (舌),LJC-M117Q048
2960,LJC03120,LJC03120.jpg,31-20,48,117,した (舌),LJC-M117Q048
2961,LJC03121,LJC03121.jpg,31-21,48,117,した (舌),LJC-M117Q048
2962,LJC03122,LJC03122.jpg,31-22,48,117,した (舌),LJC-M117Q048
2963,LJC03123,LJC03123.jpg,31-23,48,117,した (舌),LJC-M117Q048
2964,LJC03124,LJC03124.jpg,31-24,48,117,した (舌),LJC-M117Q048
2965,LJC03125,LJC03125.jpg,31-25,48,117,した (舌),LJC-M117Q048
2966,LJC03126,LJC03126.jpg,31-26,48,117,した (舌),LJC-M117Q048
2967,LJC03127,LJC03127.jpg,31-27,48,117,した (舌),LJC-M117Q048
2968,LJC03128,LJC03128.jpg,31-28,48,117,した (舌),LJC-M117Q048
2969,LJC03129,LJC03129.jpg,31-29,48,117,した (舌),LJC-M117Q048
2970,LJC03130,LJC03130.jpg,31-30,48,117,した (舌),LJC-M117Q048
2971,LJC03131,LJC03131.jpg,31-31,48,117,した (舌),LJC-M117Q048
2972,LJC03132,LJC03132.jpg,31-32,48,117,した (舌),LJC-M117Q048
2973,LJC03133,LJC03133.jpg,31-33,48,117,した (舌),LJC-M117Q048
2974,LJC03134,LJC03134.jpg,31-34,48,117,した (舌),LJC-M117Q048
2975,LJC03135,LJC03135.jpg,31-35,46,118,つば (唾),LJC-M118Q046
2976,LJC03136,LJC03136.jpg,31-36,46,118,つば (唾),LJC-M118Q046
2977,LJC03137,LJC03137.jpg,31-37,46,118,つば (唾),LJC-M118Q046
2978,LJC03138,LJC03138.jpg,31-38,46,118,つば (唾),LJC-M118Q046
2979,LJC03139,LJC03139.jpg,31-39,46,118,つば (唾),LJC-M118Q046
2980,LJC03140,LJC03140.jpg,31-40,46,118,つば (唾),LJC-M118Q046
2981,LJC03141,LJC03141.jpg,31-41,46,118,つば (唾),LJC-M118Q046
2982,LJC03142,LJC03142.jpg,31-42,46,118,つば (唾),LJC-M118Q046
2983,LJC03143,LJC03143.jpg,31-43,46,118,つば (唾),LJC-M118Q046
2984,LJC03144,LJC03144.jpg,31-44,46,118,つば (唾),LJC-M118Q046
2985,LJC03145,LJC03145.jpg,31-45,46,118,つば (唾),LJC-M118Q046
2986,LJC03146,LJC03146.jpg,31-46,46,118,つば (唾),LJC-M118Q046
2987,LJC03147,LJC03147.jpg,31-47,46,118,つば (唾),LJC-M118Q046
2988,LJC03148,LJC03148.jpg,31-48,46,118,つば (唾),LJC-M118Q046
2989,LJC03149,LJC03149.jpg,31-49,46,118,つば (唾),LJC-M118Q046
2990,LJC03150,LJC03150.jpg,31-50,46,118,つば (唾),LJC-M118Q046
2991,LJC03151,LJC03151.jpg,31-51,46,118,つば (唾),LJC-M118Q046
2992,LJC03152,LJC03152.jpg,31-52,46,118,つば (唾),LJC-M118Q046
2993,LJC03153,LJC03153.jpg,31-53,46,118,つば (唾),LJC-M118Q046
2994,LJC03154,LJC03154.jpg,31-54,46,118,つば (唾),LJC-M118Q046
2995,LJC03155,LJC03155.jpg,31-55,46,118,つば (唾),LJC-M118Q046
2996,LJC03156,LJC03156.jpg,31-56,46,118,つば (唾),LJC-M118Q046
2997,LJC03157,LJC03157.jpg,31-57,46,118,つば (唾),LJC-M118Q046
2998,LJC03158,LJC03158.jpg,31-58,46,118,つば (唾),LJC-M118Q046
2999,LJC03159,LJC03159.jpg,31-59,46,118,つば (唾),LJC-M118Q046
3000,LJC03160,LJC03160.jpg,31-60,46,118,つば (唾),LJC-M118Q046
3001,LJC03161,LJC03161.jpg,31-61,46,118,つば (唾),LJC-M118Q046
3002,LJC03162,LJC03162.jpg,31-62,46,118,つば (唾),LJC-M118Q046
3003,LJC03163,LJC03163.jpg,31-63,46,118,つば (唾),LJC-M118Q046
3004,LJC03164,LJC03164.jpg,31-64,46,118,つば (唾),LJC-M118Q046
3005,LJC03165,LJC03165.jpg,31-65,46,118,つば (唾),LJC-M118Q046
3006,LJC03166,LJC03166.jpg,31-66,46,118,つば (唾),LJC-M118Q046
3007,LJC03167,LJC03167.jpg,31-67,46,118,つば (唾),LJC-M118Q046
3008,LJC03168,LJC03168.jpg,31-68,46,118,つば (唾),LJC-M118Q046
3009,LJC03169,LJC03169.jpg,31-69,46,118,つば (唾),LJC-M118Q046
3010,LJC03170,LJC03170.jpg,31-70,46,118,つば (唾),LJC-M118Q046
3011,LJC03171,LJC03171.jpg,31-71,46,118,つば (唾),LJC-M118Q046
3012,LJC03172,LJC03172.jpg,31-72,46,118,つば (唾),LJC-M118Q046
3013,LJC03173,LJC03173.jpg,31-73,46,118,つば (唾),LJC-M118Q046
3014,LJC03174,LJC03174.jpg,31-74,46,118,つば (唾),LJC-M118Q046
3015,LJC03175,LJC03175.jpg,31-75,46,118,つば (唾),LJC-M118Q046
3016,LJC03176,LJC03176.jpg,31-76,46,118,つば (唾),LJC-M118Q046
3017,LJC03177,LJC03177.jpg,31-77,46,118,つば (唾),LJC-M118Q046
3018,LJC03178,LJC03178.jpg,31-78,46,118,つば (唾),LJC-M118Q046
3019,LJC03179,LJC03179.jpg,31-79,46,118,つば (唾),LJC-M118Q046
3020,LJC03180,LJC03180.jpg,31-80,46,118,つば (唾),LJC-M118Q046
3021,LJC03181,LJC03181.jpg,31-81,46,118,つば (唾),LJC-M118Q046
3022,LJC03182,LJC03182.jpg,31-82,46,118,つば (唾),LJC-M118Q046
3023,LJC03183,LJC03183.jpg,31-83,45,119,よだれ (涎),LJC-M119Q045
3024,LJC03184,LJC03184.jpg,31-84,45,119,よだれ (涎),LJC-M119Q045
3025,LJC03185,LJC03185.jpg,31-85,45,119,よだれ (涎),LJC-M119Q045
3026,LJC03186,LJC03186.jpg,31-86,45,119,よだれ (涎),LJC-M119Q045
3027,LJC03187,LJC03187.jpg,31-87,45,119,よだれ (涎),LJC-M119Q045
3028,LJC03188,LJC03188.jpg,31-88,45,119,よだれ (涎),LJC-M119Q045
3029,LJC03189,LJC03189.jpg,31-89,45,119,よだれ (涎),LJC-M119Q045
3030,LJC03190,LJC03190.jpg,31-90,45,119,よだれ (涎),LJC-M119Q045
3031,LJC03191,LJC03191.jpg,31-91,45,119,よだれ (涎),LJC-M119Q045
3032,LJC03192,LJC03192.jpg,31-92,45,119,よだれ (涎),LJC-M119Q045
3033,LJC03193,LJC03193.jpg,31-93,45,119,よだれ (涎),LJC-M119Q045
3034,LJC03194,LJC03194.jpg,31-94,45,119,よだれ (涎),LJC-M119Q045
3035,LJC03195,LJC03195.jpg,31-95,45,119,よだれ (涎),LJC-M119Q045
3036,LJC03196,LJC03196.jpg,31-96,45,119,よだれ (涎),LJC-M119Q045
3037,LJC03197,LJC03197.jpg,31-97,45,119,よだれ (涎),LJC-M119Q045
3038,LJC03198,LJC03198.jpg,31-98,45,119,よだれ (涎),LJC-M119Q045
3039,LJC03201,LJC03201.jpg,32-01,45,119,よだれ (涎),LJC-M119Q045
3040,LJC03202,LJC03202.jpg,32-02,45,119,よだれ (涎),LJC-M119Q045
3041,LJC03203,LJC03203.jpg,32-03,45,119,よだれ (涎),LJC-M119Q045
3042,LJC03204,LJC03204.jpg,32-04,45,119,よだれ (涎),LJC-M119Q045
3043,LJC03205,LJC03205.jpg,32-05,45,119,よだれ (涎),LJC-M119Q045
3044,LJC03206,LJC03206.jpg,32-06,45,119,よだれ (涎),LJC-M119Q045
3045,LJC03207,LJC03207.jpg,32-07,45,119,よだれ (涎),LJC-M119Q045
3046,LJC03208,LJC03208.jpg,32-08,45,119,よだれ (涎),LJC-M119Q045
3047,LJC03209,LJC03209.jpg,32-09,45,119,よだれ (涎),LJC-M119Q045
3048,LJC03210,LJC03210.jpg,32-10,45,119,よだれ (涎),LJC-M119Q045
3049,LJC03211,LJC03211.jpg,32-11,45,119,よだれ (涎),LJC-M119Q045
3050,LJC03212,LJC03212.jpg,32-12,45,119,よだれ (涎),LJC-M119Q045
3051,LJC03213,LJC03213.jpg,32-13,45,119,よだれ (涎),LJC-M119Q045
3052,LJC03214,LJC03214.jpg,32-14,45,119,よだれ (涎),LJC-M119Q045
3053,LJC03215,LJC03215.jpg,32-15,45,119,よだれ (涎),LJC-M119Q045
3054,LJC03216,LJC03216.jpg,32-16,45,119,よだれ (涎),LJC-M119Q045
3055,LJC03217,LJC03217.jpg,32-17,45,119,よだれ (涎),LJC-M119Q045
3056,LJC03218,LJC03218.jpg,32-18,45,119,よだれ (涎),LJC-M119Q045
3057,LJC03219,LJC03219.jpg,32-19,45,119,よだれ (涎),LJC-M119Q045
3058,LJC03220,LJC03220.jpg,32-20,63,121,おやゆび (親指),LJC-M121Q063
3059,LJC03221,LJC03221.jpg,32-21,63,121,おやゆび (親指),LJC-M121Q063
3060,LJC03222,LJC03222.jpg,32-22,63,121,おやゆび (親指),LJC-M121Q063
3061,LJC03223,LJC03223.jpg,32-23,63,121,おやゆび (親指),LJC-M121Q063
3062,LJC03224,LJC03224.jpg,32-24,63,121,おやゆび (親指),LJC-M121Q063
3063,LJC03225,LJC03225.jpg,32-25,63,121,おやゆび (親指),LJC-M121Q063
3064,LJC03226,LJC03226.jpg,32-26,63,121,おやゆび (親指),LJC-M121Q063
3065,LJC03227,LJC03227.jpg,32-27,63,121,おやゆび (親指),LJC-M121Q063
3066,LJC03228,LJC03228.jpg,32-28,63,121,おやゆび (親指),LJC-M121Q063
3067,LJC03229,LJC03229.jpg,32-29,63,121,おやゆび (親指),LJC-M121Q063
3068,LJC03230,LJC03230.jpg,32-30,63,121,おやゆび (親指),LJC-M121Q063
3069,LJC03231,LJC03231.jpg,32-31,63,121,おやゆび (親指),LJC-M121Q063
3070,LJC03232,LJC03232.jpg,32-32,63,121,おやゆび (親指),LJC-M121Q063
3071,LJC03233,LJC03233.jpg,32-33,63,121,おやゆび (親指),LJC-M121Q063
3072,LJC03234,LJC03234.jpg,32-34,63,121,おやゆび (親指),LJC-M121Q063
3073,LJC03235,LJC03235.jpg,32-35,63,121,おやゆび (親指),LJC-M121Q063
3074,LJC03236,LJC03236.jpg,32-36,63,121,おやゆび (親指),LJC-M121Q063
3075,LJC03237,LJC03237.jpg,32-37,63,121,おやゆび (親指),LJC-M121Q063
3076,LJC03238,LJC03238.jpg,32-38,63,121,おやゆび (親指),LJC-M121Q063
3077,LJC03239,LJC03239.jpg,32-39,63,121,おやゆび (親指),LJC-M121Q063
3078,LJC03240,LJC03240.jpg,32-40,63,121,おやゆび (親指),LJC-M121Q063
3079,LJC03241,LJC03241.jpg,32-41,64,122,ひとさしゆび (人差し指),LJC-M122Q064
3080,LJC03242,LJC03242.jpg,32-42,64,122,ひとさしゆび (人差し指),LJC-M122Q064
3081,LJC03243,LJC03243.jpg,32-43,64,122,ひとさしゆび (人差し指),LJC-M122Q064
3082,LJC03244,LJC03244.jpg,32-44,64,122,ひとさしゆび (人差し指),LJC-M122Q064
3083,LJC03245,LJC03245.jpg,32-45,64,122,ひとさしゆび (人差し指),LJC-M122Q064
3084,LJC03246,LJC03246.jpg,32-46,64,122,ひとさしゆび (人差し指),LJC-M122Q064
3085,LJC03247,LJC03247.jpg,32-47,64,122,ひとさしゆび (人差し指),LJC-M122Q064
3086,LJC03248,LJC03248.jpg,32-48,64,122,ひとさしゆび (人差し指),LJC-M122Q064
3087,LJC03249,LJC03249.jpg,32-49,64,122,ひとさしゆび (人差し指),LJC-M122Q064
3088,LJC03250,LJC03250.jpg,32-50,64,122,ひとさしゆび (人差し指),LJC-M122Q064
3089,LJC03251,LJC03251.jpg,32-51,64,122,ひとさしゆび (人差し指),LJC-M122Q064
3090,LJC03252,LJC03252.jpg,32-52,64,122,ひとさしゆび (人差し指),LJC-M122Q064
3091,LJC03253,LJC03253.jpg,32-53,65,123,なかゆび (中指),LJC-M123Q065
3092,LJC03254,LJC03254.jpg,32-54,65,123,なかゆび (中指),LJC-M123Q065
3093,LJC03255,LJC03255.jpg,32-55,65,123,なかゆび (中指),LJC-M123Q065
3094,LJC03256,LJC03256.jpg,32-56,65,123,なかゆび (中指),LJC-M123Q065
3095,LJC03257,LJC03257.jpg,32-57,65,123,なかゆび (中指),LJC-M123Q065
3096,LJC03258,LJC03258.jpg,32-58,65,123,なかゆび (中指),LJC-M123Q065
3097,LJC03259,LJC03259.jpg,32-59,65,123,なかゆび (中指),LJC-M123Q065
3098,LJC03260,LJC03260.jpg,32-60,65,123,なかゆび (中指),LJC-M123Q065
3099,LJC03261,LJC03261.jpg,32-61,65,123,なかゆび (中指),LJC-M123Q065
3100,LJC03262,LJC03262.jpg,32-62,65,123,なかゆび (中指),LJC-M123Q065
3101,LJC03263,LJC03263.jpg,32-63,65,123,なかゆび (中指),LJC-M123Q065
3102,LJC03264,LJC03264.jpg,32-64,65,123,なかゆび (中指),LJC-M123Q065
3103,LJC03265,LJC03265.jpg,32-65,65,123,なかゆび (中指),LJC-M123Q065
3104,LJC03266,LJC03266.jpg,32-66,65,123,なかゆび (中指),LJC-M123Q065
3105,LJC03267,LJC03267.jpg,32-67,65,123,なかゆび (中指),LJC-M123Q065
3106,LJC03268,LJC03268.jpg,32-68,65,123,なかゆび (中指),LJC-M123Q065
3107,LJC03269,LJC03269.jpg,32-69,65,123,なかゆび (中指),LJC-M123Q065
3108,LJC03270,LJC03270.jpg,32-70,65,123,なかゆび (中指),LJC-M123Q065
3109,LJC03271,LJC03271.jpg,32-71,65,123,なかゆび (中指),LJC-M123Q065
3110,LJC03272,LJC03272.jpg,32-72,65,123,なかゆび (中指),LJC-M123Q065
3111,LJC03273,LJC03273.jpg,32-73,65,123,なかゆび (中指),LJC-M123Q065
3112,LJC03274,LJC03274.jpg,32-74,65,123,なかゆび (中指),LJC-M123Q065
3113,LJC03275,LJC03275.jpg,32-75,65,123,なかゆび (中指),LJC-M123Q065
3114,LJC03276,LJC03276.jpg,32-76,65,123,なかゆび (中指),LJC-M123Q065
3115,LJC03277,LJC03277.jpg,32-77,65,123,なかゆび (中指),LJC-M123Q065
3116,LJC03278,LJC03278.jpg,32-78,65,123,なかゆび (中指),LJC-M123Q065
3117,LJC03279,LJC03279.jpg,32-79,65,123,なかゆび (中指),LJC-M123Q065
3118,LJC03280,LJC03280.jpg,32-80,65,123,なかゆび (中指),LJC-M123Q065
3119,LJC03281,LJC03281.jpg,32-81,65,123,なかゆび (中指),LJC-M123Q065
3120,LJC03282,LJC03282.jpg,32-82,65,123,なかゆび (中指),LJC-M123Q065
3121,LJC03283,LJC03283.jpg,32-83,65,123,なかゆび (中指),LJC-M123Q065
3122,LJC03284,LJC03284.jpg,32-84,65,123,なかゆび (中指),LJC-M123Q065
3123,LJC03285,LJC03285.jpg,32-85,65,123,なかゆび (中指),LJC-M123Q065
3124,LJC03286,LJC03286.jpg,32-86,66,124,くすりゆび (薬指),LJC-M124Q066
3125,LJC03287,LJC03287.jpg,32-87,66,124,くすりゆび (薬指),LJC-M124Q066
3126,LJC03288,LJC03288.jpg,32-88,66,124,くすりゆび (薬指),LJC-M124Q066
3127,LJC03289,LJC03289.jpg,32-89,66,124,くすりゆび (薬指),LJC-M124Q066
3128,LJC03290,LJC03290.jpg,32-90,66,124,くすりゆび (薬指),LJC-M124Q066
3129,LJC03291,LJC03291.jpg,32-91,66,124,くすりゆび (薬指),LJC-M124Q066
3130,LJC03292,LJC03292.jpg,32-92,66,124,くすりゆび (薬指),LJC-M124Q066
3131,LJC03293,LJC03293.jpg,32-93,66,124,くすりゆび (薬指),LJC-M124Q066
3132,LJC03294,LJC03294.jpg,32-94,66,124,くすりゆび (薬指),LJC-M124Q066
3133,LJC03295,LJC03295.jpg,32-95,66,124,くすりゆび (薬指),LJC-M124Q066
3134,LJC03296,LJC03296.jpg,32-96,66,124,くすりゆび (薬指),LJC-M124Q066
3135,LJC03297,LJC03297.jpg,32-97,66,124,くすりゆび (薬指),LJC-M124Q066
3136,LJC03298,LJC03298.jpg,32-98,66,124,くすりゆび (薬指),LJC-M124Q066
3137,LJC03301,LJC03301.jpg,33-01,66,124,くすりゆび (薬指),LJC-M124Q066
3138,LJC03302,LJC03302.jpg,33-02,66,124,くすりゆび (薬指),LJC-M124Q066
3139,LJC03303,LJC03303.jpg,33-03,66,124,くすりゆび (薬指),LJC-M124Q066
3140,LJC03304,LJC03304.jpg,33-04,66,124,くすりゆび (薬指),LJC-M124Q066
3141,LJC03305,LJC03305.jpg,33-05,66,124,くすりゆび (薬指),LJC-M124Q066
3142,LJC03306,LJC03306.jpg,33-06,66,124,くすりゆび (薬指),LJC-M124Q066
3143,LJC03307,LJC03307.jpg,33-07,66,124,くすりゆび (薬指),LJC-M124Q066
3144,LJC03308,LJC03308.jpg,33-08,66,124,くすりゆび (薬指),LJC-M124Q066
3145,LJC03309,LJC03309.jpg,33-09,66,124,くすりゆび (薬指),LJC-M124Q066
3146,LJC03310,LJC03310.jpg,33-10,66,124,くすりゆび (薬指),LJC-M124Q066
3147,LJC03311,LJC03311.jpg,33-11,66,124,くすりゆび (薬指),LJC-M124Q066
3148,LJC03312,LJC03312.jpg,33-12,66,124,くすりゆび (薬指),LJC-M124Q066
3149,LJC03313,LJC03313.jpg,33-13,66,124,くすりゆび (薬指),LJC-M124Q066
3150,LJC03314,LJC03314.jpg,33-14,66,124,くすりゆび (薬指),LJC-M124Q066
3151,LJC03315,LJC03315.jpg,33-15,66,124,くすりゆび (薬指),LJC-M124Q066
3152,LJC03316,LJC03316.jpg,33-16,66,124,くすりゆび (薬指),LJC-M124Q066
3153,LJC03317,LJC03317.jpg,33-17,66,124,くすりゆび (薬指),LJC-M124Q066
3154,LJC03318,LJC03318.jpg,33-18,66,124,くすりゆび (薬指),LJC-M124Q066
3155,LJC03319,LJC03319.jpg,33-19,66,124,くすりゆび (薬指),LJC-M124Q066
3156,LJC03320,LJC03320.jpg,33-20,66,124,くすりゆび (薬指),LJC-M124Q066
3157,LJC03321,LJC03321.jpg,33-21,66,124,くすりゆび (薬指),LJC-M124Q066
3158,LJC03322,LJC03322.jpg,33-22,66,124,くすりゆび (薬指),LJC-M124Q066
3159,LJC03323,LJC03323.jpg,33-23,66,124,くすりゆび (薬指),LJC-M124Q066
3160,LJC03324,LJC03324.jpg,33-24,66,124,くすりゆび (薬指),LJC-M124Q066
3161,LJC03325,LJC03325.jpg,33-25,66,124,くすりゆび (薬指),LJC-M124Q066
3162,LJC03326,LJC03326.jpg,33-26,66,124,くすりゆび (薬指),LJC-M124Q066
3163,LJC03327,LJC03327.jpg,33-27,66,124,くすりゆび (薬指),LJC-M124Q066
3164,LJC03328,LJC03328.jpg,33-28,66,124,くすりゆび (薬指),LJC-M124Q066
3165,LJC03329,LJC03329.jpg,33-29,66,124,くすりゆび (薬指),LJC-M124Q066
3166,LJC03330,LJC03330.jpg,33-30,66,124,くすりゆび (薬指),LJC-M124Q066
3167,LJC03331,LJC03331.jpg,33-31,67,125,こゆび (小指),LJC-M125Q067
3168,LJC03332,LJC03332.jpg,33-32,67,125,こゆび (小指),LJC-M125Q067
3169,LJC03333,LJC03333.jpg,33-33,67,125,こゆび (小指),LJC-M125Q067
3170,LJC03334,LJC03334.jpg,33-34,67,125,こゆび (小指),LJC-M125Q067
3171,LJC03335,LJC03335.jpg,33-35,67,125,こゆび (小指),LJC-M125Q067
3172,LJC03336,LJC03336.jpg,33-36,67,125,こゆび (小指),LJC-M125Q067
3173,LJC03337,LJC03337.jpg,33-37,67,125,こゆび (小指),LJC-M125Q067
3174,LJC03338,LJC03338.jpg,33-38,67,125,こゆび (小指),LJC-M125Q067
3175,LJC03339,LJC03339.jpg,33-39,67,125,こゆび (小指),LJC-M125Q067
3176,LJC03340,LJC03340.jpg,33-40,67,125,こゆび (小指),LJC-M125Q067
3177,LJC03341,LJC03341.jpg,33-41,67,125,こゆび (小指),LJC-M125Q067
3178,LJC03342,LJC03342.jpg,33-42,67,125,こゆび (小指),LJC-M125Q067
3179,LJC03343,LJC03343.jpg,33-43,67,125,こゆび (小指),LJC-M125Q067
3180,LJC03344,LJC03344.jpg,33-44,67,125,こゆび (小指),LJC-M125Q067
3181,LJC03345,LJC03345.jpg,33-45,67,125,こゆび (小指),LJC-M125Q067
3182,LJC03346,LJC03346.jpg,33-46,67,125,こゆび (小指),LJC-M125Q067
3183,LJC03347,LJC03347.jpg,33-47,67,125,こゆび (小指),LJC-M125Q067
3184,LJC03348,LJC03348.jpg,33-48,67,125,こゆび (小指),LJC-M125Q067
3185,LJC03349,LJC03349.jpg,33-49,68,127,しもやけ (凍傷),LJC-M127Q068
3186,LJC03350,LJC03350.jpg,33-50,68,127,しもやけ (凍傷),LJC-M127Q068
3187,LJC03351,LJC03351.jpg,33-51,68,127,しもやけ (凍傷),LJC-M127Q068
3188,LJC03352,LJC03352.jpg,33-52,68,127,しもやけ (凍傷),LJC-M127Q068
3189,LJC03353,LJC03353.jpg,33-53,68,127,しもやけ (凍傷),LJC-M127Q068
3190,LJC03354,LJC03354.jpg,33-54,68,127,しもやけ (凍傷),LJC-M127Q068
3191,LJC03355,LJC03355.jpg,33-55,68,127,しもやけ (凍傷),LJC-M127Q068
3192,LJC03356,LJC03356.jpg,33-56,68,127,しもやけ (凍傷),LJC-M127Q068
3193,LJC03357,LJC03357.jpg,33-57,68,127,しもやけ (凍傷),LJC-M127Q068
3194,LJC03358,LJC03358.jpg,33-58,68,127,しもやけ (凍傷),LJC-M127Q068
3195,LJC03359,LJC03359.jpg,33-59,68,127,しもやけ (凍傷),LJC-M127Q068
3196,LJC03360,LJC03360.jpg,33-60,68,127,しもやけ (凍傷),LJC-M127Q068
3197,LJC03361,LJC03361.jpg,33-61,68,127,しもやけ (凍傷),LJC-M127Q068
3198,LJC03362,LJC03362.jpg,33-62,68,127,しもやけ (凍傷),LJC-M127Q068
3199,LJC03363,LJC03363.jpg,33-63,68,127,しもやけ (凍傷),LJC-M127Q068
3200,LJC03364,LJC03364.jpg,33-64,68,127,しもやけ (凍傷),LJC-M127Q068
3201,LJC03365,LJC03365.jpg,33-65,68,127,しもやけ (凍傷),LJC-M127Q068
3202,LJC03366,LJC03366.jpg,33-66,68,127,しもやけ (凍傷),LJC-M127Q068
3203,LJC03367,LJC03367.jpg,33-67,68,127,しもやけ (凍傷),LJC-M127Q068
3204,LJC03368,LJC03368.jpg,33-68,68,127,しもやけ (凍傷),LJC-M127Q068
3205,LJC03369,LJC03369.jpg,33-69,68,127,しもやけ (凍傷),LJC-M127Q068
3206,LJC03370,LJC03370.jpg,33-70,68,127,しもやけ (凍傷),LJC-M127Q068
3207,LJC03371,LJC03371.jpg,33-71,68,127,しもやけ (凍傷),LJC-M127Q068
3208,LJC03372,LJC03372.jpg,33-72,68,127,しもやけ (凍傷),LJC-M127Q068
3209,LJC03373,LJC03373.jpg,33-73,68,127,しもやけ (凍傷),LJC-M127Q068
3210,LJC03374,LJC03374.jpg,33-74,68,127,しもやけ (凍傷),LJC-M127Q068
3211,LJC03375,LJC03375.jpg,33-75,68,127,しもやけ (凍傷),LJC-M127Q068
3212,LJC03376,LJC03376.jpg,33-76,68,127,しもやけ (凍傷),LJC-M127Q068
3213,LJC03377,LJC03377.jpg,33-77,68,127,しもやけ (凍傷),LJC-M127Q068
3214,LJC03378,LJC03378.jpg,33-78,68,127,しもやけ (凍傷),LJC-M127Q068
3215,LJC03379,LJC03379.jpg,33-79,68,127,しもやけ (凍傷),LJC-M127Q068
3216,LJC03380,LJC03380.jpg,33-80,68,127,しもやけ (凍傷),LJC-M127Q068
3217,LJC03381,LJC03381.jpg,33-81,68,127,しもやけ (凍傷),LJC-M127Q068
3218,LJC03382,LJC03382.jpg,33-82,68,127,しもやけ (凍傷),LJC-M127Q068
3219,LJC03383,LJC03383.jpg,33-83,68,127,しもやけ (凍傷),LJC-M127Q068
3220,LJC03384,LJC03384.jpg,33-84,68,127,しもやけ (凍傷),LJC-M127Q068
3221,LJC03385,LJC03385.jpg,33-85,68,127,しもやけ (凍傷),LJC-M127Q068
3222,LJC03386,LJC03386.jpg,33-86,68,127,しもやけ (凍傷),LJC-M127Q068
3223,LJC03387,LJC03387.jpg,33-87,68,127,しもやけ (凍傷),LJC-M127Q068
3224,LJC03388,LJC03388.jpg,33-88,68,127,しもやけ (凍傷),LJC-M127Q068
3225,LJC03389,LJC03389.jpg,33-89,68,127,しもやけ (凍傷),LJC-M127Q068
3226,LJC03390,LJC03390.jpg,33-90,68,127,しもやけ (凍傷),LJC-M127Q068
3227,LJC03391,LJC03391.jpg,33-91,68,127,しもやけ (凍傷),LJC-M127Q068
3228,LJC03392,LJC03392.jpg,33-92,68,127,しもやけ (凍傷),LJC-M127Q068
3229,LJC03393,LJC03393.jpg,33-93,68,127,しもやけ (凍傷),LJC-M127Q068
3230,LJC03394,LJC03394.jpg,33-94,68,127,しもやけ (凍傷),LJC-M127Q068
3231,LJC03395,LJC03395.jpg,33-95,68,127,しもやけ (凍傷),LJC-M127Q068
3232,LJC03396,LJC03396.jpg,33-96,68,127,しもやけ (凍傷),LJC-M127Q068
3233,LJC03397,LJC03397.jpg,33-97,68,127,しもやけ (凍傷),LJC-M127Q068
3234,LJC03398,LJC03398.jpg,33-98,68,127,しもやけ (凍傷),LJC-M127Q068
3235,LJC03401,LJC03401.jpg,34-01,68,127,しもやけ (凍傷),LJC-M127Q068
3236,LJC03402,LJC03402.jpg,34-02,68,127,しもやけ (凍傷),LJC-M127Q068
3237,LJC03403,LJC03403.jpg,34-03,68,127,しもやけ (凍傷),LJC-M127Q068
3238,LJC03404,LJC03404.jpg,34-04,68,127,しもやけ (凍傷),LJC-M127Q068
3239,LJC03405,LJC03405.jpg,34-05,68,127,しもやけ (凍傷),LJC-M127Q068
3240,LJC03406,LJC03406.jpg,34-06,68,127,しもやけ (凍傷),LJC-M127Q068
3241,LJC03407,LJC03407.jpg,34-07,68,127,しもやけ (凍傷),LJC-M127Q068
3242,LJC03408,LJC03408.jpg,34-08,68,127,しもやけ (凍傷),LJC-M127Q068
3243,LJC03409,LJC03409.jpg,34-09,68,127,しもやけ (凍傷),LJC-M127Q068
3244,LJC03410,LJC03410.jpg,34-10,68,127,しもやけ (凍傷),LJC-M127Q068
3245,LJC03411,LJC03411.jpg,34-11,68,127,しもやけ (凍傷),LJC-M127Q068
3246,LJC03412,LJC03412.jpg,34-12,68,127,しもやけ (凍傷),LJC-M127Q068
3247,LJC03413,LJC03413.jpg,34-13,68,127,しもやけ (凍傷),LJC-M127Q068
3248,LJC03414,LJC03414.jpg,34-14,68,127,しもやけ (凍傷),LJC-M127Q068
3249,LJC03415,LJC03415.jpg,34-15,68,127,しもやけ (凍傷),LJC-M127Q068
3250,LJC03416,LJC03416.jpg,34-16,68,127,しもやけ (凍傷),LJC-M127Q068
3251,LJC03417,LJC03417.jpg,34-17,233,128,くるぶし (踝),LJC-M128Q233
3252,LJC03418,LJC03418.jpg,34-18,233,128,くるぶし (踝),LJC-M128Q233
3253,LJC03419,LJC03419.jpg,34-19,233,128,くるぶし (踝),LJC-M128Q233
3254,LJC03420,LJC03420.jpg,34-20,233,128,くるぶし (踝),LJC-M128Q233
3255,LJC03421,LJC03421.jpg,34-21,233,128,くるぶし (踝),LJC-M128Q233
3256,LJC03422,LJC03422.jpg,34-22,233,128,くるぶし (踝),LJC-M128Q233
3257,LJC03423,LJC03423.jpg,34-23,233,128,くるぶし (踝),LJC-M128Q233
3258,LJC03424,LJC03424.jpg,34-24,233,128,くるぶし (踝),LJC-M128Q233
3259,LJC03425,LJC03425.jpg,34-25,233,128,くるぶし (踝),LJC-M128Q233
3260,LJC03426,LJC03426.jpg,34-26,233,128,くるぶし (踝),LJC-M128Q233
3261,LJC03427,LJC03427.jpg,34-27,233,128,くるぶし (踝),LJC-M128Q233
3262,LJC03428,LJC03428.jpg,34-28,233,128,くるぶし (踝),LJC-M128Q233
3263,LJC03429,LJC03429.jpg,34-29,233,128,くるぶし (踝),LJC-M128Q233
3264,LJC03430,LJC03430.jpg,34-30,233,128,くるぶし (踝),LJC-M128Q233
3265,LJC03431,LJC03431.jpg,34-31,233,128,くるぶし (踝),LJC-M128Q233
3266,LJC03432,LJC03432.jpg,34-32,233,128,くるぶし (踝),LJC-M128Q233
3267,LJC03433,LJC03433.jpg,34-33,233,128,くるぶし (踝),LJC-M128Q233
3268,LJC03434,LJC03434.jpg,34-34,233,128,くるぶし (踝),LJC-M128Q233
3269,LJC03435,LJC03435.jpg,34-35,233,128,くるぶし (踝),LJC-M128Q233
3270,LJC03436,LJC03436.jpg,34-36,233,128,くるぶし (踝),LJC-M128Q233
3271,LJC03437,LJC03437.jpg,34-37,233,128,くるぶし (踝),LJC-M128Q233
3272,LJC03438,LJC03438.jpg,34-38,233,128,くるぶし (踝),LJC-M128Q233
3273,LJC03439,LJC03439.jpg,34-39,233,128,くるぶし (踝),LJC-M128Q233
3274,LJC03440,LJC03440.jpg,34-40,233,128,くるぶし (踝),LJC-M128Q233
3275,LJC03441,LJC03441.jpg,34-41,233,128,くるぶし (踝),LJC-M128Q233
3276,LJC03442,LJC03442.jpg,34-42,233,128,くるぶし (踝),LJC-M128Q233
3277,LJC03443,LJC03443.jpg,34-43,233,128,くるぶし (踝),LJC-M128Q233
3278,LJC03444,LJC03444.jpg,34-44,233,128,くるぶし (踝),LJC-M128Q233
3279,LJC03445,LJC03445.jpg,34-45,233,128,くるぶし (踝),LJC-M128Q233
3280,LJC03446,LJC03446.jpg,34-46,233,128,くるぶし (踝),LJC-M128Q233
3281,LJC03447,LJC03447.jpg,34-47,233,128,くるぶし (踝),LJC-M128Q233
3282,LJC03448,LJC03448.jpg,34-48,233,128,くるぶし (踝),LJC-M128Q233
3283,LJC03449,LJC03449.jpg,34-49,233,128,くるぶし (踝),LJC-M128Q233
3284,LJC03450,LJC03450.jpg,34-50,233,128,くるぶし (踝),LJC-M128Q233
3285,LJC03451,LJC03451.jpg,34-51,233,128,くるぶし (踝),LJC-M128Q233
3286,LJC03452,LJC03452.jpg,34-52,233,128,くるぶし (踝),LJC-M128Q233
3287,LJC03453,LJC03453.jpg,34-53,233,128,くるぶし (踝),LJC-M128Q233
3288,LJC03454,LJC03454.jpg,34-54,233,128,くるぶし (踝),LJC-M128Q233
3289,LJC03455,LJC03455.jpg,34-55,233,128,くるぶし (踝),LJC-M128Q233
3290,LJC03456,LJC03456.jpg,34-56,233,128,くるぶし (踝),LJC-M128Q233
3291,LJC03457,LJC03457.jpg,34-57,233,128,くるぶし (踝),LJC-M128Q233
3292,LJC03458,LJC03458.jpg,34-58,233,128,くるぶし (踝),LJC-M128Q233
3293,LJC03459,LJC03459.jpg,34-59,233,128,くるぶし (踝),LJC-M128Q233
3294,LJC03460,LJC03460.jpg,34-60,233,128,くるぶし (踝),LJC-M128Q233
3295,LJC03461,LJC03461.jpg,34-61,233,128,くるぶし (踝),LJC-M128Q233
3296,LJC03462,LJC03462.jpg,34-62,233,128,くるぶし (踝),LJC-M128Q233
3297,LJC03463,LJC03463.jpg,34-63,233,128,くるぶし (踝),LJC-M128Q233
3298,LJC03464,LJC03464.jpg,34-64,233,128,くるぶし (踝),LJC-M128Q233
3299,LJC03465,LJC03465.jpg,34-65,233,128,くるぶし (踝),LJC-M128Q233
3300,LJC03466,LJC03466.jpg,34-66,233,128,くるぶし (踝),LJC-M128Q233
3301,LJC03467,LJC03467.jpg,34-67,233,128,くるぶし (踝),LJC-M128Q233
3302,LJC03468,LJC03468.jpg,34-68,69,129,かかと (踵),LJC-M129Q069
3303,LJC03469,LJC03469.jpg,34-69,69,129,かかと (踵),LJC-M129Q069
3304,LJC03470,LJC03470.jpg,34-70,69,129,かかと (踵),LJC-M129Q069
3305,LJC03471,LJC03471.jpg,34-71,69,129,かかと (踵),LJC-M129Q069
3306,LJC03472,LJC03472.jpg,34-72,69,129,かかと (踵),LJC-M129Q069
3307,LJC03473,LJC03473.jpg,34-73,69,129,かかと (踵),LJC-M129Q069
3308,LJC03474,LJC03474.jpg,34-74,69,129,かかと (踵),LJC-M129Q069
3309,LJC03475,LJC03475.jpg,34-75,69,129,かかと (踵),LJC-M129Q069
3310,LJC03476,LJC03476.jpg,34-76,69,129,かかと (踵),LJC-M129Q069
3311,LJC03477,LJC03477.jpg,34-77,69,129,かかと (踵),LJC-M129Q069
3312,LJC03478,LJC03478.jpg,34-78,69,129,かかと (踵),LJC-M129Q069
3313,LJC03479,LJC03479.jpg,34-79,69,129,かかと (踵),LJC-M129Q069
3314,LJC03480,LJC03480.jpg,34-80,69,129,かかと (踵),LJC-M129Q069
3315,LJC03481,LJC03481.jpg,34-81,69,129,かかと (踵),LJC-M129Q069
3316,LJC03482,LJC03482.jpg,34-82,69,129,かかと (踵),LJC-M129Q069
3317,LJC03483,LJC03483.jpg,34-83,69,129,かかと (踵),LJC-M129Q069
3318,LJC03484,LJC03484.jpg,34-84,69,129,かかと (踵),LJC-M129Q069
3319,LJC03485,LJC03485.jpg,34-85,69,129,かかと (踵),LJC-M129Q069
3320,LJC03486,LJC03486.jpg,34-86,69,129,かかと (踵),LJC-M129Q069
3321,LJC03487,LJC03487.jpg,34-87,69,129,かかと (踵),LJC-M129Q069
3322,LJC03488,LJC03488.jpg,34-88,69,129,かかと (踵),LJC-M129Q069
3323,LJC03489,LJC03489.jpg,34-89,69,129,かかと (踵),LJC-M129Q069
3324,LJC03490,LJC03490.jpg,34-90,69,129,かかと (踵),LJC-M129Q069
3325,LJC03491,LJC03491.jpg,34-91,69,129,かかと (踵),LJC-M129Q069
3326,LJC03492,LJC03492.jpg,34-92,69,129,かかと (踵),LJC-M129Q069
3327,LJC03493,LJC03493.jpg,34-93,69,129,かかと (踵),LJC-M129Q069
3328,LJC03494,LJC03494.jpg,34-94,69,129,かかと (踵),LJC-M129Q069
3329,LJC03495,LJC03495.jpg,34-95,69,129,かかと (踵),LJC-M129Q069
3330,LJC03496,LJC03496.jpg,34-96,69,129,かかと (踵),LJC-M129Q069
3331,LJC03497,LJC03497.jpg,34-97,69,129,かかと (踵),LJC-M129Q069
3332,LJC03498,LJC03498.jpg,34-98,69,129,かかと (踵),LJC-M129Q069
3333,LJC03501,LJC03501.jpg,35-01,69,129,かかと (踵),LJC-M129Q069
3334,LJC03502,LJC03502.jpg,35-02,69,129,かかと (踵),LJC-M129Q069
3335,LJC03503,LJC03503.jpg,35-03,69,129,かかと (踵),LJC-M129Q069
3336,LJC03504,LJC03504.jpg,35-04,69,129,かかと (踵),LJC-M129Q069
3337,LJC03505,LJC03505.jpg,35-05,69,129,かかと (踵),LJC-M129Q069
3338,LJC03506,LJC03506.jpg,35-06,69,129,かかと (踵),LJC-M129Q069
3339,LJC03507,LJC03507.jpg,35-07,69,129,かかと (踵),LJC-M129Q069
3340,LJC03508,LJC03508.jpg,35-08,69,129,かかと (踵),LJC-M129Q069
3341,LJC03509,LJC03509.jpg,35-09,69,129,かかと (踵),LJC-M129Q069
3342,LJC03510,LJC03510.jpg,35-10,69,129,かかと (踵),LJC-M129Q069
3343,LJC03511,LJC03511.jpg,35-11,69,129,かかと (踵),LJC-M129Q069
3344,LJC03512,LJC03512.jpg,35-12,69,129,かかと (踵),LJC-M129Q069
3345,LJC03513,LJC03513.jpg,35-13,69,129,かかと (踵),LJC-M129Q069
3346,LJC03514,LJC03514.jpg,35-14,69,129,かかと (踵),LJC-M129Q069
3347,LJC03515,LJC03515.jpg,35-15,69,129,かかと (踵),LJC-M129Q069
3348,LJC03516,LJC03516.jpg,35-16,69,129,かかと (踵),LJC-M129Q069
3349,LJC03517,LJC03517.jpg,35-17,69,129,かかと (踵),LJC-M129Q069
3350,LJC03518,LJC03518.jpg,35-18,69,129,かかと (踵),LJC-M129Q069
3351,LJC03519,LJC03519.jpg,35-19,69,129,かかと (踵),LJC-M129Q069
3352,LJC03520,LJC03520.jpg,35-20,69,129,かかと (踵),LJC-M129Q069
3353,LJC03521,LJC03521.jpg,35-21,69,129,かかと (踵),LJC-M129Q069
3354,LJC03522,LJC03522.jpg,35-22,69,129,かかと (踵),LJC-M129Q069
3355,LJC03523,LJC03523.jpg,35-23,69,129,かかと (踵),LJC-M129Q069
3356,LJC03524,LJC03524.jpg,35-24,69,129,かかと (踵),LJC-M129Q069
3357,LJC03525,LJC03525.jpg,35-25,69,129,かかと (踵),LJC-M129Q069
3358,LJC03526,LJC03526.jpg,35-26,69,129,かかと (踵),LJC-M129Q069
3359,LJC03527,LJC03527.jpg,35-27,69,129,かかと (踵),LJC-M129Q069
3360,LJC03528,LJC03528.jpg,35-28,69,129,かかと (踵),LJC-M129Q069
3361,LJC03529,LJC03529.jpg,35-29,69,129,かかと (踵),LJC-M129Q069
3362,LJC03530,LJC03530.jpg,35-30,69,129,かかと (踵),LJC-M129Q069
3363,LJC03531,LJC03531.jpg,35-31,69,129,かかと (踵),LJC-M129Q069
3364,LJC03532,LJC03532.jpg,35-32,69,129,かかと (踵),LJC-M129Q069
3365,LJC03533,LJC03533.jpg,35-33,69,129,かかと (踵),LJC-M129Q069
3366,LJC03534,LJC03534.jpg,35-34,69,129,かかと (踵),LJC-M129Q069
3367,LJC03535,LJC03535.jpg,35-35,69,129,かかと (踵),LJC-M129Q069
3368,LJC03536,LJC03536.jpg,35-36,69,129,かかと (踵),LJC-M129Q069
3369,LJC03537,LJC03537.jpg,35-37,69,129,かかと (踵),LJC-M129Q069
3370,LJC03538,LJC03538.jpg,35-38,69,129,かかと (踵),LJC-M129Q069
3371,LJC03539,LJC03539.jpg,35-39,73,130,みずおち (鳩尾),LJC-M130Q073
3372,LJC03540,LJC03540.jpg,35-40,73,130,みずおち (鳩尾),LJC-M130Q073
3373,LJC03541,LJC03541.jpg,35-41,73,130,みずおち (鳩尾),LJC-M130Q073
3374,LJC03542,LJC03542.jpg,35-42,73,130,みずおち (鳩尾),LJC-M130Q073
3375,LJC03543,LJC03543.jpg,35-43,73,130,みずおち (鳩尾),LJC-M130Q073
3376,LJC03544,LJC03544.jpg,35-44,73,130,みずおち (鳩尾),LJC-M130Q073
3377,LJC03545,LJC03545.jpg,35-45,73,130,みずおち (鳩尾),LJC-M130Q073
3378,LJC03546,LJC03546.jpg,35-46,73,130,みずおち (鳩尾),LJC-M130Q073
3379,LJC03547,LJC03547.jpg,35-47,73,130,みずおち (鳩尾),LJC-M130Q073
3380,LJC03548,LJC03548.jpg,35-48,73,130,みずおち (鳩尾),LJC-M130Q073
3381,LJC03549,LJC03549.jpg,35-49,73,130,みずおち (鳩尾),LJC-M130Q073
3382,LJC03550,LJC03550.jpg,35-50,73,130,みずおち (鳩尾),LJC-M130Q073
3383,LJC03551,LJC03551.jpg,35-51,73,130,みずおち (鳩尾),LJC-M130Q073
3384,LJC03552,LJC03552.jpg,35-52,73,130,みずおち (鳩尾),LJC-M130Q073
3385,LJC03553,LJC03553.jpg,35-53,73,130,みずおち (鳩尾),LJC-M130Q073
3386,LJC03554,LJC03554.jpg,35-54,73,130,みずおち (鳩尾),LJC-M130Q073
3387,LJC03555,LJC03555.jpg,35-55,73,130,みずおち (鳩尾),LJC-M130Q073
3388,LJC03556,LJC03556.jpg,35-56,73,130,みずおち (鳩尾),LJC-M130Q073
3389,LJC03557,LJC03557.jpg,35-57,73,130,みずおち (鳩尾),LJC-M130Q073
3390,LJC03558,LJC03558.jpg,35-58,73,130,みずおち (鳩尾),LJC-M130Q073
3391,LJC03559,LJC03559.jpg,35-59,73,130,みずおち (鳩尾),LJC-M130Q073
3392,LJC03560,LJC03560.jpg,35-60,73,130,みずおち (鳩尾),LJC-M130Q073
3393,LJC03561,LJC03561.jpg,35-61,73,130,みずおち (鳩尾),LJC-M130Q073
3394,LJC03562,LJC03562.jpg,35-62,73,130,みずおち (鳩尾),LJC-M130Q073
3395,LJC03563,LJC03563.jpg,35-63,73,130,みずおち (鳩尾),LJC-M130Q073
3396,LJC03564,LJC03564.jpg,35-64,73,130,みずおち (鳩尾),LJC-M130Q073
3397,LJC03565,LJC03565.jpg,35-65,73,130,みずおち (鳩尾),LJC-M130Q073
3398,LJC03566,LJC03566.jpg,35-66,73,130,みずおち (鳩尾),LJC-M130Q073
3399,LJC03567,LJC03567.jpg,35-67,73,130,みずおち (鳩尾),LJC-M130Q073
3400,LJC03568,LJC03568.jpg,35-68,73,130,みずおち (鳩尾),LJC-M130Q073
3401,LJC03569,LJC03569.jpg,35-69,73,130,みずおち (鳩尾),LJC-M130Q073
3402,LJC03570,LJC03570.jpg,35-70,73,130,みずおち (鳩尾),LJC-M130Q073
3403,LJC03571,LJC03571.jpg,35-71,73,130,みずおち (鳩尾),LJC-M130Q073
3404,LJC03572,LJC03572.jpg,35-72,73,130,みずおち (鳩尾),LJC-M130Q073
3405,LJC03573,LJC03573.jpg,35-73,73,130,みずおち (鳩尾),LJC-M130Q073
3406,LJC03574,LJC03574.jpg,35-74,74,131,あか (垢),LJC-M131Q074
3407,LJC03575,LJC03575.jpg,35-75,74,131,あか (垢),LJC-M131Q074
3408,LJC03576,LJC03576.jpg,35-76,74,131,あか (垢),LJC-M131Q074
3409,LJC03577,LJC03577.jpg,35-77,74,131,あか (垢),LJC-M131Q074
3410,LJC03578,LJC03578.jpg,35-78,74,131,あか (垢),LJC-M131Q074
3411,LJC03579,LJC03579.jpg,35-79,74,131,あか (垢),LJC-M131Q074
3412,LJC03580,LJC03580.jpg,35-80,74,131,あか (垢),LJC-M131Q074
3413,LJC03581,LJC03581.jpg,35-81,74,131,あか (垢),LJC-M131Q074
3414,LJC03582,LJC03582.jpg,35-82,74,131,あか (垢),LJC-M131Q074
3415,LJC03583,LJC03583.jpg,35-83,74,131,あか (垢),LJC-M131Q074
3416,LJC03584,LJC03584.jpg,35-84,74,131,あか (垢),LJC-M131Q074
3417,LJC03585,LJC03585.jpg,35-85,74,131,あか (垢),LJC-M131Q074
3418,LJC03586,LJC03586.jpg,35-86,74,131,あか (垢),LJC-M131Q074
3419,LJC03587,LJC03587.jpg,35-87,74,131,あか (垢),LJC-M131Q074
3420,LJC03588,LJC03588.jpg,35-88,74,131,あか (垢),LJC-M131Q074
3421,LJC03589,LJC03589.jpg,35-89,74,131,あか (垢),LJC-M131Q074
3422,LJC03590,LJC03590.jpg,35-90,74,131,あか (垢),LJC-M131Q074
3423,LJC03591,LJC03591.jpg,35-91,74,131,あか (垢),LJC-M131Q074
3424,LJC03592,LJC03592.jpg,35-92,74,131,あか (垢),LJC-M131Q074
3425,LJC03593,LJC03593.jpg,35-93,74,131,あか (垢),LJC-M131Q074
3426,LJC03594,LJC03594.jpg,35-94,74,131,あか (垢),LJC-M131Q074
3427,LJC03595,LJC03595.jpg,35-95,58,132,あざ (痣),LJC-M132Q058
3428,LJC03596,LJC03596.jpg,35-96,58,132,あざ (痣),LJC-M132Q058
3429,LJC03597,LJC03597.jpg,35-97,58,132,あざ (痣),LJC-M132Q058
3430,LJC03598,LJC03598.jpg,35-98,58,132,あざ (痣),LJC-M132Q058
3431,LJC03601,LJC03601.jpg,36-01,58,132,あざ (痣),LJC-M132Q058
3432,LJC03602,LJC03602.jpg,36-02,58,132,あざ (痣),LJC-M132Q058
3433,LJC03603,LJC03603.jpg,36-03,58,132,あざ (痣),LJC-M132Q058
3434,LJC03604,LJC03604.jpg,36-04,58,132,あざ (痣),LJC-M132Q058
3435,LJC03605,LJC03605.jpg,36-05,58,132,あざ (痣),LJC-M132Q058
3436,LJC03606,LJC03606.jpg,36-06,58,132,あざ (痣),LJC-M132Q058
3437,LJC03607,LJC03607.jpg,36-07,58,132,あざ (痣),LJC-M132Q058
3438,LJC03608,LJC03608.jpg,36-08,58,132,あざ (痣),LJC-M132Q058
3439,LJC03609,LJC03609.jpg,36-09,58,132,あざ (痣),LJC-M132Q058
3440,LJC03610,LJC03610.jpg,36-10,58,132,あざ (痣),LJC-M132Q058
3441,LJC03611,LJC03611.jpg,36-11,58,132,あざ (痣),LJC-M132Q058
3442,LJC03612,LJC03612.jpg,36-12,58,132,あざ (痣),LJC-M132Q058
3443,LJC03613,LJC03613.jpg,36-13,58,132,あざ (痣),LJC-M132Q058
3444,LJC03614,LJC03614.jpg,36-14,58,132,あざ (痣),LJC-M132Q058
3445,LJC03615,LJC03615.jpg,36-15,58,132,あざ (痣),LJC-M132Q058
3446,LJC03616,LJC03616.jpg,36-16,58,132,あざ (痣),LJC-M132Q058
3447,LJC03617,LJC03617.jpg,36-17,58,132,あざ (痣),LJC-M132Q058
3448,LJC03618,LJC03618.jpg,36-18,58,132,あざ (痣),LJC-M132Q058
3449,LJC03619,LJC03619.jpg,36-19,58,132,あざ (痣),LJC-M132Q058
3450,LJC03620,LJC03620.jpg,36-20,58,132,あざ (痣),LJC-M132Q058
3451,LJC03621,LJC03621.jpg,36-21,58,132,あざ (痣),LJC-M132Q058
3452,LJC03622,LJC03622.jpg,36-22,58,132,あざ (痣),LJC-M132Q058
3453,LJC03623,LJC03623.jpg,36-23,58,132,あざ (痣),LJC-M132Q058
3454,LJC03624,LJC03624.jpg,36-24,58,132,あざ (痣),LJC-M132Q058
3455,LJC03625,LJC03625.jpg,36-25,58,132,あざ (痣),LJC-M132Q058
3456,LJC03626,LJC03626.jpg,36-26,58,132,あざ (痣),LJC-M132Q058
3457,LJC03627,LJC03627.jpg,36-27,58,132,あざ (痣),LJC-M132Q058
3458,LJC03628,LJC03628.jpg,36-28,58,132,あざ (痣),LJC-M132Q058
3459,LJC03629,LJC03629.jpg,36-29,58,132,あざ (痣),LJC-M132Q058
3460,LJC03630,LJC03630.jpg,36-30,58,132,あざ (痣),LJC-M132Q058
3461,LJC03631,LJC03631.jpg,36-31,58,132,あざ (痣),LJC-M132Q058
3462,LJC03632,LJC03632.jpg,36-32,58,132,あざ (痣),LJC-M132Q058
3463,LJC03633,LJC03633.jpg,36-33,58,132,あざ (痣),LJC-M132Q058
3464,LJC03634,LJC03634.jpg,36-34,58,132,あざ (痣),LJC-M132Q058
3465,LJC03635,LJC03635.jpg,36-35,58,132,あざ (痣),LJC-M132Q058
3466,LJC03636,LJC03636.jpg,36-36,58,132,あざ (痣),LJC-M132Q058
3467,LJC03637,LJC03637.jpg,36-37,58,132,あざ (痣),LJC-M132Q058
3468,LJC03638,LJC03638.jpg,36-38,58,132,あざ (痣),LJC-M132Q058
3469,LJC03639,LJC03639.jpg,36-39,58,132,あざ (痣),LJC-M132Q058
3470,LJC03640,LJC03640.jpg,36-40,58,132,あざ (痣),LJC-M132Q058
3471,LJC03641,LJC03641.jpg,36-41,58,132,あざ (痣),LJC-M132Q058
3472,LJC03642,LJC03642.jpg,36-42,58,132,あざ (痣),LJC-M132Q058
3473,LJC03643,LJC03643.jpg,36-43,58,132,あざ (痣),LJC-M132Q058
3474,LJC03644,LJC03644.jpg,36-44,58,132,あざ (痣),LJC-M132Q058
3475,LJC03645,LJC03645.jpg,36-45,58,132,あざ (痣),LJC-M132Q058
3476,LJC03646,LJC03646.jpg,36-46,58,132,あざ (痣),LJC-M132Q058
3477,LJC03647,LJC03647.jpg,36-47,58,132,あざ (痣),LJC-M132Q058
3478,LJC03648,LJC03648.jpg,36-48,58,132,あざ (痣),LJC-M132Q058
3479,LJC03649,LJC03649.jpg,36-49,58,132,あざ (痣),LJC-M132Q058
3480,LJC03650,LJC03650.jpg,36-50,58,132,あざ (痣),LJC-M132Q058
3481,LJC03651,LJC03651.jpg,36-51,58,132,あざ (痣),LJC-M132Q058
3482,LJC03652,LJC03652.jpg,36-52,58,132,あざ (痣),LJC-M132Q058
3483,LJC03653,LJC03653.jpg,36-53,58,132,あざ (痣),LJC-M132Q058
3484,LJC03654,LJC03654.jpg,36-54,58,132,あざ (痣),LJC-M132Q058
3485,LJC03655,LJC03655.jpg,36-55,58,132,あざ (痣),LJC-M132Q058
3486,LJC03656,LJC03656.jpg,36-56,58,132,あざ (痣),LJC-M132Q058
3487,LJC03657,LJC03657.jpg,36-57,58,132,あざ (痣),LJC-M132Q058
3488,LJC03658,LJC03658.jpg,36-58,58,132,あざ (痣),LJC-M132Q058
3489,LJC03659,LJC03659.jpg,36-59,58,132,あざ (痣),LJC-M132Q058
3490,LJC03660,LJC03660.jpg,36-60,58,132,あざ (痣),LJC-M132Q058
3491,LJC03661,LJC03661.jpg,36-61,58,132,あざ (痣),LJC-M132Q058
3492,LJC03662,LJC03662.jpg,36-62,58,132,あざ (痣),LJC-M132Q058
3493,LJC03663,LJC03663.jpg,36-63,58,132,あざ (痣),LJC-M132Q058
3494,LJC03664,LJC03664.jpg,36-64,58,132,あざ (痣),LJC-M132Q058
3495,LJC03665,LJC03665.jpg,36-65,58,132,あざ (痣),LJC-M132Q058
3496,LJC03666,LJC03666.jpg,36-66,58,132,あざ (痣),LJC-M132Q058
3497,LJC03667,LJC03667.jpg,36-67,58,132,あざ (痣),LJC-M132Q058
3498,LJC03668,LJC03668.jpg,36-68,60,133,ほくろ (黒子) ―小さいもの,LJC-M133Q060
3499,LJC03669,LJC03669.jpg,36-69,60,133,ほくろ (黒子) ―小さいもの,LJC-M133Q060
3500,LJC03670,LJC03670.jpg,36-70,60,133,ほくろ (黒子) ―小さいもの,LJC-M133Q060
3501,LJC03671,LJC03671.jpg,36-71,60,133,ほくろ (黒子) ―小さいもの,LJC-M133Q060
3502,LJC03672,LJC03672.jpg,36-72,60,133,ほくろ (黒子) ―小さいもの,LJC-M133Q060
3503,LJC03673,LJC03673.jpg,36-73,60,133,ほくろ (黒子) ―小さいもの,LJC-M133Q060
3504,LJC03674,LJC03674.jpg,36-74,60,133,ほくろ (黒子) ―小さいもの,LJC-M133Q060
3505,LJC03675,LJC03675.jpg,36-75,60,133,ほくろ (黒子) ―小さいもの,LJC-M133Q060
3506,LJC03676,LJC03676.jpg,36-76,60,133,ほくろ (黒子) ―小さいもの,LJC-M133Q060
3507,LJC03677,LJC03677.jpg,36-77,60,133,ほくろ (黒子) ―小さいもの,LJC-M133Q060
3508,LJC03678,LJC03678.jpg,36-78,60,133,ほくろ (黒子) ―小さいもの,LJC-M133Q060
3509,LJC03679,LJC03679.jpg,36-79,60,133,ほくろ (黒子) ―小さいもの,LJC-M133Q060
3510,LJC03680,LJC03680.jpg,36-80,60,133,ほくろ (黒子) ―小さいもの,LJC-M133Q060
3511,LJC03681,LJC03681.jpg,36-81,60,133,ほくろ (黒子) ―小さいもの,LJC-M133Q060
3512,LJC03682,LJC03682.jpg,36-82,60,133,ほくろ (黒子) ―小さいもの,LJC-M133Q060
3513,LJC03683,LJC03683.jpg,36-83,60,133,ほくろ (黒子) ―小さいもの,LJC-M133Q060
3514,LJC03684,LJC03684.jpg,36-84,60,133,ほくろ (黒子) ―小さいもの,LJC-M133Q060
3515,LJC03685,LJC03685.jpg,36-85,60,133,ほくろ (黒子) ―小さいもの,LJC-M133Q060
3516,LJC03686,LJC03686.jpg,36-86,60,133,ほくろ (黒子) ―小さいもの,LJC-M133Q060
3517,LJC03687,LJC03687.jpg,36-87,60,133,ほくろ (黒子) ―小さいもの,LJC-M133Q060
3518,LJC03688,LJC03688.jpg,36-88,60,133,ほくろ (黒子) ―小さいもの,LJC-M133Q060
3519,LJC03689,LJC03689.jpg,36-89,60,133,ほくろ (黒子) ―小さいもの,LJC-M133Q060
3520,LJC03690,LJC03690.jpg,36-90,60,133,ほくろ (黒子) ―小さいもの,LJC-M133Q060
3521,LJC03691,LJC03691.jpg,36-91,60,133,ほくろ (黒子) ―小さいもの,LJC-M133Q060
3522,LJC03692,LJC03692.jpg,36-92,60,133,ほくろ (黒子) ―小さいもの,LJC-M133Q060
3523,LJC03693,LJC03693.jpg,36-93,60,133,ほくろ (黒子) ―小さいもの,LJC-M133Q060
3524,LJC03694,LJC03694.jpg,36-94,60,133,ほくろ (黒子) ―小さいもの,LJC-M133Q060
3525,LJC03695,LJC03695.jpg,36-95,60,133,ほくろ (黒子) ―小さいもの,LJC-M133Q060
3526,LJC03696,LJC03696.jpg,36-96,60,133,ほくろ (黒子) ―小さいもの,LJC-M133Q060
3527,LJC03697,LJC03697.jpg,36-97,60,133,ほくろ (黒子) ―小さいもの,LJC-M133Q060
3528,LJC03698,LJC03698.jpg,36-98,60,133,ほくろ (黒子) ―小さいもの,LJC-M133Q060
3529,LJC03701,LJC03701.jpg,37-01,60,133,ほくろ (黒子) ―小さいもの,LJC-M133Q060
3530,LJC03702,LJC03702.jpg,37-02,60,133,ほくろ (黒子) ―小さいもの,LJC-M133Q060
3531,LJC03703,LJC03703.jpg,37-03,60,133,ほくろ (黒子) ―小さいもの,LJC-M133Q060
3532,LJC03704,LJC03704.jpg,37-04,60,133,ほくろ (黒子) ―小さいもの,LJC-M133Q060
3533,LJC03705,LJC03705.jpg,37-05,60,133,ほくろ (黒子) ―小さいもの,LJC-M133Q060
3534,LJC03706,LJC03706.jpg,37-06,60,133,ほくろ (黒子) ―小さいもの,LJC-M133Q060
3535,LJC03707,LJC03707.jpg,37-07,60,133,ほくろ (黒子) ―小さいもの,LJC-M133Q060
3536,LJC03708,LJC03708.jpg,37-08,60,133,ほくろ (黒子) ―小さいもの,LJC-M133Q060
3537,LJC03709,LJC03709.jpg,37-09,60,133,ほくろ (黒子) ―小さいもの,LJC-M133Q060
3538,LJC03710,LJC03710.jpg,37-10,60,133,ほくろ (黒子) ―小さいもの,LJC-M133Q060
3539,LJC03711,LJC03711.jpg,37-11,60,133,ほくろ (黒子) ―小さいもの,LJC-M133Q060
3540,LJC03712,LJC03712.jpg,37-12,60,133,ほくろ (黒子) ―小さいもの,LJC-M133Q060
3541,LJC03713,LJC03713.jpg,37-13,60,133,ほくろ (黒子) ―小さいもの,LJC-M133Q060
3542,LJC03714,LJC03714.jpg,37-14,60,133,ほくろ (黒子) ―小さいもの,LJC-M133Q060
3543,LJC03715,LJC03715.jpg,37-15,60,133,ほくろ (黒子) ―小さいもの,LJC-M133Q060
3544,LJC03716,LJC03716.jpg,37-16,60,133,ほくろ (黒子) ―小さいもの,LJC-M133Q060
3545,LJC03717,LJC03717.jpg,37-17,60,133,ほくろ (黒子) ―小さいもの,LJC-M133Q060
3546,LJC03718,LJC03718.jpg,37-18,60,133,ほくろ (黒子) ―小さいもの,LJC-M133Q060
3547,LJC03719,LJC03719.jpg,37-19,60,133,ほくろ (黒子) ―小さいもの,LJC-M133Q060
3548,LJC03720,LJC03720.jpg,37-20,60,133,ほくろ (黒子) ―小さいもの,LJC-M133Q060
3549,LJC03721,LJC03721.jpg,37-21,60,133,ほくろ (黒子) ―小さいもの,LJC-M133Q060
3550,LJC03722,LJC03722.jpg,37-22,60,133,ほくろ (黒子) ―小さいもの,LJC-M133Q060
3551,LJC03723,LJC03723.jpg,37-23,60,133,ほくろ (黒子) ―小さいもの,LJC-M133Q060
3552,LJC03724,LJC03724.jpg,37-24,60,133,ほくろ (黒子) ―小さいもの,LJC-M133Q060
3553,LJC03725,LJC03725.jpg,37-25,60,133,ほくろ (黒子) ―小さいもの,LJC-M133Q060
3554,LJC03726,LJC03726.jpg,37-26,60,133,ほくろ (黒子) ―小さいもの,LJC-M133Q060
3555,LJC03727,LJC03727.jpg,37-27,60,133,ほくろ (黒子) ―小さいもの,LJC-M133Q060
3556,LJC03728,LJC03728.jpg,37-28,60,133,ほくろ (黒子) ―小さいもの,LJC-M133Q060
3557,LJC03729,LJC03729.jpg,37-29,60,133,ほくろ (黒子) ―小さいもの,LJC-M133Q060
3558,LJC03730,LJC03730.jpg,37-30,60,133,ほくろ (黒子) ―小さいもの,LJC-M133Q060
3559,LJC03731,LJC03731.jpg,37-31,60,133,ほくろ (黒子) ―小さいもの,LJC-M133Q060
3560,LJC03732,LJC03732.jpg,37-32,60,133,ほくろ (黒子) ―小さいもの,LJC-M133Q060
3561,LJC03733,LJC03733.jpg,37-33,61,134,ほくろ (黒子) ―大きいもの,LJC-M134Q061
3562,LJC03734,LJC03734.jpg,37-34,61,134,ほくろ (黒子) ―大きいもの,LJC-M134Q061
3563,LJC03735,LJC03735.jpg,37-35,61,134,ほくろ (黒子) ―大きいもの,LJC-M134Q061
3564,LJC03736,LJC03736.jpg,37-36,61,134,ほくろ (黒子) ―大きいもの,LJC-M134Q061
3565,LJC03737,LJC03737.jpg,37-37,61,134,ほくろ (黒子) ―大きいもの,LJC-M134Q061
3566,LJC03738,LJC03738.jpg,37-38,61,134,ほくろ (黒子) ―大きいもの,LJC-M134Q061
3567,LJC03739,LJC03739.jpg,37-39,61,134,ほくろ (黒子) ―大きいもの,LJC-M134Q061
3568,LJC03740,LJC03740.jpg,37-40,61,134,ほくろ (黒子) ―大きいもの,LJC-M134Q061
3569,LJC03741,LJC03741.jpg,37-41,61,134,ほくろ (黒子) ―大きいもの,LJC-M134Q061
3570,LJC03742,LJC03742.jpg,37-42,61,134,ほくろ (黒子) ―大きいもの,LJC-M134Q061
3571,LJC03743,LJC03743.jpg,37-43,61,134,ほくろ (黒子) ―大きいもの,LJC-M134Q061
3572,LJC03744,LJC03744.jpg,37-44,61,134,ほくろ (黒子) ―大きいもの,LJC-M134Q061
3573,LJC03745,LJC03745.jpg,37-45,61,134,ほくろ (黒子) ―大きいもの,LJC-M134Q061
3574,LJC03746,LJC03746.jpg,37-46,61,134,ほくろ (黒子) ―大きいもの,LJC-M134Q061
3575,LJC03747,LJC03747.jpg,37-47,61,134,ほくろ (黒子) ―大きいもの,LJC-M134Q061
3576,LJC03748,LJC03748.jpg,37-48,61,134,ほくろ (黒子) ―大きいもの,LJC-M134Q061
3577,LJC03749,LJC03749.jpg,37-49,61,134,ほくろ (黒子) ―大きいもの,LJC-M134Q061
3578,LJC03750,LJC03750.jpg,37-50,61,134,ほくろ (黒子) ―大きいもの,LJC-M134Q061
3579,LJC03751,LJC03751.jpg,37-51,61,134,ほくろ (黒子) ―大きいもの,LJC-M134Q061
3580,LJC03752,LJC03752.jpg,37-52,61,134,ほくろ (黒子) ―大きいもの,LJC-M134Q061
3581,LJC03753,LJC03753.jpg,37-53,61,134,ほくろ (黒子) ―大きいもの,LJC-M134Q061
3582,LJC03754,LJC03754.jpg,37-54,61,134,ほくろ (黒子) ―大きいもの,LJC-M134Q061
3583,LJC03755,LJC03755.jpg,37-55,61,134,ほくろ (黒子) ―大きいもの,LJC-M134Q061
3584,LJC03756,LJC03756.jpg,37-56,61,134,ほくろ (黒子) ―大きいもの,LJC-M134Q061
3585,LJC03757,LJC03757.jpg,37-57,61,134,ほくろ (黒子) ―大きいもの,LJC-M134Q061
3586,LJC03758,LJC03758.jpg,37-58,61,134,ほくろ (黒子) ―大きいもの,LJC-M134Q061
3587,LJC03759,LJC03759.jpg,37-59,61,134,ほくろ (黒子) ―大きいもの,LJC-M134Q061
3588,LJC03760,LJC03760.jpg,37-60,61,134,ほくろ (黒子) ―大きいもの,LJC-M134Q061
3589,LJC03761,LJC03761.jpg,37-61,61,134,ほくろ (黒子) ―大きいもの,LJC-M134Q061
3590,LJC03762,LJC03762.jpg,37-62,61,134,ほくろ (黒子) ―大きいもの,LJC-M134Q061
3591,LJC03763,LJC03763.jpg,37-63,61,134,ほくろ (黒子) ―大きいもの,LJC-M134Q061
3592,LJC03764,LJC03764.jpg,37-64,61,134,ほくろ (黒子) ―大きいもの,LJC-M134Q061
3593,LJC03765,LJC03765.jpg,37-65,61,134,ほくろ (黒子) ―大きいもの,LJC-M134Q061
3594,LJC03766,LJC03766.jpg,37-66,61,134,ほくろ (黒子) ―大きいもの,LJC-M134Q061
3595,LJC03767,LJC03767.jpg,37-67,61,134,ほくろ (黒子) ―大きいもの,LJC-M134Q061
3596,LJC03768,LJC03768.jpg,37-68,61,134,ほくろ (黒子) ―大きいもの,LJC-M134Q061
3597,LJC03769,LJC03769.jpg,37-69,61,134,ほくろ (黒子) ―大きいもの,LJC-M134Q061
3598,LJC03770,LJC03770.jpg,37-70,61,134,ほくろ (黒子) ―大きいもの,LJC-M134Q061
3599,LJC03771,LJC03771.jpg,37-71,61,134,ほくろ (黒子) ―大きいもの,LJC-M134Q061
3600,LJC03772,LJC03772.jpg,37-72,61,134,ほくろ (黒子) ―大きいもの,LJC-M134Q061
3601,LJC03773,LJC03773.jpg,37-73,61,134,ほくろ (黒子) ―大きいもの,LJC-M134Q061
3602,LJC03774,LJC03774.jpg,37-74,61,134,ほくろ (黒子) ―大きいもの,LJC-M134Q061
3603,LJC03775,LJC03775.jpg,37-75,61,134,ほくろ (黒子) ―大きいもの,LJC-M134Q061
3604,LJC03776,LJC03776.jpg,37-76,61,134,ほくろ (黒子) ―大きいもの,LJC-M134Q061
3605,LJC03777,LJC03777.jpg,37-77,61,134,ほくろ (黒子) ―大きいもの,LJC-M134Q061
3606,LJC03778,LJC03778.jpg,37-78,61,134,ほくろ (黒子) ―大きいもの,LJC-M134Q061
3607,LJC03779,LJC03779.jpg,37-79,61,134,ほくろ (黒子) ―大きいもの,LJC-M134Q061
3608,LJC03780,LJC03780.jpg,37-80,61,134,ほくろ (黒子) ―大きいもの,LJC-M134Q061
3609,LJC03781,LJC03781.jpg,37-81,61,134,ほくろ (黒子) ―大きいもの,LJC-M134Q061
3610,LJC03782,LJC03782.jpg,37-82,61,134,ほくろ (黒子) ―大きいもの,LJC-M134Q061
3611,LJC03783,LJC03783.jpg,37-83,61,134,ほくろ (黒子) ―大きいもの,LJC-M134Q061
3612,LJC03784,LJC03784.jpg,37-84,80,136,おとこ (男),LJC-M136Q080
3613,LJC03785,LJC03785.jpg,37-85,80,136,おとこ (男),LJC-M136Q080
3614,LJC03786,LJC03786.jpg,37-86,80,136,おとこ (男),LJC-M136Q080
3615,LJC03787,LJC03787.jpg,37-87,80,136,おとこ (男),LJC-M136Q080
3616,LJC03788,LJC03788.jpg,37-88,80,136,おとこ (男),LJC-M136Q080
3617,LJC03789,LJC03789.jpg,37-89,80,136,おとこ (男),LJC-M136Q080
3618,LJC03790,LJC03790.jpg,37-90,80,136,おとこ (男),LJC-M136Q080
3619,LJC03791,LJC03791.jpg,37-91,80,136,おとこ (男),LJC-M136Q080
3620,LJC03792,LJC03792.jpg,37-92,80,136,おとこ (男),LJC-M136Q080
3621,LJC03793,LJC03793.jpg,37-93,80,136,おとこ (男),LJC-M136Q080
3622,LJC03794,LJC03794.jpg,37-94,80,136,おとこ (男),LJC-M136Q080
3623,LJC03795,LJC03795.jpg,37-95,80,136,おとこ (男),LJC-M136Q080
3624,LJC03796,LJC03796.jpg,37-96,80,136,おとこ (男),LJC-M136Q080
3625,LJC03797,LJC03797.jpg,37-97,80,136,おとこ (男),LJC-M136Q080
3626,LJC03798,LJC03798.jpg,37-98,80,136,おとこ (男),LJC-M136Q080
3627,LJC03801,LJC03801.jpg,38-01,80,136,おとこ (男),LJC-M136Q080
3628,LJC03802,LJC03802.jpg,38-02,80,136,おとこ (男),LJC-M136Q080
3629,LJC03803,LJC03803.jpg,38-03,80,136,おとこ (男),LJC-M136Q080
3630,LJC03804,LJC03804.jpg,38-04,80,136,おとこ (男),LJC-M136Q080
3631,LJC03805,LJC03805.jpg,38-05,80,136,おとこ (男),LJC-M136Q080
3632,LJC03806,LJC03806.jpg,38-06,80,136,おとこ (男),LJC-M136Q080
3633,LJC03807,LJC03807.jpg,38-07,80,136,おとこ (男),LJC-M136Q080
3634,LJC03808,LJC03808.jpg,38-08,80,136,おとこ (男),LJC-M136Q080
3635,LJC03809,LJC03809.jpg,38-09,80,136,おとこ (男),LJC-M136Q080
3636,LJC03810,LJC03810.jpg,38-10,80,136,おとこ (男),LJC-M136Q080
3637,LJC03811,LJC03811.jpg,38-11,80,136,おとこ (男),LJC-M136Q080
3638,LJC03812,LJC03812.jpg,38-12,80,136,おとこ (男),LJC-M136Q080
3639,LJC03813,LJC03813.jpg,38-13,80,136,おとこ (男),LJC-M136Q080
3640,LJC03814,LJC03814.jpg,38-14,80,136,おとこ (男),LJC-M136Q080
3641,LJC03815,LJC03815.jpg,38-15,80,136,おとこ (男),LJC-M136Q080
3642,LJC03816,LJC03816.jpg,38-16,80,136,おとこ (男),LJC-M136Q080
3643,LJC03817,LJC03817.jpg,38-17,80,136,おとこ (男),LJC-M136Q080
3644,LJC03818,LJC03818.jpg,38-18,80,136,おとこ (男),LJC-M136Q080
3645,LJC03819,LJC03819.jpg,38-19,80,136,おとこ (男),LJC-M136Q080
3646,LJC03820,LJC03820.jpg,38-20,80,136,おとこ (男),LJC-M136Q080
3647,LJC03821,LJC03821.jpg,38-21,80,136,おとこ (男),LJC-M136Q080
3648,LJC03822,LJC03822.jpg,38-22,80,136,おとこ (男),LJC-M136Q080
3649,LJC03823,LJC03823.jpg,38-23,80,136,おとこ (男),LJC-M136Q080
3650,LJC03824,LJC03824.jpg,38-24,80,136,おとこ (男),LJC-M136Q080
3651,LJC03825,LJC03825.jpg,38-25,80,136,おとこ (男),LJC-M136Q080
3652,LJC03826,LJC03826.jpg,38-26,80,136,おとこ (男),LJC-M136Q080
3653,LJC03827,LJC03827.jpg,38-27,80,136,おとこ (男),LJC-M136Q080
3654,LJC03828,LJC03828.jpg,38-28,80,136,おとこ (男),LJC-M136Q080
3655,LJC03829,LJC03829.jpg,38-29,81,"137, 138",おんな (女),LJC-M137Q081
3656,LJC03830,LJC03830.jpg,38-30,81,"137, 138",おんな (女),LJC-M137Q081
3657,LJC03831,LJC03831.jpg,38-31,81,"137, 138",おんな (女),LJC-M137Q081
3658,LJC03832,LJC03832.jpg,38-32,81,"137, 138",おんな (女),LJC-M137Q081
3659,LJC03833,LJC03833.jpg,38-33,81,"137, 138",おんな (女),LJC-M137Q081
3660,LJC03834,LJC03834.jpg,38-34,81,"137, 138",おんな (女),LJC-M137Q081
3661,LJC03835,LJC03835.jpg,38-35,81,"137, 138",おんな (女),LJC-M137Q081
3662,LJC03836,LJC03836.jpg,38-36,81,"137, 138",おんな (女),LJC-M137Q081
3663,LJC03837,LJC03837.jpg,38-37,81,"137, 138",おんな (女),LJC-M137Q081
3664,LJC03838,LJC03838.jpg,38-38,81,"137, 138",おんな (女),LJC-M137Q081
3665,LJC03839,LJC03839.jpg,38-39,81,"137, 138",おんな (女),LJC-M137Q081
3666,LJC03840,LJC03840.jpg,38-40,81,"137, 138",おんな (女),LJC-M137Q081
3667,LJC03841,LJC03841.jpg,38-41,81,"137, 138",おんな (女),LJC-M137Q081
3668,LJC03842,LJC03842.jpg,38-42,81,"137, 138",おんな (女),LJC-M137Q081
3669,LJC03843,LJC03843.jpg,38-43,81,"137, 138",おんな (女),LJC-M137Q081
3670,LJC03844,LJC03844.jpg,38-44,81,"137, 138",おんな (女),LJC-M137Q081
3671,LJC03845,LJC03845.jpg,38-45,81,"137, 138",おんな (女),LJC-M137Q081
3672,LJC03846,LJC03846.jpg,38-46,81,"137, 138",おんな (女),LJC-M137Q081
3673,LJC03847,LJC03847.jpg,38-47,81,"137, 138",おんな (女),LJC-M137Q081
3674,LJC03848,LJC03848.jpg,38-48,81,"137, 138",おんな (女),LJC-M137Q081
3675,LJC03849,LJC03849.jpg,38-49,81,"137, 138",おんな (女),LJC-M137Q081
3676,LJC03850,LJC03850.jpg,38-50,81,"137, 138",おんな (女),LJC-M137Q081
3677,LJC03851,LJC03851.jpg,38-51,81,"137, 138",おんな (女),LJC-M137Q081
3678,LJC03852,LJC03852.jpg,38-52,81,"137, 138",おんな (女),LJC-M137Q081
3679,LJC03853,LJC03853.jpg,38-53,81,"137, 138",おんな (女),LJC-M137Q081
3680,LJC03854,LJC03854.jpg,38-54,81,"137, 138",おんな (女),LJC-M137Q081
3681,LJC03855,LJC03855.jpg,38-55,81,"137, 138",おんな (女),LJC-M137Q081
3682,LJC03856,LJC03856.jpg,38-56,81,"137, 138",おんな (女),LJC-M137Q081
3683,LJC03857,LJC03857.jpg,38-57,81,"137, 138",おんな (女),LJC-M137Q081
3684,LJC03858,LJC03858.jpg,38-58,81,"137, 138",おんな (女),LJC-M137Q081
3685,LJC03859,LJC03859.jpg,38-59,81,"137, 138",おんな (女),LJC-M137Q081
3686,LJC03860,LJC03860.jpg,38-60,81,"137, 138",おんな (女),LJC-M137Q081
3687,LJC03861,LJC03861.jpg,38-61,81,"137, 138",おんな (女),LJC-M137Q081
3688,LJC03862,LJC03862.jpg,38-62,81,"137, 138",おんな (女),LJC-M137Q081
3689,LJC03863,LJC03863.jpg,38-63,81,"137, 138",おんな (女),LJC-M137Q081
3690,LJC03864,LJC03864.jpg,38-64,81,"137, 138",おんな (女),LJC-M137Q081
3691,LJC03865,LJC03865.jpg,38-65,81,"137, 138",おんな (女),LJC-M137Q081
3692,LJC03866,LJC03866.jpg,38-66,81,"137, 138",おんな (女),LJC-M137Q081
3693,LJC03867,LJC03867.jpg,38-67,81,"137, 138",おんな (女),LJC-M137Q081
3694,LJC03868,LJC03868.jpg,38-68,81,"137, 138",おんな (女),LJC-M137Q081
3695,LJC03869,LJC03869.jpg,38-69,81,"137, 138",おんな (女),LJC-M137Q081
3696,LJC03870,LJC03870.jpg,38-70,81,"137, 138",おんな (女),LJC-M137Q081
3697,LJC03871,LJC03871.jpg,38-71,81,"137, 138",おんな (女),LJC-M137Q081
3698,LJC03872,LJC03872.jpg,38-72,81,"137, 138",おんな (女),LJC-M137Q081
3699,LJC03873,LJC03873.jpg,38-73,81,"137, 138",おんな (女),LJC-M137Q081
3700,LJC03874,LJC03874.jpg,38-74,81,"137, 138",おんな (女),LJC-M137Q081
3701,LJC03875,LJC03875.jpg,38-75,81,"137, 138",おんな (女),LJC-M137Q081
3702,LJC03876,LJC03876.jpg,38-76,81,"137, 138",おんな (女),LJC-M137Q081
3703,LJC03877,LJC03877.jpg,38-77,81,"137, 138",おんな (女),LJC-M137Q081
3704,LJC03878,LJC03878.jpg,38-78,81,"137, 138",おんな (女),LJC-M137Q081
3705,LJC03879,LJC03879.jpg,38-79,81,"137, 138",おんな (女),LJC-M137Q081
3706,LJC03880,LJC03880.jpg,38-80,81,"137, 138",おんな (女),LJC-M137Q081
3707,LJC03881,LJC03881.jpg,38-81,81,"137, 138",おんな (女),LJC-M137Q081
3708,LJC03882,LJC03882.jpg,38-82,81,"137, 138",おんな (女),LJC-M137Q081
3709,LJC03883,LJC03883.jpg,38-83,81,"137, 138",おんな (女),LJC-M137Q081
3710,LJC03884,LJC03884.jpg,38-84,81,"137, 138",おんな (女),LJC-M137Q081
3711,LJC03885,LJC03885.jpg,38-85,81,"137, 138",おんな (女),LJC-M137Q081
3712,LJC03886,LJC03886.jpg,38-86,81,"137, 138",おんな (女),LJC-M137Q081
3713,LJC03887,LJC03887.jpg,38-87,81,"137, 138",おんな (女),LJC-M137Q081
3714,LJC03888,LJC03888.jpg,38-88,81,"137, 138",おんな (女),LJC-M137Q081
3715,LJC03889,LJC03889.jpg,38-89,81,"137, 138",おんな (女),LJC-M137Q081
3716,LJC03890,LJC03890.jpg,38-90,81,"137, 138",おんな (女),LJC-M137Q081
3717,LJC03891,LJC03891.jpg,38-91,81,"137, 138",おんな (女),LJC-M137Q081
3718,LJC03892,LJC03892.jpg,38-92,81,"137, 138",おんな (女),LJC-M137Q081
3719,LJC03893,LJC03893.jpg,38-93,81,"137, 138",おんな (女),LJC-M137Q081
3720,LJC03894,LJC03894.jpg,38-94,81,"137, 138",おんな (女),LJC-M137Q081
3721,LJC03895,LJC03895.jpg,38-95,81,"137, 138",おんな (女),LJC-M137Q081
3722,LJC03896,LJC03896.jpg,38-96,81,"137, 138",おんな (女),LJC-M137Q081
3723,LJC03897,LJC03897.jpg,38-97,81,"137, 138",おんな (女),LJC-M137Q081
3724,LJC03898,LJC03898.jpg,38-98,81,"137, 138",おんな (女),LJC-M137Q081
3725,LJC03901,LJC03901.jpg,39-01,81,"137, 138",おんな (女),LJC-M137Q081
3726,LJC03902,LJC03902.jpg,39-02,81,"137, 138",おんな (女),LJC-M137Q081
3727,LJC03903,LJC03903.jpg,39-03,81,"137, 138",おんな (女),LJC-M137Q081
3728,LJC03904,LJC03904.jpg,39-04,81,"137, 138",おんな (女),LJC-M137Q081
3729,LJC03905,LJC03905.jpg,39-05,81,"137, 138",おんな (女),LJC-M137Q081
3730,LJC03906,LJC03906.jpg,39-06,81,"137, 138",おんな (女),LJC-M137Q081
3731,LJC03907,LJC03907.jpg,39-07,81,"137, 138",おんな (女),LJC-M137Q081
3732,LJC03908,LJC03908.jpg,39-08,81,"137, 138",おんな (女),LJC-M137Q081
3733,LJC03909,LJC03909.jpg,39-09,81,"137, 138",おんな (女),LJC-M137Q081
3734,LJC03910,LJC03910.jpg,39-10,81,"137, 138",おんな (女),LJC-M137Q081
3735,LJC03911,LJC03911.jpg,39-11,81,"137, 138",おんな (女),LJC-M137Q081
3736,LJC03912,LJC03912.jpg,39-12,81,"137, 138",おんな (女),LJC-M137Q081
3737,LJC03913,LJC03913.jpg,39-13,81,"137, 138",おんな (女),LJC-M137Q081
3738,LJC03914,LJC03914.jpg,39-14,81,"137, 138",おんな (女),LJC-M137Q081
3739,LJC03915,LJC03915.jpg,39-15,81,"137, 138",おんな (女),LJC-M137Q081
3740,LJC03916,LJC03916.jpg,39-16,81,"137, 138",おんな (女),LJC-M137Q081
3741,LJC03917,LJC03917.jpg,39-17,81,"137, 138",おんな (女),LJC-M137Q081
3742,LJC03918,LJC03918.jpg,39-18,81,"137, 138",おんな (女),LJC-M137Q081
3743,LJC03919,LJC03919.jpg,39-19,81,"137, 138",おんな (女),LJC-M137Q081
3744,LJC03920,LJC03920.jpg,39-20,81,"137, 138",おんな (女),LJC-M137Q081
3745,LJC03921,LJC03921.jpg,39-21,81,"137, 138",おんな (女),LJC-M137Q081
3746,LJC03922,LJC03922.jpg,39-22,81,"137, 138",おんな (女),LJC-M137Q081
3747,LJC03923,LJC03923.jpg,39-23,81,"137, 138",おんな (女),LJC-M137Q081
3748,LJC03924,LJC03924.jpg,39-24,81,"137, 138",おんな (女),LJC-M137Q081
3749,LJC03925,LJC03925.jpg,39-25,81,"137, 138",おんな (女),LJC-M137Q081
3750,LJC03926,LJC03926.jpg,39-26,81,"137, 138",おんな (女),LJC-M137Q081
3751,LJC03927,LJC03927.jpg,39-27,81,"137, 138",おんな (女),LJC-M137Q081
3752,LJC03928,LJC03928.jpg,39-28,81,"137, 138",おんな (女),LJC-M137Q081
3753,LJC03929,LJC03929.jpg,39-29,81,"137, 138",おんな (女),LJC-M137Q081
3754,LJC03930,LJC03930.jpg,39-30,81,"137, 138",おんな (女),LJC-M137Q081
3755,LJC03931,LJC03931.jpg,39-31,81,"137, 138",おんな (女),LJC-M137Q081
3756,LJC03932,LJC03932.jpg,39-32,81,"137, 138",おんな (女),LJC-M137Q081
3757,LJC03933,LJC03933.jpg,39-33,81,"137, 138",おんな (女),LJC-M137Q081
3758,LJC03934,LJC03934.jpg,39-34,81,"137, 138",おんな (女),LJC-M137Q081
3759,LJC03935,LJC03935.jpg,39-35,81,"137, 138",おんな (女),LJC-M137Q081
3760,LJC03936,LJC03936.jpg,39-36,81,"137, 138",おんな (女),LJC-M137Q081
3761,LJC03937,LJC03937.jpg,39-37,81,"137, 138",おんな (女),LJC-M137Q081
3762,LJC03938,LJC03938.jpg,39-38,81,"137, 138",おんな (女),LJC-M137Q081
3763,LJC03939,LJC03939.jpg,39-39,81,"137, 138",おんな (女),LJC-M137Q081
3764,LJC03940,LJC03940.jpg,39-40,81,"137, 138",おんな (女),LJC-M137Q081
3765,LJC03941,LJC03941.jpg,39-41,81,"137, 138",おんな (女),LJC-M137Q081
3766,LJC03942,LJC03942.jpg,39-42,81,"137, 138",おんな (女),LJC-M137Q081
3767,LJC03943,LJC03943.jpg,39-43,81,"137, 138",おんな (女),LJC-M137Q081
3768,LJC03944,LJC03944.jpg,39-44,81,"137, 138",おんな (女),LJC-M137Q081
3769,LJC03945,LJC03945.jpg,39-45,81,"137, 138",おんな (女),LJC-M137Q081
3770,LJC03946,LJC03946.jpg,39-46,81,"137, 138",おんな (女),LJC-M137Q081
3771,LJC03947,LJC03947.jpg,39-47,81,"137, 138",おんな (女),LJC-M137Q081
3772,LJC03948,LJC03948.jpg,39-48,81,"137, 138",おんな (女),LJC-M137Q081
3773,LJC03949,LJC03949.jpg,39-49,140,139,ひまご (曾孫),LJC-M139Q140
3774,LJC03950,LJC03950.jpg,39-50,140,139,ひまご (曾孫),LJC-M139Q140
3775,LJC03951,LJC03951.jpg,39-51,140,139,ひまご (曾孫),LJC-M139Q140
3776,LJC03952,LJC03952.jpg,39-52,140,139,ひまご (曾孫),LJC-M139Q140
3777,LJC03953,LJC03953.jpg,39-53,140,139,ひまご (曾孫),LJC-M139Q140
3778,LJC03954,LJC03954.jpg,39-54,140,139,ひまご (曾孫),LJC-M139Q140
3779,LJC03955,LJC03955.jpg,39-55,140,139,ひまご (曾孫),LJC-M139Q140
3780,LJC03956,LJC03956.jpg,39-56,140,139,ひまご (曾孫),LJC-M139Q140
3781,LJC03957,LJC03957.jpg,39-57,241,140,やしゃご (玄孫),LJC-M140Q241
3782,LJC03958,LJC03958.jpg,39-58,241,140,やしゃご (玄孫),LJC-M140Q241
3783,LJC03959,LJC03959.jpg,39-59,241,140,やしゃご (玄孫),LJC-M140Q241
3784,LJC03960,LJC03960.jpg,39-60,241,140,やしゃご (玄孫),LJC-M140Q241
3785,LJC03961,LJC03961.jpg,39-61,241,140,やしゃご (玄孫),LJC-M140Q241
3786,LJC03962,LJC03962.jpg,39-62,241,140,やしゃご (玄孫),LJC-M140Q241
3787,LJC03963,LJC03963.jpg,39-63,241,140,やしゃご (玄孫),LJC-M140Q241
3788,LJC03964,LJC03964.jpg,39-64,241,140,やしゃご (玄孫),LJC-M140Q241
3789,LJC03965,LJC03965.jpg,39-65,241,140,やしゃご (玄孫),LJC-M140Q241
3790,LJC03966,LJC03966.jpg,39-66,241,140,やしゃご (玄孫),LJC-M140Q241
3791,LJC03967,LJC03967.jpg,39-67,241,140,やしゃご (玄孫),LJC-M140Q241
3792,LJC03968,LJC03968.jpg,39-68,241,140,やしゃご (玄孫),LJC-M140Q241
3793,LJC03969,LJC03969.jpg,39-69,241,140,やしゃご (玄孫),LJC-M140Q241
3794,LJC03970,LJC03970.jpg,39-70,241,140,やしゃご (玄孫),LJC-M140Q241
3795,LJC03971,LJC03971.jpg,39-71,241,140,やしゃご (玄孫),LJC-M140Q241
3796,LJC03972,LJC03972.jpg,39-72,241,140,やしゃご (玄孫),LJC-M140Q241
3797,LJC03973,LJC03973.jpg,39-73,241,140,やしゃご (玄孫),LJC-M140Q241
3798,LJC03974,LJC03974.jpg,39-74,241,140,やしゃご (玄孫),LJC-M140Q241
3799,LJC03975,LJC03975.jpg,39-75,241,140,やしゃご (玄孫),LJC-M140Q241
3800,LJC03976,LJC03976.jpg,39-76,241,140,やしゃご (玄孫),LJC-M140Q241
3801,LJC03977,LJC03977.jpg,39-77,241,140,やしゃご (玄孫),LJC-M140Q241
3802,LJC03978,LJC03978.jpg,39-78,241,140,やしゃご (玄孫),LJC-M140Q241
3803,LJC03979,LJC03979.jpg,39-79,241,140,やしゃご (玄孫),LJC-M140Q241
3804,LJC03980,LJC03980.jpg,39-80,241,140,やしゃご (玄孫),LJC-M140Q241
3805,LJC03981,LJC03981.jpg,39-81,241,140,やしゃご (玄孫),LJC-M140Q241
3806,LJC03982,LJC03982.jpg,39-82,241,140,やしゃご (玄孫),LJC-M140Q241
3807,LJC03983,LJC03983.jpg,39-83,242,141,おじいさん (祖父),LJC-M141Q242
3808,LJC03984,LJC03984.jpg,39-84,242,141,おじいさん (祖父),LJC-M141Q242
3809,LJC03985,LJC03985.jpg,39-85,242,141,おじいさん (祖父),LJC-M141Q242
3810,LJC03986,LJC03986.jpg,39-86,242,141,おじいさん (祖父),LJC-M141Q242
3811,LJC03987,LJC03987.jpg,39-87,242,141,おじいさん (祖父),LJC-M141Q242
3812,LJC03988,LJC03988.jpg,39-88,242,141,おじいさん (祖父),LJC-M141Q242
3813,LJC03989,LJC03989.jpg,39-89,242,141,おじいさん (祖父),LJC-M141Q242
3814,LJC03990,LJC03990.jpg,39-90,242,141,おじいさん (祖父),LJC-M141Q242
3815,LJC03991,LJC03991.jpg,39-91,242,141,おじいさん (祖父),LJC-M141Q242
3816,LJC03992,LJC03992.jpg,39-92,242,141,おじいさん (祖父),LJC-M141Q242
3817,LJC03993,LJC03993.jpg,39-93,242,141,おじいさん (祖父),LJC-M141Q242
3818,LJC03994,LJC03994.jpg,39-94,242,141,おじいさん (祖父),LJC-M141Q242
3819,LJC03995,LJC03995.jpg,39-95,242,141,おじいさん (祖父),LJC-M141Q242
3820,LJC03996,LJC03996.jpg,39-96,242,141,おじいさん (祖父),LJC-M141Q242
3821,LJC03997,LJC03997.jpg,39-97,242,141,おじいさん (祖父),LJC-M141Q242
3822,LJC03998,LJC03998.jpg,39-98,242,141,おじいさん (祖父),LJC-M141Q242
3823,LJC04001,LJC04001.jpg,40-01,242,141,おじいさん (祖父),LJC-M141Q242
3824,LJC04002,LJC04002.jpg,40-02,242,141,おじいさん (祖父),LJC-M141Q242
3825,LJC04003,LJC04003.jpg,40-03,242,141,おじいさん (祖父),LJC-M141Q242
3826,LJC04004,LJC04004.jpg,40-04,242,141,おじいさん (祖父),LJC-M141Q242
3827,LJC04005,LJC04005.jpg,40-05,242,141,おじいさん (祖父),LJC-M141Q242
3828,LJC04006,LJC04006.jpg,40-06,242,141,おじいさん (祖父),LJC-M141Q242
3829,LJC04007,LJC04007.jpg,40-07,242,141,おじいさん (祖父),LJC-M141Q242
3830,LJC04008,LJC04008.jpg,40-08,242,141,おじいさん (祖父),LJC-M141Q242
3831,LJC04009,LJC04009.jpg,40-09,242,141,おじいさん (祖父),LJC-M141Q242
3832,LJC04010,LJC04010.jpg,40-10,242,141,おじいさん (祖父),LJC-M141Q242
3833,LJC04011,LJC04011.jpg,40-11,242,141,おじいさん (祖父),LJC-M141Q242
3834,LJC04012,LJC04012.jpg,40-12,242,141,おじいさん (祖父),LJC-M141Q242
3835,LJC04013,LJC04013.jpg,40-13,242,141,おじいさん (祖父),LJC-M141Q242
3836,LJC04014,LJC04014.jpg,40-14,242,141,おじいさん (祖父),LJC-M141Q242
3837,LJC04015,LJC04015.jpg,40-15,242,141,おじいさん (祖父),LJC-M141Q242
3838,LJC04016,LJC04016.jpg,40-16,242,141,おじいさん (祖父),LJC-M141Q242
3839,LJC04017,LJC04017.jpg,40-17,242,141,おじいさん (祖父),LJC-M141Q242
3840,LJC04018,LJC04018.jpg,40-18,242,141,おじいさん (祖父),LJC-M141Q242
3841,LJC04019,LJC04019.jpg,40-19,242,141,おじいさん (祖父),LJC-M141Q242
3842,LJC04020,LJC04020.jpg,40-20,242,141,おじいさん (祖父),LJC-M141Q242
3843,LJC04021,LJC04021.jpg,40-21,242,141,おじいさん (祖父),LJC-M141Q242
3844,LJC04022,LJC04022.jpg,40-22,242,141,おじいさん (祖父),LJC-M141Q242
3845,LJC04023,LJC04023.jpg,40-23,242,141,おじいさん (祖父),LJC-M141Q242
3846,LJC04024,LJC04024.jpg,40-24,242,141,おじいさん (祖父),LJC-M141Q242
3847,LJC04025,LJC04025.jpg,40-25,242,141,おじいさん (祖父),LJC-M141Q242
3848,LJC04026,LJC04026.jpg,40-26,242,141,おじいさん (祖父),LJC-M141Q242
3849,LJC04027,LJC04027.jpg,40-27,242,141,おじいさん (祖父),LJC-M141Q242
3850,LJC04028,LJC04028.jpg,40-28,242,141,おじいさん (祖父),LJC-M141Q242
3851,LJC04029,LJC04029.jpg,40-29,242,141,おじいさん (祖父),LJC-M141Q242
3852,LJC04030,LJC04030.jpg,40-30,242,141,おじいさん (祖父),LJC-M141Q242
3853,LJC04031,LJC04031.jpg,40-31,242,141,おじいさん (祖父),LJC-M141Q242
3854,LJC04032,LJC04032.jpg,40-32,242,141,おじいさん (祖父),LJC-M141Q242
3855,LJC04033,LJC04033.jpg,40-33,242,141,おじいさん (祖父),LJC-M141Q242
3856,LJC04034,LJC04034.jpg,40-34,242,141,おじいさん (祖父),LJC-M141Q242
3857,LJC04035,LJC04035.jpg,40-35,242,141,おじいさん (祖父),LJC-M141Q242
3858,LJC04036,LJC04036.jpg,40-36,242,141,おじいさん (祖父),LJC-M141Q242
3859,LJC04037,LJC04037.jpg,40-37,242,141,おじいさん (祖父),LJC-M141Q242
3860,LJC04038,LJC04038.jpg,40-38,242,141,おじいさん (祖父),LJC-M141Q242
3861,LJC04039,LJC04039.jpg,40-39,243,142,ひいおじいさん (曾祖父),LJC-M142Q243
3862,LJC04040,LJC04040.jpg,40-40,243,142,ひいおじいさん (曾祖父),LJC-M142Q243
3863,LJC04041,LJC04041.jpg,40-41,243,142,ひいおじいさん (曾祖父),LJC-M142Q243
3864,LJC04042,LJC04042.jpg,40-42,243,142,ひいおじいさん (曾祖父),LJC-M142Q243
3865,LJC04043,LJC04043.jpg,40-43,243,142,ひいおじいさん (曾祖父),LJC-M142Q243
3866,LJC04044,LJC04044.jpg,40-44,243,142,ひいおじいさん (曾祖父),LJC-M142Q243
3867,LJC04045,LJC04045.jpg,40-45,243,142,ひいおじいさん (曾祖父),LJC-M142Q243
3868,LJC04046,LJC04046.jpg,40-46,243,142,ひいおじいさん (曾祖父),LJC-M142Q243
3869,LJC04047,LJC04047.jpg,40-47,243,142,ひいおじいさん (曾祖父),LJC-M142Q243
3870,LJC04048,LJC04048.jpg,40-48,243,142,ひいおじいさん (曾祖父),LJC-M142Q243
3871,LJC04049,LJC04049.jpg,40-49,243,142,ひいおじいさん (曾祖父),LJC-M142Q243
3872,LJC04050,LJC04050.jpg,40-50,243,142,ひいおじいさん (曾祖父),LJC-M142Q243
3873,LJC04051,LJC04051.jpg,40-51,243,142,ひいおじいさん (曾祖父),LJC-M142Q243
3874,LJC04052,LJC04052.jpg,40-52,243,142,ひいおじいさん (曾祖父),LJC-M142Q243
3875,LJC04053,LJC04053.jpg,40-53,243,142,ひいおじいさん (曾祖父),LJC-M142Q243
3876,LJC04054,LJC04054.jpg,40-54,243,142,ひいおじいさん (曾祖父),LJC-M142Q243
3877,LJC04055,LJC04055.jpg,40-55,243,142,ひいおじいさん (曾祖父),LJC-M142Q243
3878,LJC04056,LJC04056.jpg,40-56,243,142,ひいおじいさん (曾祖父),LJC-M142Q243
3879,LJC04057,LJC04057.jpg,40-57,243,142,ひいおじいさん (曾祖父),LJC-M142Q243
3880,LJC04058,LJC04058.jpg,40-58,243,142,ひいおじいさん (曾祖父),LJC-M142Q243
3881,LJC04059,LJC04059.jpg,40-59,243,142,ひいおじいさん (曾祖父),LJC-M142Q243
3882,LJC04060,LJC04060.jpg,40-60,243,142,ひいおじいさん (曾祖父),LJC-M142Q243
3883,LJC04061,LJC04061.jpg,40-61,243,142,ひいおじいさん (曾祖父),LJC-M142Q243
3884,LJC04062,LJC04062.jpg,40-62,243,142,ひいおじいさん (曾祖父),LJC-M142Q243
3885,LJC04063,LJC04063.jpg,40-63,243,142,ひいおじいさん (曾祖父),LJC-M142Q243
3886,LJC04064,LJC04064.jpg,40-64,243,142,ひいおじいさん (曾祖父),LJC-M142Q243
3887,LJC04065,LJC04065.jpg,40-65,243,142,ひいおじいさん (曾祖父),LJC-M142Q243
3888,LJC04066,LJC04066.jpg,40-66,243,142,ひいおじいさん (曾祖父),LJC-M142Q243
3889,LJC04067,LJC04067.jpg,40-67,243,142,ひいおじいさん (曾祖父),LJC-M142Q243
3890,LJC04068,LJC04068.jpg,40-68,243,142,ひいおじいさん (曾祖父),LJC-M142Q243
3891,LJC04069,LJC04069.jpg,40-69,243,142,ひいおじいさん (曾祖父),LJC-M142Q243
3892,LJC04070,LJC04070.jpg,40-70,243,142,ひいおじいさん (曾祖父),LJC-M142Q243
3893,LJC04071,LJC04071.jpg,40-71,243,142,ひいおじいさん (曾祖父),LJC-M142Q243
3894,LJC04072,LJC04072.jpg,40-72,243,142,ひいおじいさん (曾祖父),LJC-M142Q243
3895,LJC04073,LJC04073.jpg,40-73,243,142,ひいおじいさん (曾祖父),LJC-M142Q243
3896,LJC04074,LJC04074.jpg,40-74,82,143,たこ (凧),LJC-M143Q082
3897,LJC04075,LJC04075.jpg,40-75,82,143,たこ (凧),LJC-M143Q082
3898,LJC04076,LJC04076.jpg,40-76,82,143,たこ (凧),LJC-M143Q082
3899,LJC04077,LJC04077.jpg,40-77,82,143,たこ (凧),LJC-M143Q082
3900,LJC04078,LJC04078.jpg,40-78,82,143,たこ (凧),LJC-M143Q082
3901,LJC04079,LJC04079.jpg,40-79,82,143,たこ (凧),LJC-M143Q082
3902,LJC04080,LJC04080.jpg,40-80,82,143,たこ (凧),LJC-M143Q082
3903,LJC04081,LJC04081.jpg,40-81,82,143,たこ (凧),LJC-M143Q082
3904,LJC04082,LJC04082.jpg,40-82,82,143,たこ (凧),LJC-M143Q082
3905,LJC04083,LJC04083.jpg,40-83,82,143,たこ (凧),LJC-M143Q082
3906,LJC04084,LJC04084.jpg,40-84,82,143,たこ (凧),LJC-M143Q082
3907,LJC04085,LJC04085.jpg,40-85,82,143,たこ (凧),LJC-M143Q082
3908,LJC04086,LJC04086.jpg,40-86,82,143,たこ (凧),LJC-M143Q082
3909,LJC04087,LJC04087.jpg,40-87,82,143,たこ (凧),LJC-M143Q082
3910,LJC04088,LJC04088.jpg,40-88,82,143,たこ (凧),LJC-M143Q082
3911,LJC04089,LJC04089.jpg,40-89,82,143,たこ (凧),LJC-M143Q082
3912,LJC04090,LJC04090.jpg,40-90,82,143,たこ (凧),LJC-M143Q082
3913,LJC04091,LJC04091.jpg,40-91,82,143,たこ (凧),LJC-M143Q082
3914,LJC04092,LJC04092.jpg,40-92,82,143,たこ (凧),LJC-M143Q082
3915,LJC04093,LJC04093.jpg,40-93,82,143,たこ (凧),LJC-M143Q082
3916,LJC04094,LJC04094.jpg,40-94,82,143,たこ (凧),LJC-M143Q082
3917,LJC04095,LJC04095.jpg,40-95,82,143,たこ (凧),LJC-M143Q082
3918,LJC04096,LJC04096.jpg,40-96,82,143,たこ (凧),LJC-M143Q082
3919,LJC04097,LJC04097.jpg,40-97,82,143,たこ (凧),LJC-M143Q082
3920,LJC04098,LJC04098.jpg,40-98,82,143,たこ (凧),LJC-M143Q082
3921,LJC04101,LJC04101.jpg,41-01,82,143,たこ (凧),LJC-M143Q082
3922,LJC04102,LJC04102.jpg,41-02,82,143,たこ (凧),LJC-M143Q082
3923,LJC04103,LJC04103.jpg,41-03,82,143,たこ (凧),LJC-M143Q082
3924,LJC04104,LJC04104.jpg,41-04,82,143,たこ (凧),LJC-M143Q082
3925,LJC04105,LJC04105.jpg,41-05,82,143,たこ (凧),LJC-M143Q082
3926,LJC04106,LJC04106.jpg,41-06,82,143,たこ (凧),LJC-M143Q082
3927,LJC04107,LJC04107.jpg,41-07,82,143,たこ (凧),LJC-M143Q082
3928,LJC04108,LJC04108.jpg,41-08,82,143,たこ (凧),LJC-M143Q082
3929,LJC04109,LJC04109.jpg,41-09,82,143,たこ (凧),LJC-M143Q082
3930,LJC04110,LJC04110.jpg,41-10,82,143,たこ (凧),LJC-M143Q082
3931,LJC04111,LJC04111.jpg,41-11,82,143,たこ (凧),LJC-M143Q082
3932,LJC04112,LJC04112.jpg,41-12,82,143,たこ (凧),LJC-M143Q082
3933,LJC04113,LJC04113.jpg,41-13,82,143,たこ (凧),LJC-M143Q082
3934,LJC04114,LJC04114.jpg,41-14,82,143,たこ (凧),LJC-M143Q082
3935,LJC04115,LJC04115.jpg,41-15,82,143,たこ (凧),LJC-M143Q082
3936,LJC04116,LJC04116.jpg,41-16,82,143,たこ (凧),LJC-M143Q082
3937,LJC04117,LJC04117.jpg,41-17,82,143,たこ (凧),LJC-M143Q082
3938,LJC04118,LJC04118.jpg,41-18,82,143,たこ (凧),LJC-M143Q082
3939,LJC04119,LJC04119.jpg,41-19,82,143,たこ (凧),LJC-M143Q082
3940,LJC04120,LJC04120.jpg,41-20,82,143,たこ (凧),LJC-M143Q082
3941,LJC04121,LJC04121.jpg,41-21,82,143,たこ (凧),LJC-M143Q082
3942,LJC04122,LJC04122.jpg,41-22,82,143,たこ (凧),LJC-M143Q082
3943,LJC04123,LJC04123.jpg,41-23,82,143,たこ (凧),LJC-M143Q082
3944,LJC04124,LJC04124.jpg,41-24,82,143,たこ (凧),LJC-M143Q082
3945,LJC04125,LJC04125.jpg,41-25,82,143,たこ (凧),LJC-M143Q082
3946,LJC04126,LJC04126.jpg,41-26,82,143,たこ (凧),LJC-M143Q082
3947,LJC04127,LJC04127.jpg,41-27,82,143,たこ (凧),LJC-M143Q082
3948,LJC04128,LJC04128.jpg,41-28,82,143,たこ (凧),LJC-M143Q082
3949,LJC04129,LJC04129.jpg,41-29,82,143,たこ (凧),LJC-M143Q082
3950,LJC04130,LJC04130.jpg,41-30,82,143,たこ (凧),LJC-M143Q082
3951,LJC04131,LJC04131.jpg,41-31,82,143,たこ (凧),LJC-M143Q082
3952,LJC04132,LJC04132.jpg,41-32,82,143,たこ (凧),LJC-M143Q082
3953,LJC04133,LJC04133.jpg,41-33,82,143,たこ (凧),LJC-M143Q082
3954,LJC04134,LJC04134.jpg,41-34,82,143,たこ (凧),LJC-M143Q082
3955,LJC04135,LJC04135.jpg,41-35,82,143,たこ (凧),LJC-M143Q082
3956,LJC04136,LJC04136.jpg,41-36,82,143,たこ (凧),LJC-M143Q082
3957,LJC04137,LJC04137.jpg,41-37,82,143,たこ (凧),LJC-M143Q082
3958,LJC04138,LJC04138.jpg,41-38,82,143,たこ (凧),LJC-M143Q082
3959,LJC04139,LJC04139.jpg,41-39,82,143,たこ (凧),LJC-M143Q082
3960,LJC04140,LJC04140.jpg,41-40,82,143,たこ (凧),LJC-M143Q082
3961,LJC04141,LJC04141.jpg,41-41,82,143,たこ (凧),LJC-M143Q082
3962,LJC04142,LJC04142.jpg,41-42,82,143,たこ (凧),LJC-M143Q082
3963,LJC04143,LJC04143.jpg,41-43,82,143,たこ (凧),LJC-M143Q082
3964,LJC04144,LJC04144.jpg,41-44,82,143,たこ (凧),LJC-M143Q082
3965,LJC04145,LJC04145.jpg,41-45,82,143,たこ (凧),LJC-M143Q082
3966,LJC04146,LJC04146.jpg,41-46,82,143,たこ (凧),LJC-M143Q082
3967,LJC04147,LJC04147.jpg,41-47,82,143,たこ (凧),LJC-M143Q082
3968,LJC04148,LJC04148.jpg,41-48,82,143,たこ (凧),LJC-M143Q082
3969,LJC04149,LJC04149.jpg,41-49,82,143,たこ (凧),LJC-M143Q082
3970,LJC04150,LJC04150.jpg,41-50,83,144,たけうま (竹馬),LJC-M144Q083
3971,LJC04151,LJC04151.jpg,41-51,83,144,たけうま (竹馬),LJC-M144Q083
3972,LJC04152,LJC04152.jpg,41-52,83,144,たけうま (竹馬),LJC-M144Q083
3973,LJC04153,LJC04153.jpg,41-53,83,144,たけうま (竹馬),LJC-M144Q083
3974,LJC04154,LJC04154.jpg,41-54,83,144,たけうま (竹馬),LJC-M144Q083
3975,LJC04155,LJC04155.jpg,41-55,83,144,たけうま (竹馬),LJC-M144Q083
3976,LJC04156,LJC04156.jpg,41-56,83,144,たけうま (竹馬),LJC-M144Q083
3977,LJC04157,LJC04157.jpg,41-57,83,144,たけうま (竹馬),LJC-M144Q083
3978,LJC04158,LJC04158.jpg,41-58,83,144,たけうま (竹馬),LJC-M144Q083
3979,LJC04159,LJC04159.jpg,41-59,83,144,たけうま (竹馬),LJC-M144Q083
3980,LJC04160,LJC04160.jpg,41-60,83,144,たけうま (竹馬),LJC-M144Q083
3981,LJC04161,LJC04161.jpg,41-61,83,144,たけうま (竹馬),LJC-M144Q083
3982,LJC04162,LJC04162.jpg,41-62,83,144,たけうま (竹馬),LJC-M144Q083
3983,LJC04163,LJC04163.jpg,41-63,83,144,たけうま (竹馬),LJC-M144Q083
3984,LJC04164,LJC04164.jpg,41-64,83,144,たけうま (竹馬),LJC-M144Q083
3985,LJC04165,LJC04165.jpg,41-65,83,144,たけうま (竹馬),LJC-M144Q083
3986,LJC04166,LJC04166.jpg,41-66,83,144,たけうま (竹馬),LJC-M144Q083
3987,LJC04167,LJC04167.jpg,41-67,83,144,たけうま (竹馬),LJC-M144Q083
3988,LJC04168,LJC04168.jpg,41-68,83,144,たけうま (竹馬),LJC-M144Q083
3989,LJC04169,LJC04169.jpg,41-69,83,144,たけうま (竹馬),LJC-M144Q083
3990,LJC04170,LJC04170.jpg,41-70,83,144,たけうま (竹馬),LJC-M144Q083
3991,LJC04171,LJC04171.jpg,41-71,83,144,たけうま (竹馬),LJC-M144Q083
3992,LJC04172,LJC04172.jpg,41-72,83,144,たけうま (竹馬),LJC-M144Q083
3993,LJC04173,LJC04173.jpg,41-73,83,144,たけうま (竹馬),LJC-M144Q083
3994,LJC04174,LJC04174.jpg,41-74,83,144,たけうま (竹馬),LJC-M144Q083
3995,LJC04175,LJC04175.jpg,41-75,83,144,たけうま (竹馬),LJC-M144Q083
3996,LJC04176,LJC04176.jpg,41-76,83,144,たけうま (竹馬),LJC-M144Q083
3997,LJC04177,LJC04177.jpg,41-77,83,144,たけうま (竹馬),LJC-M144Q083
3998,LJC04178,LJC04178.jpg,41-78,83,144,たけうま (竹馬),LJC-M144Q083
3999,LJC04179,LJC04179.jpg,41-79,83,144,たけうま (竹馬),LJC-M144Q083
4000,LJC04180,LJC04180.jpg,41-80,83,144,たけうま (竹馬),LJC-M144Q083
4001,LJC04181,LJC04181.jpg,41-81,83,144,たけうま (竹馬),LJC-M144Q083
4002,LJC04182,LJC04182.jpg,41-82,83,144,たけうま (竹馬),LJC-M144Q083
4003,LJC04183,LJC04183.jpg,41-83,83,144,たけうま (竹馬),LJC-M144Q083
4004,LJC04184,LJC04184.jpg,41-84,83,144,たけうま (竹馬),LJC-M144Q083
4005,LJC04185,LJC04185.jpg,41-85,83,144,たけうま (竹馬),LJC-M144Q083
4006,LJC04186,LJC04186.jpg,41-86,83,144,たけうま (竹馬),LJC-M144Q083
4007,LJC04187,LJC04187.jpg,41-87,83,144,たけうま (竹馬),LJC-M144Q083
4008,LJC04188,LJC04188.jpg,41-88,83,144,たけうま (竹馬),LJC-M144Q083
4009,LJC04189,LJC04189.jpg,41-89,83,144,たけうま (竹馬),LJC-M144Q083
4010,LJC04190,LJC04190.jpg,41-90,83,144,たけうま (竹馬),LJC-M144Q083
4011,LJC04191,LJC04191.jpg,41-91,83,144,たけうま (竹馬),LJC-M144Q083
4012,LJC04192,LJC04192.jpg,41-92,83,144,たけうま (竹馬),LJC-M144Q083
4013,LJC04193,LJC04193.jpg,41-93,83,144,たけうま (竹馬),LJC-M144Q083
4014,LJC04194,LJC04194.jpg,41-94,83,144,たけうま (竹馬),LJC-M144Q083
4015,LJC04195,LJC04195.jpg,41-95,85,145,おてだま (お手玉),LJC-M145Q085
4016,LJC04196,LJC04196.jpg,41-96,85,145,おてだま (お手玉),LJC-M145Q085
4017,LJC04197,LJC04197.jpg,41-97,85,145,おてだま (お手玉),LJC-M145Q085
4018,LJC04198,LJC04198.jpg,41-98,85,145,おてだま (お手玉),LJC-M145Q085
4019,LJC04201,LJC04201.jpg,42-01,85,145,おてだま (お手玉),LJC-M145Q085
4020,LJC04202,LJC04202.jpg,42-02,85,145,おてだま (お手玉),LJC-M145Q085
4021,LJC04203,LJC04203.jpg,42-03,85,145,おてだま (お手玉),LJC-M145Q085
4022,LJC04204,LJC04204.jpg,42-04,85,145,おてだま (お手玉),LJC-M145Q085
4023,LJC04205,LJC04205.jpg,42-05,85,145,おてだま (お手玉),LJC-M145Q085
4024,LJC04206,LJC04206.jpg,42-06,85,145,おてだま (お手玉),LJC-M145Q085
4025,LJC04207,LJC04207.jpg,42-07,85,145,おてだま (お手玉),LJC-M145Q085
4026,LJC04208,LJC04208.jpg,42-08,85,145,おてだま (お手玉),LJC-M145Q085
4027,LJC04209,LJC04209.jpg,42-09,85,145,おてだま (お手玉),LJC-M145Q085
4028,LJC04210,LJC04210.jpg,42-10,85,145,おてだま (お手玉),LJC-M145Q085
4029,LJC04211,LJC04211.jpg,42-11,85,145,おてだま (お手玉),LJC-M145Q085
4030,LJC04212,LJC04212.jpg,42-12,85,145,おてだま (お手玉),LJC-M145Q085
4031,LJC04213,LJC04213.jpg,42-13,85,145,おてだま (お手玉),LJC-M145Q085
4032,LJC04214,LJC04214.jpg,42-14,85,145,おてだま (お手玉),LJC-M145Q085
4033,LJC04215,LJC04215.jpg,42-15,85,145,おてだま (お手玉),LJC-M145Q085
4034,LJC04216,LJC04216.jpg,42-16,85,145,おてだま (お手玉),LJC-M145Q085
4035,LJC04217,LJC04217.jpg,42-17,85,145,おてだま (お手玉),LJC-M145Q085
4036,LJC04218,LJC04218.jpg,42-18,85,145,おてだま (お手玉),LJC-M145Q085
4037,LJC04219,LJC04219.jpg,42-19,85,145,おてだま (お手玉),LJC-M145Q085
4038,LJC04220,LJC04220.jpg,42-20,85,145,おてだま (お手玉),LJC-M145Q085
4039,LJC04221,LJC04221.jpg,42-21,85,145,おてだま (お手玉),LJC-M145Q085
4040,LJC04222,LJC04222.jpg,42-22,85,145,おてだま (お手玉),LJC-M145Q085
4041,LJC04223,LJC04223.jpg,42-23,85,145,おてだま (お手玉),LJC-M145Q085
4042,LJC04224,LJC04224.jpg,42-24,85,145,おてだま (お手玉),LJC-M145Q085
4043,LJC04225,LJC04225.jpg,42-25,85,145,おてだま (お手玉),LJC-M145Q085
4044,LJC04226,LJC04226.jpg,42-26,85,145,おてだま (お手玉),LJC-M145Q085
4045,LJC04227,LJC04227.jpg,42-27,85,145,おてだま (お手玉),LJC-M145Q085
4046,LJC04228,LJC04228.jpg,42-28,85,145,おてだま (お手玉),LJC-M145Q085
4047,LJC04229,LJC04229.jpg,42-29,85,145,おてだま (お手玉),LJC-M145Q085
4048,LJC04230,LJC04230.jpg,42-30,85,145,おてだま (お手玉),LJC-M145Q085
4049,LJC04231,LJC04231.jpg,42-31,85,145,おてだま (お手玉),LJC-M145Q085
4050,LJC04232,LJC04232.jpg,42-32,85,145,おてだま (お手玉),LJC-M145Q085
4051,LJC04233,LJC04233.jpg,42-33,84,146,おてだまあそび (お手玉遊び),LJC-M146Q084
4052,LJC04234,LJC04234.jpg,42-34,84,146,おてだまあそび (お手玉遊び),LJC-M146Q084
4053,LJC04235,LJC04235.jpg,42-35,84,146,おてだまあそび (お手玉遊び),LJC-M146Q084
4054,LJC04236,LJC04236.jpg,42-36,84,146,おてだまあそび (お手玉遊び),LJC-M146Q084
4055,LJC04237,LJC04237.jpg,42-37,84,146,おてだまあそび (お手玉遊び),LJC-M146Q084
4056,LJC04238,LJC04238.jpg,42-38,84,146,おてだまあそび (お手玉遊び),LJC-M146Q084
4057,LJC04239,LJC04239.jpg,42-39,84,146,おてだまあそび (お手玉遊び),LJC-M146Q084
4058,LJC04240,LJC04240.jpg,42-40,84,146,おてだまあそび (お手玉遊び),LJC-M146Q084
4059,LJC04241,LJC04241.jpg,42-41,84,146,おてだまあそび (お手玉遊び),LJC-M146Q084
4060,LJC04242,LJC04242.jpg,42-42,84,146,おてだまあそび (お手玉遊び),LJC-M146Q084
4061,LJC04243,LJC04243.jpg,42-43,84,146,おてだまあそび (お手玉遊び),LJC-M146Q084
4062,LJC04244,LJC04244.jpg,42-44,84,146,おてだまあそび (お手玉遊び),LJC-M146Q084
4063,LJC04245,LJC04245.jpg,42-45,84,146,おてだまあそび (お手玉遊び),LJC-M146Q084
4064,LJC04246,LJC04246.jpg,42-46,84,146,おてだまあそび (お手玉遊び),LJC-M146Q084
4065,LJC04247,LJC04247.jpg,42-47,84,146,おてだまあそび (お手玉遊び),LJC-M146Q084
4066,LJC04248,LJC04248.jpg,42-48,84,146,おてだまあそび (お手玉遊び),LJC-M146Q084
4067,LJC04249,LJC04249.jpg,42-49,84,146,おてだまあそび (お手玉遊び),LJC-M146Q084
4068,LJC04250,LJC04250.jpg,42-50,84,146,おてだまあそび (お手玉遊び),LJC-M146Q084
4069,LJC04251,LJC04251.jpg,42-51,84,146,おてだまあそび (お手玉遊び),LJC-M146Q084
4070,LJC04252,LJC04252.jpg,42-52,84,146,おてだまあそび (お手玉遊び),LJC-M146Q084
4071,LJC04253,LJC04253.jpg,42-53,84,146,おてだまあそび (お手玉遊び),LJC-M146Q084
4072,LJC04254,LJC04254.jpg,42-54,84,146,おてだまあそび (お手玉遊び),LJC-M146Q084
4073,LJC04255,LJC04255.jpg,42-55,84,146,おてだまあそび (お手玉遊び),LJC-M146Q084
4074,LJC04256,LJC04256.jpg,42-56,84,146,おてだまあそび (お手玉遊び),LJC-M146Q084
4075,LJC04257,LJC04257.jpg,42-57,84,146,おてだまあそび (お手玉遊び),LJC-M146Q084
4076,LJC04258,LJC04258.jpg,42-58,84,146,おてだまあそび (お手玉遊び),LJC-M146Q084
4077,LJC04259,LJC04259.jpg,42-59,84,146,おてだまあそび (お手玉遊び),LJC-M146Q084
4078,LJC04260,LJC04260.jpg,42-60,84,146,おてだまあそび (お手玉遊び),LJC-M146Q084
4079,LJC04261,LJC04261.jpg,42-61,84,146,おてだまあそび (お手玉遊び),LJC-M146Q084
4080,LJC04262,LJC04262.jpg,42-62,84,146,おてだまあそび (お手玉遊び),LJC-M146Q084
4081,LJC04263,LJC04263.jpg,42-63,84,146,おてだまあそび (お手玉遊び),LJC-M146Q084
4082,LJC04264,LJC04264.jpg,42-64,84,146,おてだまあそび (お手玉遊び),LJC-M146Q084
4083,LJC04265,LJC04265.jpg,42-65,84,146,おてだまあそび (お手玉遊び),LJC-M146Q084
4084,LJC04266,LJC04266.jpg,42-66,84,146,おてだまあそび (お手玉遊び),LJC-M146Q084
4085,LJC04267,LJC04267.jpg,42-67,84,146,おてだまあそび (お手玉遊び),LJC-M146Q084
4086,LJC04268,LJC04268.jpg,42-68,84,146,おてだまあそび (お手玉遊び),LJC-M146Q084
4087,LJC04269,LJC04269.jpg,42-69,84,146,おてだまあそび (お手玉遊び),LJC-M146Q084
4088,LJC04270,LJC04270.jpg,42-70,84,146,おてだまあそび (お手玉遊び),LJC-M146Q084
4089,LJC04271,LJC04271.jpg,42-71,84,146,おてだまあそび (お手玉遊び),LJC-M146Q084
4090,LJC04272,LJC04272.jpg,42-72,84,146,おてだまあそび (お手玉遊び),LJC-M146Q084
4091,LJC04273,LJC04273.jpg,42-73,84,146,おてだまあそび (お手玉遊び),LJC-M146Q084
4092,LJC04274,LJC04274.jpg,42-74,84,146,おてだまあそび (お手玉遊び),LJC-M146Q084
4093,LJC04275,LJC04275.jpg,42-75,84,146,おてだまあそび (お手玉遊び),LJC-M146Q084
4094,LJC04276,LJC04276.jpg,42-76,84,146,おてだまあそび (お手玉遊び),LJC-M146Q084
4095,LJC04277,LJC04277.jpg,42-77,84,146,おてだまあそび (お手玉遊び),LJC-M146Q084
4096,LJC04278,LJC04278.jpg,42-78,84,146,おてだまあそび (お手玉遊び),LJC-M146Q084
4097,LJC04279,LJC04279.jpg,42-79,84,146,おてだまあそび (お手玉遊び),LJC-M146Q084
4098,LJC04280,LJC04280.jpg,42-80,84,146,おてだまあそび (お手玉遊び),LJC-M146Q084
4099,LJC04281,LJC04281.jpg,42-81,84,146,おてだまあそび (お手玉遊び),LJC-M146Q084
4100,LJC04282,LJC04282.jpg,42-82,84,146,おてだまあそび (お手玉遊び),LJC-M146Q084
4101,LJC04283,LJC04283.jpg,42-83,84,146,おてだまあそび (お手玉遊び),LJC-M146Q084
4102,LJC04284,LJC04284.jpg,42-84,84,146,おてだまあそび (お手玉遊び),LJC-M146Q084
4103,LJC04285,LJC04285.jpg,42-85,84,146,おてだまあそび (お手玉遊び),LJC-M146Q084
4104,LJC04286,LJC04286.jpg,42-86,84,146,おてだまあそび (お手玉遊び),LJC-M146Q084
4105,LJC04287,LJC04287.jpg,42-87,84,146,おてだまあそび (お手玉遊び),LJC-M146Q084
4106,LJC04288,LJC04288.jpg,42-88,84,146,おてだまあそび (お手玉遊び),LJC-M146Q084
4107,LJC04289,LJC04289.jpg,42-89,84,146,おてだまあそび (お手玉遊び),LJC-M146Q084
4108,LJC04290,LJC04290.jpg,42-90,84,146,おてだまあそび (お手玉遊び),LJC-M146Q084
4109,LJC04291,LJC04291.jpg,42-91,84,146,おてだまあそび (お手玉遊び),LJC-M146Q084
4110,LJC04292,LJC04292.jpg,42-92,84,146,おてだまあそび (お手玉遊び),LJC-M146Q084
4111,LJC04293,LJC04293.jpg,42-93,84,146,おてだまあそび (お手玉遊び),LJC-M146Q084
4112,LJC04294,LJC04294.jpg,42-94,84,146,おてだまあそび (お手玉遊び),LJC-M146Q084
4113,LJC04295,LJC04295.jpg,42-95,84,146,おてだまあそび (お手玉遊び),LJC-M146Q084
4114,LJC04296,LJC04296.jpg,42-96,88,147,おにごっこ (鬼ごっこ),LJC-M147Q088
4115,LJC04297,LJC04297.jpg,42-97,88,147,おにごっこ (鬼ごっこ),LJC-M147Q088
4116,LJC04298,LJC04298.jpg,42-98,88,147,おにごっこ (鬼ごっこ),LJC-M147Q088
4117,LJC04301,LJC04301.jpg,43-01,88,147,おにごっこ (鬼ごっこ),LJC-M147Q088
4118,LJC04302,LJC04302.jpg,43-02,88,147,おにごっこ (鬼ごっこ),LJC-M147Q088
4119,LJC04303,LJC04303.jpg,43-03,88,147,おにごっこ (鬼ごっこ),LJC-M147Q088
4120,LJC04304,LJC04304.jpg,43-04,88,147,おにごっこ (鬼ごっこ),LJC-M147Q088
4121,LJC04305,LJC04305.jpg,43-05,88,147,おにごっこ (鬼ごっこ),LJC-M147Q088
4122,LJC04306,LJC04306.jpg,43-06,88,147,おにごっこ (鬼ごっこ),LJC-M147Q088
4123,LJC04307,LJC04307.jpg,43-07,88,147,おにごっこ (鬼ごっこ),LJC-M147Q088
4124,LJC04308,LJC04308.jpg,43-08,88,147,おにごっこ (鬼ごっこ),LJC-M147Q088
4125,LJC04309,LJC04309.jpg,43-09,88,147,おにごっこ (鬼ごっこ),LJC-M147Q088
4126,LJC04310,LJC04310.jpg,43-10,88,147,おにごっこ (鬼ごっこ),LJC-M147Q088
4127,LJC04311,LJC04311.jpg,43-11,88,147,おにごっこ (鬼ごっこ),LJC-M147Q088
4128,LJC04312,LJC04312.jpg,43-12,88,147,おにごっこ (鬼ごっこ),LJC-M147Q088
4129,LJC04313,LJC04313.jpg,43-13,88,147,おにごっこ (鬼ごっこ),LJC-M147Q088
4130,LJC04314,LJC04314.jpg,43-14,88,147,おにごっこ (鬼ごっこ),LJC-M147Q088
4131,LJC04315,LJC04315.jpg,43-15,88,147,おにごっこ (鬼ごっこ),LJC-M147Q088
4132,LJC04316,LJC04316.jpg,43-16,88,147,おにごっこ (鬼ごっこ),LJC-M147Q088
4133,LJC04317,LJC04317.jpg,43-17,88,147,おにごっこ (鬼ごっこ),LJC-M147Q088
4134,LJC04318,LJC04318.jpg,43-18,88,147,おにごっこ (鬼ごっこ),LJC-M147Q088
4135,LJC04319,LJC04319.jpg,43-19,88,147,おにごっこ (鬼ごっこ),LJC-M147Q088
4136,LJC04320,LJC04320.jpg,43-20,88,147,おにごっこ (鬼ごっこ),LJC-M147Q088
4137,LJC04321,LJC04321.jpg,43-21,88,147,おにごっこ (鬼ごっこ),LJC-M147Q088
4138,LJC04322,LJC04322.jpg,43-22,88,147,おにごっこ (鬼ごっこ),LJC-M147Q088
4139,LJC04323,LJC04323.jpg,43-23,88,147,おにごっこ (鬼ごっこ),LJC-M147Q088
4140,LJC04324,LJC04324.jpg,43-24,88,147,おにごっこ (鬼ごっこ),LJC-M147Q088
4141,LJC04325,LJC04325.jpg,43-25,88,147,おにごっこ (鬼ごっこ),LJC-M147Q088
4142,LJC04326,LJC04326.jpg,43-26,88,147,おにごっこ (鬼ごっこ),LJC-M147Q088
4143,LJC04327,LJC04327.jpg,43-27,88,147,おにごっこ (鬼ごっこ),LJC-M147Q088
4144,LJC04328,LJC04328.jpg,43-28,88,147,おにごっこ (鬼ごっこ),LJC-M147Q088
4145,LJC04329,LJC04329.jpg,43-29,88,147,おにごっこ (鬼ごっこ),LJC-M147Q088
4146,LJC04330,LJC04330.jpg,43-30,88,147,おにごっこ (鬼ごっこ),LJC-M147Q088
4147,LJC04331,LJC04331.jpg,43-31,88,147,おにごっこ (鬼ごっこ),LJC-M147Q088
4148,LJC04332,LJC04332.jpg,43-32,88,147,おにごっこ (鬼ごっこ),LJC-M147Q088
4149,LJC04333,LJC04333.jpg,43-33,88,147,おにごっこ (鬼ごっこ),LJC-M147Q088
4150,LJC04334,LJC04334.jpg,43-34,88,147,おにごっこ (鬼ごっこ),LJC-M147Q088
4151,LJC04335,LJC04335.jpg,43-35,88,147,おにごっこ (鬼ごっこ),LJC-M147Q088
4152,LJC04336,LJC04336.jpg,43-36,88,147,おにごっこ (鬼ごっこ),LJC-M147Q088
4153,LJC04337,LJC04337.jpg,43-37,88,147,おにごっこ (鬼ごっこ),LJC-M147Q088
4154,LJC04338,LJC04338.jpg,43-38,88,147,おにごっこ (鬼ごっこ),LJC-M147Q088
4155,LJC04339,LJC04339.jpg,43-39,88,147,おにごっこ (鬼ごっこ),LJC-M147Q088
4156,LJC04340,LJC04340.jpg,43-40,88,147,おにごっこ (鬼ごっこ),LJC-M147Q088
4157,LJC04341,LJC04341.jpg,43-41,88,147,おにごっこ (鬼ごっこ),LJC-M147Q088
4158,LJC04342,LJC04342.jpg,43-42,88,147,おにごっこ (鬼ごっこ),LJC-M147Q088
4159,LJC04343,LJC04343.jpg,43-43,88,147,おにごっこ (鬼ごっこ),LJC-M147Q088
4160,LJC04344,LJC04344.jpg,43-44,88,147,おにごっこ (鬼ごっこ),LJC-M147Q088
4161,LJC04345,LJC04345.jpg,43-45,88,147,おにごっこ (鬼ごっこ),LJC-M147Q088
4162,LJC04346,LJC04346.jpg,43-46,88,147,おにごっこ (鬼ごっこ),LJC-M147Q088
4163,LJC04347,LJC04347.jpg,43-47,88,147,おにごっこ (鬼ごっこ),LJC-M147Q088
4164,LJC04348,LJC04348.jpg,43-48,88,147,おにごっこ (鬼ごっこ),LJC-M147Q088
4165,LJC04349,LJC04349.jpg,43-49,88,147,おにごっこ (鬼ごっこ),LJC-M147Q088
4166,LJC04350,LJC04350.jpg,43-50,88,147,おにごっこ (鬼ごっこ),LJC-M147Q088
4167,LJC04351,LJC04351.jpg,43-51,88,147,おにごっこ (鬼ごっこ),LJC-M147Q088
4168,LJC04352,LJC04352.jpg,43-52,88,147,おにごっこ (鬼ごっこ),LJC-M147Q088
4169,LJC04353,LJC04353.jpg,43-53,88,147,おにごっこ (鬼ごっこ),LJC-M147Q088
4170,LJC04354,LJC04354.jpg,43-54,88,147,おにごっこ (鬼ごっこ),LJC-M147Q088
4171,LJC04355,LJC04355.jpg,43-55,88,147,おにごっこ (鬼ごっこ),LJC-M147Q088
4172,LJC04356,LJC04356.jpg,43-56,88,147,おにごっこ (鬼ごっこ),LJC-M147Q088
4173,LJC04357,LJC04357.jpg,43-57,88,147,おにごっこ (鬼ごっこ),LJC-M147Q088
4174,LJC04358,LJC04358.jpg,43-58,89,148,かくれんぼ (隠れん坊),LJC-M148Q089
4175,LJC04359,LJC04359.jpg,43-59,89,148,かくれんぼ (隠れん坊),LJC-M148Q089
4176,LJC04360,LJC04360.jpg,43-60,89,148,かくれんぼ (隠れん坊),LJC-M148Q089
4177,LJC04361,LJC04361.jpg,43-61,89,148,かくれんぼ (隠れん坊),LJC-M148Q089
4178,LJC04362,LJC04362.jpg,43-62,89,148,かくれんぼ (隠れん坊),LJC-M148Q089
4179,LJC04363,LJC04363.jpg,43-63,89,148,かくれんぼ (隠れん坊),LJC-M148Q089
4180,LJC04364,LJC04364.jpg,43-64,89,148,かくれんぼ (隠れん坊),LJC-M148Q089
4181,LJC04365,LJC04365.jpg,43-65,89,148,かくれんぼ (隠れん坊),LJC-M148Q089
4182,LJC04366,LJC04366.jpg,43-66,89,148,かくれんぼ (隠れん坊),LJC-M148Q089
4183,LJC04367,LJC04367.jpg,43-67,89,148,かくれんぼ (隠れん坊),LJC-M148Q089
4184,LJC04368,LJC04368.jpg,43-68,89,148,かくれんぼ (隠れん坊),LJC-M148Q089
4185,LJC04369,LJC04369.jpg,43-69,89,148,かくれんぼ (隠れん坊),LJC-M148Q089
4186,LJC04370,LJC04370.jpg,43-70,89,148,かくれんぼ (隠れん坊),LJC-M148Q089
4187,LJC04371,LJC04371.jpg,43-71,89,148,かくれんぼ (隠れん坊),LJC-M148Q089
4188,LJC04372,LJC04372.jpg,43-72,89,148,かくれんぼ (隠れん坊),LJC-M148Q089
4189,LJC04373,LJC04373.jpg,43-73,89,148,かくれんぼ (隠れん坊),LJC-M148Q089
4190,LJC04374,LJC04374.jpg,43-74,89,148,かくれんぼ (隠れん坊),LJC-M148Q089
4191,LJC04375,LJC04375.jpg,43-75,89,148,かくれんぼ (隠れん坊),LJC-M148Q089
4192,LJC04376,LJC04376.jpg,43-76,89,148,かくれんぼ (隠れん坊),LJC-M148Q089
4193,LJC04377,LJC04377.jpg,43-77,89,148,かくれんぼ (隠れん坊),LJC-M148Q089
4194,LJC04378,LJC04378.jpg,43-78,89,148,かくれんぼ (隠れん坊),LJC-M148Q089
4195,LJC04379,LJC04379.jpg,43-79,89,148,かくれんぼ (隠れん坊),LJC-M148Q089
4196,LJC04380,LJC04380.jpg,43-80,89,148,かくれんぼ (隠れん坊),LJC-M148Q089
4197,LJC04381,LJC04381.jpg,43-81,89,148,かくれんぼ (隠れん坊),LJC-M148Q089
4198,LJC04382,LJC04382.jpg,43-82,89,148,かくれんぼ (隠れん坊),LJC-M148Q089
4199,LJC04383,LJC04383.jpg,43-83,89,148,かくれんぼ (隠れん坊),LJC-M148Q089
4200,LJC04384,LJC04384.jpg,43-84,89,148,かくれんぼ (隠れん坊),LJC-M148Q089
4201,LJC04385,LJC04385.jpg,43-85,89,148,かくれんぼ (隠れん坊),LJC-M148Q089
4202,LJC04386,LJC04386.jpg,43-86,89,148,かくれんぼ (隠れん坊),LJC-M148Q089
4203,LJC04387,LJC04387.jpg,43-87,89,148,かくれんぼ (隠れん坊),LJC-M148Q089
4204,LJC04388,LJC04388.jpg,43-88,89,148,かくれんぼ (隠れん坊),LJC-M148Q089
4205,LJC04389,LJC04389.jpg,43-89,89,148,かくれんぼ (隠れん坊),LJC-M148Q089
4206,LJC04390,LJC04390.jpg,43-90,89,148,かくれんぼ (隠れん坊),LJC-M148Q089
4207,LJC04391,LJC04391.jpg,43-91,89,148,かくれんぼ (隠れん坊),LJC-M148Q089
4208,LJC04392,LJC04392.jpg,43-92,89,148,かくれんぼ (隠れん坊),LJC-M148Q089
4209,LJC04393,LJC04393.jpg,43-93,89,148,かくれんぼ (隠れん坊),LJC-M148Q089
4210,LJC04394,LJC04394.jpg,43-94,89,148,かくれんぼ (隠れん坊),LJC-M148Q089
4211,LJC04395,LJC04395.jpg,43-95,89,148,かくれんぼ (隠れん坊),LJC-M148Q089
4212,LJC04396,LJC04396.jpg,43-96,89,148,かくれんぼ (隠れん坊),LJC-M148Q089
4213,LJC04397,LJC04397.jpg,43-97,86,149,かたぐるま (肩車),LJC-M149Q086
4214,LJC04398,LJC04398.jpg,43-98,86,149,かたぐるま (肩車),LJC-M149Q086
4215,LJC04401,LJC04401.jpg,44-01,86,149,かたぐるま (肩車),LJC-M149Q086
4216,LJC04402,LJC04402.jpg,44-02,86,149,かたぐるま (肩車),LJC-M149Q086
4217,LJC04403,LJC04403.jpg,44-03,86,149,かたぐるま (肩車),LJC-M149Q086
4218,LJC04404,LJC04404.jpg,44-04,86,149,かたぐるま (肩車),LJC-M149Q086
4219,LJC04405,LJC04405.jpg,44-05,86,149,かたぐるま (肩車),LJC-M149Q086
4220,LJC04406,LJC04406.jpg,44-06,86,149,かたぐるま (肩車),LJC-M149Q086
4221,LJC04407,LJC04407.jpg,44-07,86,149,かたぐるま (肩車),LJC-M149Q086
4222,LJC04408,LJC04408.jpg,44-08,86,149,かたぐるま (肩車),LJC-M149Q086
4223,LJC04409,LJC04409.jpg,44-09,86,149,かたぐるま (肩車),LJC-M149Q086
4224,LJC04410,LJC04410.jpg,44-10,86,149,かたぐるま (肩車),LJC-M149Q086
4225,LJC04411,LJC04411.jpg,44-11,86,149,かたぐるま (肩車),LJC-M149Q086
4226,LJC04412,LJC04412.jpg,44-12,86,149,かたぐるま (肩車),LJC-M149Q086
4227,LJC04413,LJC04413.jpg,44-13,86,149,かたぐるま (肩車),LJC-M149Q086
4228,LJC04414,LJC04414.jpg,44-14,86,149,かたぐるま (肩車),LJC-M149Q086
4229,LJC04415,LJC04415.jpg,44-15,86,149,かたぐるま (肩車),LJC-M149Q086
4230,LJC04416,LJC04416.jpg,44-16,86,149,かたぐるま (肩車),LJC-M149Q086
4231,LJC04417,LJC04417.jpg,44-17,86,149,かたぐるま (肩車),LJC-M149Q086
4232,LJC04418,LJC04418.jpg,44-18,86,149,かたぐるま (肩車),LJC-M149Q086
4233,LJC04419,LJC04419.jpg,44-19,86,149,かたぐるま (肩車),LJC-M149Q086
4234,LJC04420,LJC04420.jpg,44-20,86,149,かたぐるま (肩車),LJC-M149Q086
4235,LJC04421,LJC04421.jpg,44-21,86,149,かたぐるま (肩車),LJC-M149Q086
4236,LJC04422,LJC04422.jpg,44-22,86,149,かたぐるま (肩車),LJC-M149Q086
4237,LJC04423,LJC04423.jpg,44-23,86,149,かたぐるま (肩車),LJC-M149Q086
4238,LJC04424,LJC04424.jpg,44-24,86,149,かたぐるま (肩車),LJC-M149Q086
4239,LJC04425,LJC04425.jpg,44-25,86,149,かたぐるま (肩車),LJC-M149Q086
4240,LJC04426,LJC04426.jpg,44-26,86,149,かたぐるま (肩車),LJC-M149Q086
4241,LJC04427,LJC04427.jpg,44-27,86,149,かたぐるま (肩車),LJC-M149Q086
4242,LJC04428,LJC04428.jpg,44-28,86,149,かたぐるま (肩車),LJC-M149Q086
4243,LJC04429,LJC04429.jpg,44-29,86,149,かたぐるま (肩車),LJC-M149Q086
4244,LJC04430,LJC04430.jpg,44-30,86,149,かたぐるま (肩車),LJC-M149Q086
4245,LJC04431,LJC04431.jpg,44-31,86,149,かたぐるま (肩車),LJC-M149Q086
4246,LJC04432,LJC04432.jpg,44-32,86,149,かたぐるま (肩車),LJC-M149Q086
4247,LJC04433,LJC04433.jpg,44-33,86,149,かたぐるま (肩車),LJC-M149Q086
4248,LJC04434,LJC04434.jpg,44-34,86,149,かたぐるま (肩車),LJC-M149Q086
4249,LJC04435,LJC04435.jpg,44-35,86,149,かたぐるま (肩車),LJC-M149Q086
4250,LJC04436,LJC04436.jpg,44-36,86,149,かたぐるま (肩車),LJC-M149Q086
4251,LJC04437,LJC04437.jpg,44-37,86,149,かたぐるま (肩車),LJC-M149Q086
4252,LJC04438,LJC04438.jpg,44-38,86,149,かたぐるま (肩車),LJC-M149Q086
4253,LJC04439,LJC04439.jpg,44-39,86,149,かたぐるま (肩車),LJC-M149Q086
4254,LJC04440,LJC04440.jpg,44-40,86,149,かたぐるま (肩車),LJC-M149Q086
4255,LJC04441,LJC04441.jpg,44-41,86,149,かたぐるま (肩車),LJC-M149Q086
4256,LJC04442,LJC04442.jpg,44-42,86,149,かたぐるま (肩車),LJC-M149Q086
4257,LJC04443,LJC04443.jpg,44-43,86,149,かたぐるま (肩車),LJC-M149Q086
4258,LJC04444,LJC04444.jpg,44-44,86,149,かたぐるま (肩車),LJC-M149Q086
4259,LJC04445,LJC04445.jpg,44-45,86,149,かたぐるま (肩車),LJC-M149Q086
4260,LJC04446,LJC04446.jpg,44-46,86,149,かたぐるま (肩車),LJC-M149Q086
4261,LJC04447,LJC04447.jpg,44-47,86,149,かたぐるま (肩車),LJC-M149Q086
4262,LJC04448,LJC04448.jpg,44-48,86,149,かたぐるま (肩車),LJC-M149Q086
4263,LJC04449,LJC04449.jpg,44-49,86,149,かたぐるま (肩車),LJC-M149Q086
4264,LJC04450,LJC04450.jpg,44-50,86,149,かたぐるま (肩車),LJC-M149Q086
4265,LJC04451,LJC04451.jpg,44-51,90,151,おかね (貨幣),LJC-M151Q090
4266,LJC04452,LJC04452.jpg,44-52,90,151,おかね (貨幣),LJC-M151Q090
4267,LJC04453,LJC04453.jpg,44-53,90,151,おかね (貨幣),LJC-M151Q090
4268,LJC04454,LJC04454.jpg,44-54,90,151,おかね (貨幣),LJC-M151Q090
4269,LJC04455,LJC04455.jpg,44-55,90,151,おかね (貨幣),LJC-M151Q090
4270,LJC04456,LJC04456.jpg,44-56,90,151,おかね (貨幣),LJC-M151Q090
4271,LJC04457,LJC04457.jpg,44-57,90,151,おかね (貨幣),LJC-M151Q090
4272,LJC04458,LJC04458.jpg,44-58,90,151,おかね (貨幣),LJC-M151Q090
4273,LJC04459,LJC04459.jpg,44-59,90,151,おかね (貨幣),LJC-M151Q090
4274,LJC04460,LJC04460.jpg,44-60,90,151,おかね (貨幣),LJC-M151Q090
4275,LJC04461,LJC04461.jpg,44-61,90,151,おかね (貨幣),LJC-M151Q090
4276,LJC04462,LJC04462.jpg,44-62,90,151,おかね (貨幣),LJC-M151Q090
4277,LJC04463,LJC04463.jpg,44-63,90,151,おかね (貨幣),LJC-M151Q090
4278,LJC04464,LJC04464.jpg,44-64,90,151,おかね (貨幣),LJC-M151Q090
4279,LJC04465,LJC04465.jpg,44-65,90,151,おかね (貨幣),LJC-M151Q090
4280,LJC04466,LJC04466.jpg,44-66,90,151,おかね (貨幣),LJC-M151Q090
4281,LJC04467,LJC04467.jpg,44-67,90,151,おかね (貨幣),LJC-M151Q090
4282,LJC04468,LJC04468.jpg,44-68,90,151,おかね (貨幣),LJC-M151Q090
4283,LJC04469,LJC04469.jpg,44-69,90,151,おかね (貨幣),LJC-M151Q090
4284,LJC04470,LJC04470.jpg,44-70,90,151,おかね (貨幣),LJC-M151Q090
4285,LJC04471,LJC04471.jpg,44-71,90,151,おかね (貨幣),LJC-M151Q090
4286,LJC04472,LJC04472.jpg,44-72,90,151,おかね (貨幣),LJC-M151Q090
4287,LJC04473,LJC04473.jpg,44-73,90,151,おかね (貨幣),LJC-M151Q090
4288,LJC04474,LJC04474.jpg,44-74,90,151,おかね (貨幣),LJC-M151Q090
4289,LJC04475,LJC04475.jpg,44-75,90,151,おかね (貨幣),LJC-M151Q090
4290,LJC04476,LJC04476.jpg,44-76,90,151,おかね (貨幣),LJC-M151Q090
4291,LJC04477,LJC04477.jpg,44-77,90,151,おかね (貨幣),LJC-M151Q090
4292,LJC04478,LJC04478.jpg,44-78,90,151,おかね (貨幣),LJC-M151Q090
4293,LJC04479,LJC04479.jpg,44-79,90,151,おかね (貨幣),LJC-M151Q090
4294,LJC04480,LJC04480.jpg,44-80,90,151,おかね (貨幣),LJC-M151Q090
4295,LJC04481,LJC04481.jpg,44-81,90,151,おかね (貨幣),LJC-M151Q090
4296,LJC04482,LJC04482.jpg,44-82,90,151,おかね (貨幣),LJC-M151Q090
4297,LJC04483,LJC04483.jpg,44-83,90,151,おかね (貨幣),LJC-M151Q090
4298,LJC04484,LJC04484.jpg,44-84,90,151,おかね (貨幣),LJC-M151Q090
4299,LJC04485,LJC04485.jpg,44-85,90,151,おかね (貨幣),LJC-M151Q090
4300,LJC04486,LJC04486.jpg,44-86,90,151,おかね (貨幣),LJC-M151Q090
4301,LJC04487,LJC04487.jpg,44-87,90,151,おかね (貨幣),LJC-M151Q090
4302,LJC04488,LJC04488.jpg,44-88,90,151,おかね (貨幣),LJC-M151Q090
4303,LJC04489,LJC04489.jpg,44-89,90,151,おかね (貨幣),LJC-M151Q090
4304,LJC04490,LJC04490.jpg,44-90,90,151,おかね (貨幣),LJC-M151Q090
4305,LJC04491,LJC04491.jpg,44-91,90,151,おかね (貨幣),LJC-M151Q090
4306,LJC04492,LJC04492.jpg,44-92,90,151,おかね (貨幣),LJC-M151Q090
4307,LJC04493,LJC04493.jpg,44-93,90,151,おかね (貨幣),LJC-M151Q090
4308,LJC04494,LJC04494.jpg,44-94,90,151,おかね (貨幣),LJC-M151Q090
4309,LJC04495,LJC04495.jpg,44-95,90,151,おかね (貨幣),LJC-M151Q090
4310,LJC04496,LJC04496.jpg,44-96,90,151,おかね (貨幣),LJC-M151Q090
4311,LJC04497,LJC04497.jpg,44-97,90,151,おかね (貨幣),LJC-M151Q090
4312,LJC04498,LJC04498.jpg,44-98,90,151,おかね (貨幣),LJC-M151Q090
4313,LJC04501,LJC04501.jpg,45-01,90,151,おかね (貨幣),LJC-M151Q090
4314,LJC04502,LJC04502.jpg,45-02,90,151,おかね (貨幣),LJC-M151Q090
4315,LJC04503,LJC04503.jpg,45-03,90,151,おかね (貨幣),LJC-M151Q090
4316,LJC04504,LJC04504.jpg,45-04,90,151,おかね (貨幣),LJC-M151Q090
4317,LJC04505,LJC04505.jpg,45-05,90,151,おかね (貨幣),LJC-M151Q090
4318,LJC04506,LJC04506.jpg,45-06,90,151,おかね (貨幣),LJC-M151Q090
4319,LJC04507,LJC04507.jpg,45-07,90,151,おかね (貨幣),LJC-M151Q090
4320,LJC04508,LJC04508.jpg,45-08,90,151,おかね (貨幣),LJC-M151Q090
4321,LJC04509,LJC04509.jpg,45-09,90,151,おかね (貨幣),LJC-M151Q090
4322,LJC04510,LJC04510.jpg,45-10,90,151,おかね (貨幣),LJC-M151Q090
4323,LJC04511,LJC04511.jpg,45-11,90,151,おかね (貨幣),LJC-M151Q090
4324,LJC04512,LJC04512.jpg,45-12,90,151,おかね (貨幣),LJC-M151Q090
4325,LJC04513,LJC04513.jpg,45-13,90,151,おかね (貨幣),LJC-M151Q090
4326,LJC04514,LJC04514.jpg,45-14,90,151,おかね (貨幣),LJC-M151Q090
4327,LJC04515,LJC04515.jpg,45-15,90,151,おかね (貨幣),LJC-M151Q090
4328,LJC04516,LJC04516.jpg,45-16,90,151,おかね (貨幣),LJC-M151Q090
4329,LJC04517,LJC04517.jpg,45-17,90,151,おかね (貨幣),LJC-M151Q090
4330,LJC04518,LJC04518.jpg,45-18,90,151,おかね (貨幣),LJC-M151Q090
4331,LJC04519,LJC04519.jpg,45-19,90,151,おかね (貨幣),LJC-M151Q090
4332,LJC04520,LJC04520.jpg,45-20,90,151,おかね (貨幣),LJC-M151Q090
4333,LJC04521,LJC04521.jpg,45-21,90,151,おかね (貨幣),LJC-M151Q090
4334,LJC04522,LJC04522.jpg,45-22,90,151,おかね (貨幣),LJC-M151Q090
4335,LJC04523,LJC04523.jpg,45-23,90,151,おかね (貨幣),LJC-M151Q090
4336,LJC04524,LJC04524.jpg,45-24,90,151,おかね (貨幣),LJC-M151Q090
4337,LJC04525,LJC04525.jpg,45-25,90,151,おかね (貨幣),LJC-M151Q090
4338,LJC04526,LJC04526.jpg,45-26,90,151,おかね (貨幣),LJC-M151Q090
4339,LJC04527,LJC04527.jpg,45-27,90,151,おかね (貨幣),LJC-M151Q090
4340,LJC04528,LJC04528.jpg,45-28,90,151,おかね (貨幣),LJC-M151Q090
4341,LJC04529,LJC04529.jpg,45-29,90,151,おかね (貨幣),LJC-M151Q090
4342,LJC04530,LJC04530.jpg,45-30,90,151,おかね (貨幣),LJC-M151Q090
4343,LJC04531,LJC04531.jpg,45-31,90,151,おかね (貨幣),LJC-M151Q090
4344,LJC04532,LJC04532.jpg,45-32,90,151,おかね (貨幣),LJC-M151Q090
4345,LJC04533,LJC04533.jpg,45-33,90,151,おかね (貨幣),LJC-M151Q090
4346,LJC04534,LJC04534.jpg,45-34,90,151,おかね (貨幣),LJC-M151Q090
4347,LJC04535,LJC04535.jpg,45-35,90,151,おかね (貨幣),LJC-M151Q090
4348,LJC04536,LJC04536.jpg,45-36,90,151,おかね (貨幣),LJC-M151Q090
4349,LJC04537,LJC04537.jpg,45-37,90,151,おかね (貨幣),LJC-M151Q090
4350,LJC04538,LJC04538.jpg,45-38,90,151,おかね (貨幣),LJC-M151Q090
4351,LJC04539,LJC04539.jpg,45-39,90,151,おかね (貨幣),LJC-M151Q090
4352,LJC04540,LJC04540.jpg,45-40,90,151,おかね (貨幣),LJC-M151Q090
4353,LJC04541,LJC04541.jpg,45-41,90,151,おかね (貨幣),LJC-M151Q090
4354,LJC04542,LJC04542.jpg,45-42,90,151,おかね (貨幣),LJC-M151Q090
4355,LJC04543,LJC04543.jpg,45-43,90,151,おかね (貨幣),LJC-M151Q090
4356,LJC04544,LJC04544.jpg,45-44,91,152,おつり (釣銭),LJC-M152Q091
4357,LJC04545,LJC04545.jpg,45-45,91,152,おつり (釣銭),LJC-M152Q091
4358,LJC04546,LJC04546.jpg,45-46,91,152,おつり (釣銭),LJC-M152Q091
4359,LJC04547,LJC04547.jpg,45-47,91,152,おつり (釣銭),LJC-M152Q091
4360,LJC04548,LJC04548.jpg,45-48,91,152,おつり (釣銭),LJC-M152Q091
4361,LJC04549,LJC04549.jpg,45-49,91,152,おつり (釣銭),LJC-M152Q091
4362,LJC04550,LJC04550.jpg,45-50,91,152,おつり (釣銭),LJC-M152Q091
4363,LJC04551,LJC04551.jpg,45-51,91,152,おつり (釣銭),LJC-M152Q091
4364,LJC04552,LJC04552.jpg,45-52,91,152,おつり (釣銭),LJC-M152Q091
4365,LJC04553,LJC04553.jpg,45-53,91,152,おつり (釣銭),LJC-M152Q091
4366,LJC04554,LJC04554.jpg,45-54,91,152,おつり (釣銭),LJC-M152Q091
4367,LJC04555,LJC04555.jpg,45-55,91,152,おつり (釣銭),LJC-M152Q091
4368,LJC04556,LJC04556.jpg,45-56,91,152,おつり (釣銭),LJC-M152Q091
4369,LJC04557,LJC04557.jpg,45-57,91,152,おつり (釣銭),LJC-M152Q091
4370,LJC04558,LJC04558.jpg,45-58,91,152,おつり (釣銭),LJC-M152Q091
4371,LJC04559,LJC04559.jpg,45-59,91,152,おつり (釣銭),LJC-M152Q091
4372,LJC04560,LJC04560.jpg,45-60,91,152,おつり (釣銭),LJC-M152Q091
4373,LJC04561,LJC04561.jpg,45-61,91,152,おつり (釣銭),LJC-M152Q091
4374,LJC04562,LJC04562.jpg,45-62,91,152,おつり (釣銭),LJC-M152Q091
4375,LJC04563,LJC04563.jpg,45-63,91,152,おつり (釣銭),LJC-M152Q091
4376,LJC04564,LJC04564.jpg,45-64,91,152,おつり (釣銭),LJC-M152Q091
4377,LJC04565,LJC04565.jpg,45-65,91,152,おつり (釣銭),LJC-M152Q091
4378,LJC04566,LJC04566.jpg,45-66,91,152,おつり (釣銭),LJC-M152Q091
4379,LJC04567,LJC04567.jpg,45-67,91,152,おつり (釣銭),LJC-M152Q091
4380,LJC04568,LJC04568.jpg,45-68,91,152,おつり (釣銭),LJC-M152Q091
4381,LJC04569,LJC04569.jpg,45-69,91,152,おつり (釣銭),LJC-M152Q091
4382,LJC04570,LJC04570.jpg,45-70,166,153,いと (糸),LJC-M153Q166
4383,LJC04571,LJC04571.jpg,45-71,166,153,いと (糸),LJC-M153Q166
4384,LJC04572,LJC04572.jpg,45-72,166,153,いと (糸),LJC-M153Q166
4385,LJC04573,LJC04573.jpg,45-73,166,153,いと (糸),LJC-M153Q166
4386,LJC04574,LJC04574.jpg,45-74,166,153,いと (糸),LJC-M153Q166
4387,LJC04575,LJC04575.jpg,45-75,166,153,いと (糸),LJC-M153Q166
4388,LJC04576,LJC04576.jpg,45-76,166,153,いと (糸),LJC-M153Q166
4389,LJC04577,LJC04577.jpg,45-77,166,153,いと (糸),LJC-M153Q166
4390,LJC04578,LJC04578.jpg,45-78,166,153,いと (糸),LJC-M153Q166
4391,LJC04579,LJC04579.jpg,45-79,166,153,いと (糸),LJC-M153Q166
4392,LJC04580,LJC04580.jpg,45-80,166,153,いと (糸),LJC-M153Q166
4393,LJC04581,LJC04581.jpg,45-81,166,153,いと (糸),LJC-M153Q166
4394,LJC04582,LJC04582.jpg,45-82,166,153,いと (糸),LJC-M153Q166
4395,LJC04583,LJC04583.jpg,45-83,166,153,いと (糸),LJC-M153Q166
4396,LJC04584,LJC04584.jpg,45-84,166,153,いと (糸),LJC-M153Q166
4397,LJC04585,LJC04585.jpg,45-85,166,153,いと (糸),LJC-M153Q166
4398,LJC04586,LJC04586.jpg,45-86,166,153,いと (糸),LJC-M153Q166
4399,LJC04587,LJC04587.jpg,45-87,166,153,いと (糸),LJC-M153Q166
4400,LJC04588,LJC04588.jpg,45-88,166,153,いと (糸),LJC-M153Q166
4401,LJC04589,LJC04589.jpg,45-89,166,153,いと (糸),LJC-M153Q166
4402,LJC04590,LJC04590.jpg,45-90,166,153,いと (糸),LJC-M153Q166
4403,LJC04591,LJC04591.jpg,45-91,166,153,いと (糸),LJC-M153Q166
4404,LJC04592,LJC04592.jpg,45-92,166,153,いと (糸),LJC-M153Q166
4405,LJC04593,LJC04593.jpg,45-93,166,153,いと (糸),LJC-M153Q166
4406,LJC04594,LJC04594.jpg,45-94,166,153,いと (糸),LJC-M153Q166
4407,LJC04595,LJC04595.jpg,45-95,166,153,いと (糸),LJC-M153Q166
4408,LJC04596,LJC04596.jpg,45-96,166,153,いと (糸),LJC-M153Q166
4409,LJC04597,LJC04597.jpg,45-97,166,153,いと (糸),LJC-M153Q166
4410,LJC04598,LJC04598.jpg,45-98,166,153,いと (糸),LJC-M153Q166
4411,LJC04601,LJC04601.jpg,46-01,166,153,いと (糸),LJC-M153Q166
4412,LJC04602,LJC04602.jpg,46-02,166,153,いと (糸),LJC-M153Q166
4413,LJC04603,LJC04603.jpg,46-03,167,155,きぬいと (絹糸),LJC-M155Q167
4414,LJC04604,LJC04604.jpg,46-04,167,155,きぬいと (絹糸),LJC-M155Q167
4415,LJC04605,LJC04605.jpg,46-05,167,155,きぬいと (絹糸),LJC-M155Q167
4416,LJC04606,LJC04606.jpg,46-06,167,155,きぬいと (絹糸),LJC-M155Q167
4417,LJC04607,LJC04607.jpg,46-07,167,155,きぬいと (絹糸),LJC-M155Q167
4418,LJC04608,LJC04608.jpg,46-08,167,155,きぬいと (絹糸),LJC-M155Q167
4419,LJC04609,LJC04609.jpg,46-09,167,155,きぬいと (絹糸),LJC-M155Q167
4420,LJC04610,LJC04610.jpg,46-10,167,155,きぬいと (絹糸),LJC-M155Q167
4421,LJC04611,LJC04611.jpg,46-11,167,155,きぬいと (絹糸),LJC-M155Q167
4422,LJC04612,LJC04612.jpg,46-12,167,155,きぬいと (絹糸),LJC-M155Q167
4423,LJC04613,LJC04613.jpg,46-13,167,155,きぬいと (絹糸),LJC-M155Q167
4424,LJC04614,LJC04614.jpg,46-14,167,155,きぬいと (絹糸),LJC-M155Q167
4425,LJC04615,LJC04615.jpg,46-15,169,156,もめんいと (木綿糸),LJC-M156Q169
4426,LJC04616,LJC04616.jpg,46-16,169,156,もめんいと (木綿糸),LJC-M156Q169
4427,LJC04617,LJC04617.jpg,46-17,169,156,もめんいと (木綿糸),LJC-M156Q169
4428,LJC04618,LJC04618.jpg,46-18,169,156,もめんいと (木綿糸),LJC-M156Q169
4429,LJC04619,LJC04619.jpg,46-19,169,156,もめんいと (木綿糸),LJC-M156Q169
4430,LJC04620,LJC04620.jpg,46-20,169,156,もめんいと (木綿糸),LJC-M156Q169
4431,LJC04621,LJC04621.jpg,46-21,169,156,もめんいと (木綿糸),LJC-M156Q169
4432,LJC04622,LJC04622.jpg,46-22,169,156,もめんいと (木綿糸),LJC-M156Q169
4433,LJC04623,LJC04623.jpg,46-23,169,156,もめんいと (木綿糸),LJC-M156Q169
4434,LJC04624,LJC04624.jpg,46-24,169,156,もめんいと (木綿糸),LJC-M156Q169
4435,LJC04625,LJC04625.jpg,46-25,169,156,もめんいと (木綿糸),LJC-M156Q169
4436,LJC04626,LJC04626.jpg,46-26,169,156,もめんいと (木綿糸),LJC-M156Q169
4437,LJC04627,LJC04627.jpg,46-27,169,156,もめんいと (木綿糸),LJC-M156Q169
4438,LJC04628,LJC04628.jpg,46-28,169,156,もめんいと (木綿糸),LJC-M156Q169
4439,LJC04629,LJC04629.jpg,46-29,169,156,もめんいと (木綿糸),LJC-M156Q169
4440,LJC04630,LJC04630.jpg,46-30,169,156,もめんいと (木綿糸),LJC-M156Q169
4441,LJC04631,LJC04631.jpg,46-31,169,156,もめんいと (木綿糸),LJC-M156Q169
4442,LJC04632,LJC04632.jpg,46-32,169,156,もめんいと (木綿糸),LJC-M156Q169
4443,LJC04633,LJC04633.jpg,46-33,169,156,もめんいと (木綿糸),LJC-M156Q169
4444,LJC04634,LJC04634.jpg,46-34,168,157,はたいと (機糸),LJC-M157Q168
4445,LJC04635,LJC04635.jpg,46-35,168,157,はたいと (機糸),LJC-M157Q168
4446,LJC04636,LJC04636.jpg,46-36,168,157,はたいと (機糸),LJC-M157Q168
4447,LJC04637,LJC04637.jpg,46-37,168,157,はたいと (機糸),LJC-M157Q168
4448,LJC04638,LJC04638.jpg,46-38,168,157,はたいと (機糸),LJC-M157Q168
4449,LJC04639,LJC04639.jpg,46-39,168,157,はたいと (機糸),LJC-M157Q168
4450,LJC04640,LJC04640.jpg,46-40,168,157,はたいと (機糸),LJC-M157Q168
4451,LJC04641,LJC04641.jpg,46-41,168,157,はたいと (機糸),LJC-M157Q168
4452,LJC04642,LJC04642.jpg,46-42,168,157,はたいと (機糸),LJC-M157Q168
4453,LJC04643,LJC04643.jpg,46-43,168,157,はたいと (機糸),LJC-M157Q168
4454,LJC04644,LJC04644.jpg,46-44,168,157,はたいと (機糸),LJC-M157Q168
4455,LJC04645,LJC04645.jpg,46-45,168,157,はたいと (機糸),LJC-M157Q168
4456,LJC04646,LJC04646.jpg,46-46,168,157,はたいと (機糸),LJC-M157Q168
4457,LJC04647,LJC04647.jpg,46-47,168,157,はたいと (機糸),LJC-M157Q168
4458,LJC04648,LJC04648.jpg,46-48,168,157,はたいと (機糸),LJC-M157Q168
4459,LJC04649,LJC04649.jpg,46-49,168,157,はたいと (機糸),LJC-M157Q168
4460,LJC04650,LJC04650.jpg,46-50,168,157,はたいと (機糸),LJC-M157Q168
4461,LJC04651,LJC04651.jpg,46-51,168,157,はたいと (機糸),LJC-M157Q168
4462,LJC04652,LJC04652.jpg,46-52,168,157,はたいと (機糸),LJC-M157Q168
4463,LJC04653,LJC04653.jpg,46-53,168,157,はたいと (機糸),LJC-M157Q168
4464,LJC04654,LJC04654.jpg,46-54,168,157,はたいと (機糸),LJC-M157Q168
4465,LJC04655,LJC04655.jpg,46-55,168,157,はたいと (機糸),LJC-M157Q168
4466,LJC04656,LJC04656.jpg,46-56,168,157,はたいと (機糸),LJC-M157Q168
4467,LJC04657,LJC04657.jpg,46-57,168,157,はたいと (機糸),LJC-M157Q168
4468,LJC04658,LJC04658.jpg,46-58,168,157,はたいと (機糸),LJC-M157Q168
4469,LJC04659,LJC04659.jpg,46-59,168,157,はたいと (機糸),LJC-M157Q168
4470,LJC04660,LJC04660.jpg,46-60,168,157,はたいと (機糸),LJC-M157Q168
4471,LJC04661,LJC04661.jpg,46-61,168,157,はたいと (機糸),LJC-M157Q168
4472,LJC04662,LJC04662.jpg,46-62,168,157,はたいと (機糸),LJC-M157Q168
4473,LJC04663,LJC04663.jpg,46-63,168,157,はたいと (機糸),LJC-M157Q168
4474,LJC04664,LJC04664.jpg,46-64,168,157,はたいと (機糸),LJC-M157Q168
4475,LJC04665,LJC04665.jpg,46-65,168,157,はたいと (機糸),LJC-M157Q168
4476,LJC04666,LJC04666.jpg,46-66,168,157,はたいと (機糸),LJC-M157Q168
4477,LJC04667,LJC04667.jpg,46-67,168,157,はたいと (機糸),LJC-M157Q168
4478,LJC04668,LJC04668.jpg,46-68,168,157,はたいと (機糸),LJC-M157Q168
4479,LJC04669,LJC04669.jpg,46-69,168,157,はたいと (機糸),LJC-M157Q168
4480,LJC04670,LJC04670.jpg,46-70,168,157,はたいと (機糸),LJC-M157Q168
4481,LJC04671,LJC04671.jpg,46-71,168,157,はたいと (機糸),LJC-M157Q168
4482,LJC04672,LJC04672.jpg,46-72,168,157,はたいと (機糸),LJC-M157Q168
4483,LJC04673,LJC04673.jpg,46-73,168,157,はたいと (機糸),LJC-M157Q168
4484,LJC04674,LJC04674.jpg,46-74,168,157,はたいと (機糸),LJC-M157Q168
4485,LJC04675,LJC04675.jpg,46-75,168,157,はたいと (機糸),LJC-M157Q168
4486,LJC04676,LJC04676.jpg,46-76,168,157,はたいと (機糸),LJC-M157Q168
4487,LJC04677,LJC04677.jpg,46-77,168,157,はたいと (機糸),LJC-M157Q168
4488,LJC04678,LJC04678.jpg,46-78,168,157,はたいと (機糸),LJC-M157Q168
4489,LJC04679,LJC04679.jpg,46-79,168,157,はたいと (機糸),LJC-M157Q168
4490,LJC04680,LJC04680.jpg,46-80,168,157,はたいと (機糸),LJC-M157Q168
4491,LJC04681,LJC04681.jpg,46-81,168,157,はたいと (機糸),LJC-M157Q168
4492,LJC04682,LJC04682.jpg,46-82,168,157,はたいと (機糸),LJC-M157Q168
4493,LJC04683,LJC04683.jpg,46-83,168,157,はたいと (機糸),LJC-M157Q168
4494,LJC04684,LJC04684.jpg,46-84,168,157,はたいと (機糸),LJC-M157Q168
4495,LJC04685,LJC04685.jpg,46-85,168,157,はたいと (機糸),LJC-M157Q168
4496,LJC04686,LJC04686.jpg,46-86,168,157,はたいと (機糸),LJC-M157Q168
4497,LJC04687,LJC04687.jpg,46-87,168,157,はたいと (機糸),LJC-M157Q168
4498,LJC04688,LJC04688.jpg,46-88,168,157,はたいと (機糸),LJC-M157Q168
4499,LJC04689,LJC04689.jpg,46-89,168,157,はたいと (機糸),LJC-M157Q168
4500,LJC04690,LJC04690.jpg,46-90,168,157,はたいと (機糸),LJC-M157Q168
4501,LJC04691,LJC04691.jpg,46-91,168,157,はたいと (機糸),LJC-M157Q168
4502,LJC04692,LJC04692.jpg,46-92,168,157,はたいと (機糸),LJC-M157Q168
4503,LJC04693,LJC04693.jpg,46-93,168,157,はたいと (機糸),LJC-M157Q168
4504,LJC04694,LJC04694.jpg,46-94,168,157,はたいと (機糸),LJC-M157Q168
4505,LJC04695,LJC04695.jpg,46-95,168,157,はたいと (機糸),LJC-M157Q168
4506,LJC04696,LJC04696.jpg,46-96,168,157,はたいと (機糸),LJC-M157Q168
4507,LJC04697,LJC04697.jpg,46-97,168,157,はたいと (機糸),LJC-M157Q168
4508,LJC04698,LJC04698.jpg,46-98,168,157,はたいと (機糸),LJC-M157Q168
4509,LJC04701,LJC04701.jpg,47-01,168,157,はたいと (機糸),LJC-M157Q168
4510,LJC04702,LJC04702.jpg,47-02,164,158,わた (綿),LJC-M158Q164
4511,LJC04703,LJC04703.jpg,47-03,164,158,わた (綿),LJC-M158Q164
4512,LJC04704,LJC04704.jpg,47-04,164,158,わた (綿),LJC-M158Q164
4513,LJC04705,LJC04705.jpg,47-05,164,158,わた (綿),LJC-M158Q164
4514,LJC04706,LJC04706.jpg,47-06,165,159,まわた (真綿),LJC-M159Q165
4515,LJC04707,LJC04707.jpg,47-07,165,159,まわた (真綿),LJC-M159Q165
4516,LJC04708,LJC04708.jpg,47-08,165,159,まわた (真綿),LJC-M159Q165
4517,LJC04709,LJC04709.jpg,47-09,165,159,まわた (真綿),LJC-M159Q165
4518,LJC04710,LJC04710.jpg,47-10,165,159,まわた (真綿),LJC-M159Q165
4519,LJC04711,LJC04711.jpg,47-11,165,159,まわた (真綿),LJC-M159Q165
4520,LJC04712,LJC04712.jpg,47-12,165,159,まわた (真綿),LJC-M159Q165
4521,LJC04713,LJC04713.jpg,47-13,165,159,まわた (真綿),LJC-M159Q165
4522,LJC04714,LJC04714.jpg,47-14,165,159,まわた (真綿),LJC-M159Q165
4523,LJC04715,LJC04715.jpg,47-15,165,159,まわた (真綿),LJC-M159Q165
4524,LJC04716,LJC04716.jpg,47-16,165,159,まわた (真綿),LJC-M159Q165
4525,LJC04717,LJC04717.jpg,47-17,165,159,まわた (真綿),LJC-M159Q165
4526,LJC04718,LJC04718.jpg,47-18,165,159,まわた (真綿),LJC-M159Q165
4527,LJC04719,LJC04719.jpg,47-19,165,159,まわた (真綿),LJC-M159Q165
4528,LJC04720,LJC04720.jpg,47-20,165,159,まわた (真綿),LJC-M159Q165
4529,LJC04721,LJC04721.jpg,47-21,165,159,まわた (真綿),LJC-M159Q165
4530,LJC04722,LJC04722.jpg,47-22,165,159,まわた (真綿),LJC-M159Q165
4531,LJC04723,LJC04723.jpg,47-23,165,159,まわた (真綿),LJC-M159Q165
4532,LJC04724,LJC04724.jpg,47-24,165,159,まわた (真綿),LJC-M159Q165
4533,LJC04725,LJC04725.jpg,47-25,165,159,まわた (真綿),LJC-M159Q165
4534,LJC04726,LJC04726.jpg,47-26,165,159,まわた (真綿),LJC-M159Q165
4535,LJC04727,LJC04727.jpg,47-27,165,159,まわた (真綿),LJC-M159Q165
4536,LJC04728,LJC04728.jpg,47-28,165,159,まわた (真綿),LJC-M159Q165
4537,LJC04729,LJC04729.jpg,47-29,165,159,まわた (真綿),LJC-M159Q165
4538,LJC04730,LJC04730.jpg,47-30,165,159,まわた (真綿),LJC-M159Q165
4539,LJC04731,LJC04731.jpg,47-31,165,159,まわた (真綿),LJC-M159Q165
4540,LJC04732,LJC04732.jpg,47-32,165,159,まわた (真綿),LJC-M159Q165
4541,LJC04733,LJC04733.jpg,47-33,165,159,まわた (真綿),LJC-M159Q165
4542,LJC04734,LJC04734.jpg,47-34,165,159,まわた (真綿),LJC-M159Q165
4543,LJC04735,LJC04735.jpg,47-35,165,159,まわた (真綿),LJC-M159Q165
4544,LJC04736,LJC04736.jpg,47-36,165,159,まわた (真綿),LJC-M159Q165
4545,LJC04737,LJC04737.jpg,47-37,251,160,せんたく (洗濯),LJC-M160Q251
4546,LJC04738,LJC04738.jpg,47-38,251,160,せんたく (洗濯),LJC-M160Q251
4547,LJC04739,LJC04739.jpg,47-39,251,160,せんたく (洗濯),LJC-M160Q251
4548,LJC04740,LJC04740.jpg,47-40,251,160,せんたく (洗濯),LJC-M160Q251
4549,LJC04741,LJC04741.jpg,47-41,251,160,せんたく (洗濯),LJC-M160Q251
4550,LJC04742,LJC04742.jpg,47-42,251,160,せんたく (洗濯),LJC-M160Q251
4551,LJC04743,LJC04743.jpg,47-43,251,160,せんたく (洗濯),LJC-M160Q251
4552,LJC04744,LJC04744.jpg,47-44,251,160,せんたく (洗濯),LJC-M160Q251
4553,LJC04745,LJC04745.jpg,47-45,251,160,せんたく (洗濯),LJC-M160Q251
4554,LJC04746,LJC04746.jpg,47-46,251,160,せんたく (洗濯),LJC-M160Q251
4555,LJC04747,LJC04747.jpg,47-47,251,160,せんたく (洗濯),LJC-M160Q251
4556,LJC04748,LJC04748.jpg,47-48,251,160,せんたく (洗濯),LJC-M160Q251
4557,LJC04749,LJC04749.jpg,47-49,251,160,せんたく (洗濯),LJC-M160Q251
4558,LJC04750,LJC04750.jpg,47-50,251,160,せんたく (洗濯),LJC-M160Q251
4559,LJC04751,LJC04751.jpg,47-51,157,161,せともの (陶磁器),LJC-M161Q157
4560,LJC04752,LJC04752.jpg,47-52,157,161,せともの (陶磁器),LJC-M161Q157
4561,LJC04753,LJC04753.jpg,47-53,157,161,せともの (陶磁器),LJC-M161Q157
4562,LJC04754,LJC04754.jpg,47-54,157,161,せともの (陶磁器),LJC-M161Q157
4563,LJC04755,LJC04755.jpg,47-55,157,161,せともの (陶磁器),LJC-M161Q157
4564,LJC04756,LJC04756.jpg,47-56,157,161,せともの (陶磁器),LJC-M161Q157
4565,LJC04757,LJC04757.jpg,47-57,157,161,せともの (陶磁器),LJC-M161Q157
4566,LJC04758,LJC04758.jpg,47-58,157,161,せともの (陶磁器),LJC-M161Q157
4567,LJC04759,LJC04759.jpg,47-59,157,161,せともの (陶磁器),LJC-M161Q157
4568,LJC04760,LJC04760.jpg,47-60,157,161,せともの (陶磁器),LJC-M161Q157
4569,LJC04761,LJC04761.jpg,47-61,157,161,せともの (陶磁器),LJC-M161Q157
4570,LJC04762,LJC04762.jpg,47-62,157,161,せともの (陶磁器),LJC-M161Q157
4571,LJC04763,LJC04763.jpg,47-63,157,161,せともの (陶磁器),LJC-M161Q157
4572,LJC04764,LJC04764.jpg,47-64,157,161,せともの (陶磁器),LJC-M161Q157
4573,LJC04765,LJC04765.jpg,47-65,157,161,せともの (陶磁器),LJC-M161Q157
4574,LJC04766,LJC04766.jpg,47-66,157,161,せともの (陶磁器),LJC-M161Q157
4575,LJC04767,LJC04767.jpg,47-67,157,161,せともの (陶磁器),LJC-M161Q157
4576,LJC04768,LJC04768.jpg,47-68,157,161,せともの (陶磁器),LJC-M161Q157
4577,LJC04769,LJC04769.jpg,47-69,157,161,せともの (陶磁器),LJC-M161Q157
4578,LJC04770,LJC04770.jpg,47-70,157,161,せともの (陶磁器),LJC-M161Q157
4579,LJC04771,LJC04771.jpg,47-71,157,161,せともの (陶磁器),LJC-M161Q157
4580,LJC04772,LJC04772.jpg,47-72,157,161,せともの (陶磁器),LJC-M161Q157
4581,LJC04773,LJC04773.jpg,47-73,157,161,せともの (陶磁器),LJC-M161Q157
4582,LJC04774,LJC04774.jpg,47-74,157,161,せともの (陶磁器),LJC-M161Q157
4583,LJC04775,LJC04775.jpg,47-75,157,161,せともの (陶磁器),LJC-M161Q157
4584,LJC04776,LJC04776.jpg,47-76,157,161,せともの (陶磁器),LJC-M161Q157
4585,LJC04777,LJC04777.jpg,47-77,157,161,せともの (陶磁器),LJC-M161Q157
4586,LJC04778,LJC04778.jpg,47-78,157,161,せともの (陶磁器),LJC-M161Q157
4587,LJC04779,LJC04779.jpg,47-79,157,161,せともの (陶磁器),LJC-M161Q157
4588,LJC04780,LJC04780.jpg,47-80,157,161,せともの (陶磁器),LJC-M161Q157
4589,LJC04781,LJC04781.jpg,47-81,157,161,せともの (陶磁器),LJC-M161Q157
4590,LJC04782,LJC04782.jpg,47-82,157,161,せともの (陶磁器),LJC-M161Q157
4591,LJC04783,LJC04783.jpg,47-83,157,161,せともの (陶磁器),LJC-M161Q157
4592,LJC04784,LJC04784.jpg,47-84,157,161,せともの (陶磁器),LJC-M161Q157
4593,LJC04785,LJC04785.jpg,47-85,157,161,せともの (陶磁器),LJC-M161Q157
4594,LJC04786,LJC04786.jpg,47-86,157,161,せともの (陶磁器),LJC-M161Q157
4595,LJC04787,LJC04787.jpg,47-87,157,161,せともの (陶磁器),LJC-M161Q157
4596,LJC04788,LJC04788.jpg,47-88,157,161,せともの (陶磁器),LJC-M161Q157
4597,LJC04789,LJC04789.jpg,47-89,157,161,せともの (陶磁器),LJC-M161Q157
4598,LJC04790,LJC04790.jpg,47-90,157,161,せともの (陶磁器),LJC-M161Q157
4599,LJC04791,LJC04791.jpg,47-91,157,161,せともの (陶磁器),LJC-M161Q157
4600,LJC04792,LJC04792.jpg,47-92,157,161,せともの (陶磁器),LJC-M161Q157
4601,LJC04793,LJC04793.jpg,47-93,157,161,せともの (陶磁器),LJC-M161Q157
4602,LJC04794,LJC04794.jpg,47-94,157,161,せともの (陶磁器),LJC-M161Q157
4603,LJC04795,LJC04795.jpg,47-95,157,161,せともの (陶磁器),LJC-M161Q157
4604,LJC04796,LJC04796.jpg,47-96,157,161,せともの (陶磁器),LJC-M161Q157
4605,LJC04797,LJC04797.jpg,47-97,157,161,せともの (陶磁器),LJC-M161Q157
4606,LJC04798,LJC04798.jpg,47-98,155,162,すりばち (擂鉢),LJC-M162Q155
4607,LJC04801,LJC04801.jpg,48-01,155,162,すりばち (擂鉢),LJC-M162Q155
4608,LJC04802,LJC04802.jpg,48-02,155,162,すりばち (擂鉢),LJC-M162Q155
4609,LJC04803,LJC04803.jpg,48-03,155,162,すりばち (擂鉢),LJC-M162Q155
4610,LJC04804,LJC04804.jpg,48-04,155,162,すりばち (擂鉢),LJC-M162Q155
4611,LJC04805,LJC04805.jpg,48-05,155,162,すりばち (擂鉢),LJC-M162Q155
4612,LJC04806,LJC04806.jpg,48-06,155,162,すりばち (擂鉢),LJC-M162Q155
4613,LJC04807,LJC04807.jpg,48-07,155,162,すりばち (擂鉢),LJC-M162Q155
4614,LJC04808,LJC04808.jpg,48-08,155,162,すりばち (擂鉢),LJC-M162Q155
4615,LJC04809,LJC04809.jpg,48-09,155,162,すりばち (擂鉢),LJC-M162Q155
4616,LJC04810,LJC04810.jpg,48-10,155,162,すりばち (擂鉢),LJC-M162Q155
4617,LJC04811,LJC04811.jpg,48-11,155,162,すりばち (擂鉢),LJC-M162Q155
4618,LJC04812,LJC04812.jpg,48-12,155,162,すりばち (擂鉢),LJC-M162Q155
4619,LJC04813,LJC04813.jpg,48-13,155,162,すりばち (擂鉢),LJC-M162Q155
4620,LJC04814,LJC04814.jpg,48-14,155,162,すりばち (擂鉢),LJC-M162Q155
4621,LJC04815,LJC04815.jpg,48-15,155,162,すりばち (擂鉢),LJC-M162Q155
4622,LJC04816,LJC04816.jpg,48-16,155,162,すりばち (擂鉢),LJC-M162Q155
4623,LJC04817,LJC04817.jpg,48-17,155,162,すりばち (擂鉢),LJC-M162Q155
4624,LJC04818,LJC04818.jpg,48-18,156,163,すりこぎ (擂粉木),LJC-M163Q156
4625,LJC04819,LJC04819.jpg,48-19,156,163,すりこぎ (擂粉木),LJC-M163Q156
4626,LJC04820,LJC04820.jpg,48-20,156,163,すりこぎ (擂粉木),LJC-M163Q156
4627,LJC04821,LJC04821.jpg,48-21,156,163,すりこぎ (擂粉木),LJC-M163Q156
4628,LJC04822,LJC04822.jpg,48-22,156,163,すりこぎ (擂粉木),LJC-M163Q156
4629,LJC04823,LJC04823.jpg,48-23,156,163,すりこぎ (擂粉木),LJC-M163Q156
4630,LJC04824,LJC04824.jpg,48-24,156,163,すりこぎ (擂粉木),LJC-M163Q156
4631,LJC04825,LJC04825.jpg,48-25,156,163,すりこぎ (擂粉木),LJC-M163Q156
4632,LJC04826,LJC04826.jpg,48-26,156,163,すりこぎ (擂粉木),LJC-M163Q156
4633,LJC04827,LJC04827.jpg,48-27,156,163,すりこぎ (擂粉木),LJC-M163Q156
4634,LJC04828,LJC04828.jpg,48-28,156,163,すりこぎ (擂粉木),LJC-M163Q156
4635,LJC04829,LJC04829.jpg,48-29,156,163,すりこぎ (擂粉木),LJC-M163Q156
4636,LJC04830,LJC04830.jpg,48-30,156,163,すりこぎ (擂粉木),LJC-M163Q156
4637,LJC04831,LJC04831.jpg,48-31,156,163,すりこぎ (擂粉木),LJC-M163Q156
4638,LJC04832,LJC04832.jpg,48-32,156,163,すりこぎ (擂粉木),LJC-M163Q156
4639,LJC04833,LJC04833.jpg,48-33,156,163,すりこぎ (擂粉木),LJC-M163Q156
4640,LJC04834,LJC04834.jpg,48-34,156,163,すりこぎ (擂粉木),LJC-M163Q156
4641,LJC04835,LJC04835.jpg,48-35,156,163,すりこぎ (擂粉木),LJC-M163Q156
4642,LJC04836,LJC04836.jpg,48-36,156,163,すりこぎ (擂粉木),LJC-M163Q156
4643,LJC04837,LJC04837.jpg,48-37,156,163,すりこぎ (擂粉木),LJC-M163Q156
4644,LJC04838,LJC04838.jpg,48-38,156,163,すりこぎ (擂粉木),LJC-M163Q156
4645,LJC04839,LJC04839.jpg,48-39,156,163,すりこぎ (擂粉木),LJC-M163Q156
4646,LJC04840,LJC04840.jpg,48-40,154,164,まないた (俎板),LJC-M164Q154
4647,LJC04841,LJC04841.jpg,48-41,154,164,まないた (俎板),LJC-M164Q154
4648,LJC04842,LJC04842.jpg,48-42,154,164,まないた (俎板),LJC-M164Q154
4649,LJC04843,LJC04843.jpg,48-43,154,164,まないた (俎板),LJC-M164Q154
4650,LJC04844,LJC04844.jpg,48-44,154,164,まないた (俎板),LJC-M164Q154
4651,LJC04845,LJC04845.jpg,48-45,154,164,まないた (俎板),LJC-M164Q154
4652,LJC04846,LJC04846.jpg,48-46,154,164,まないた (俎板),LJC-M164Q154
4653,LJC04847,LJC04847.jpg,48-47,154,164,まないた (俎板),LJC-M164Q154
4654,LJC04848,LJC04848.jpg,48-48,154,164,まないた (俎板),LJC-M164Q154
4655,LJC04849,LJC04849.jpg,48-49,154,164,まないた (俎板),LJC-M164Q154
4656,LJC04850,LJC04850.jpg,48-50,154,164,まないた (俎板),LJC-M164Q154
4657,LJC04851,LJC04851.jpg,48-51,154,164,まないた (俎板),LJC-M164Q154
4658,LJC04852,LJC04852.jpg,48-52,154,164,まないた (俎板),LJC-M164Q154
4659,LJC04853,LJC04853.jpg,48-53,154,164,まないた (俎板),LJC-M164Q154
4660,LJC04854,LJC04854.jpg,48-54,154,164,まないた (俎板),LJC-M164Q154
4661,LJC04855,LJC04855.jpg,48-55,154,164,まないた (俎板),LJC-M164Q154
4662,LJC04856,LJC04856.jpg,48-56,154,164,まないた (俎板),LJC-M164Q154
4663,LJC04857,LJC04857.jpg,48-57,154,164,まないた (俎板),LJC-M164Q154
4664,LJC04858,LJC04858.jpg,48-58,154,164,まないた (俎板),LJC-M164Q154
4665,LJC04859,LJC04859.jpg,48-59,154,164,まないた (俎板),LJC-M164Q154
4666,LJC04860,LJC04860.jpg,48-60,154,164,まないた (俎板),LJC-M164Q154
4667,LJC04861,LJC04861.jpg,48-61,154,164,まないた (俎板),LJC-M164Q154
4668,LJC04862,LJC04862.jpg,48-62,154,164,まないた (俎板),LJC-M164Q154
4669,LJC04863,LJC04863.jpg,48-63,154,164,まないた (俎板),LJC-M164Q154
4670,LJC04864,LJC04864.jpg,48-64,154,164,まないた (俎板),LJC-M164Q154
4671,LJC04865,LJC04865.jpg,48-65,154,164,まないた (俎板),LJC-M164Q154
4672,LJC04866,LJC04866.jpg,48-66,154,164,まないた (俎板),LJC-M164Q154
4673,LJC04867,LJC04867.jpg,48-67,154,164,まないた (俎板),LJC-M164Q154
4674,LJC04868,LJC04868.jpg,48-68,154,164,まないた (俎板),LJC-M164Q154
4675,LJC04869,LJC04869.jpg,48-69,154,164,まないた (俎板),LJC-M164Q154
4676,LJC04870,LJC04870.jpg,48-70,154,164,まないた (俎板),LJC-M164Q154
4677,LJC04871,LJC04871.jpg,48-71,154,164,まないた (俎板),LJC-M164Q154
4678,LJC04872,LJC04872.jpg,48-72,154,164,まないた (俎板),LJC-M164Q154
4679,LJC04873,LJC04873.jpg,48-73,154,164,まないた (俎板),LJC-M164Q154
4680,LJC04874,LJC04874.jpg,48-74,154,164,まないた (俎板),LJC-M164Q154
4681,LJC04875,LJC04875.jpg,48-75,154,164,まないた (俎板),LJC-M164Q154
4682,LJC04876,LJC04876.jpg,48-76,154,164,まないた (俎板),LJC-M164Q154
4683,LJC04877,LJC04877.jpg,48-77,154,164,まないた (俎板),LJC-M164Q154
4684,LJC04878,LJC04878.jpg,48-78,154,164,まないた (俎板),LJC-M164Q154
4685,LJC04879,LJC04879.jpg,48-79,154,164,まないた (俎板),LJC-M164Q154
4686,LJC04880,LJC04880.jpg,48-80,154,164,まないた (俎板),LJC-M164Q154
4687,LJC04881,LJC04881.jpg,48-81,154,164,まないた (俎板),LJC-M164Q154
4688,LJC04882,LJC04882.jpg,48-82,154,164,まないた (俎板),LJC-M164Q154
4689,LJC04883,LJC04883.jpg,48-83,154,164,まないた (俎板),LJC-M164Q154
4690,LJC04884,LJC04884.jpg,48-84,154,164,まないた (俎板),LJC-M164Q154
4691,LJC04885,LJC04885.jpg,48-85,154,164,まないた (俎板),LJC-M164Q154
4692,LJC04886,LJC04886.jpg,48-86,154,164,まないた (俎板),LJC-M164Q154
4693,LJC04887,LJC04887.jpg,48-87,154,164,まないた (俎板),LJC-M164Q154
4694,LJC04888,LJC04888.jpg,48-88,154,164,まないた (俎板),LJC-M164Q154
4695,LJC04889,LJC04889.jpg,48-89,154,164,まないた (俎板),LJC-M164Q154
4696,LJC04890,LJC04890.jpg,48-90,154,164,まないた (俎板),LJC-M164Q154
4697,LJC04891,LJC04891.jpg,48-91,154,164,まないた (俎板),LJC-M164Q154
4698,LJC04892,LJC04892.jpg,48-92,154,164,まないた (俎板),LJC-M164Q154
4699,LJC04893,LJC04893.jpg,48-93,154,164,まないた (俎板),LJC-M164Q154
4700,LJC04894,LJC04894.jpg,48-94,154,164,まないた (俎板),LJC-M164Q154
4701,LJC04895,LJC04895.jpg,48-95,154,164,まないた (俎板),LJC-M164Q154
4702,LJC04896,LJC04896.jpg,48-96,154,164,まないた (俎板),LJC-M164Q154
4703,LJC04897,LJC04897.jpg,48-97,154,164,まないた (俎板),LJC-M164Q154
4704,LJC04898,LJC04898.jpg,48-98,154,164,まないた (俎板),LJC-M164Q154
4705,LJC04901,LJC04901.jpg,49-01,154,164,まないた (俎板),LJC-M164Q154
4706,LJC04902,LJC04902.jpg,49-02,154,164,まないた (俎板),LJC-M164Q154
4707,LJC04903,LJC04903.jpg,49-03,154,164,まないた (俎板),LJC-M164Q154
4708,LJC04904,LJC04904.jpg,49-04,154,164,まないた (俎板),LJC-M164Q154
4709,LJC04905,LJC04905.jpg,49-05,154,164,まないた (俎板),LJC-M164Q154
4710,LJC04906,LJC04906.jpg,49-06,154,164,まないた (俎板),LJC-M164Q154
4711,LJC04907,LJC04907.jpg,49-07,154,164,まないた (俎板),LJC-M164Q154
4712,LJC04908,LJC04908.jpg,49-08,154,164,まないた (俎板),LJC-M164Q154
4713,LJC04909,LJC04909.jpg,49-09,154,164,まないた (俎板),LJC-M164Q154
4714,LJC04910,LJC04910.jpg,49-10,154,164,まないた (俎板),LJC-M164Q154
4715,LJC04911,LJC04911.jpg,49-11,154,164,まないた (俎板),LJC-M164Q154
4716,LJC04912,LJC04912.jpg,49-12,154,164,まないた (俎板),LJC-M164Q154
4717,LJC04913,LJC04913.jpg,49-13,154,164,まないた (俎板),LJC-M164Q154
4718,LJC04914,LJC04914.jpg,49-14,154,164,まないた (俎板),LJC-M164Q154
4719,LJC04915,LJC04915.jpg,49-15,154,164,まないた (俎板),LJC-M164Q154
4720,LJC04916,LJC04916.jpg,49-16,154,164,まないた (俎板),LJC-M164Q154
4721,LJC04917,LJC04917.jpg,49-17,154,164,まないた (俎板),LJC-M164Q154
4722,LJC04918,LJC04918.jpg,49-18,154,164,まないた (俎板),LJC-M164Q154
4723,LJC04919,LJC04919.jpg,49-19,154,164,まないた (俎板),LJC-M164Q154
4724,LJC04920,LJC04920.jpg,49-20,154,164,まないた (俎板),LJC-M164Q154
4725,LJC04921,LJC04921.jpg,49-21,154,164,まないた (俎板),LJC-M164Q154
4726,LJC04922,LJC04922.jpg,49-22,154,164,まないた (俎板),LJC-M164Q154
4727,LJC04923,LJC04923.jpg,49-23,154,164,まないた (俎板),LJC-M164Q154
4728,LJC04924,LJC04924.jpg,49-24,154,164,まないた (俎板),LJC-M164Q154
4729,LJC04925,LJC04925.jpg,49-25,154,164,まないた (俎板),LJC-M164Q154
4730,LJC04926,LJC04926.jpg,49-26,154,164,まないた (俎板),LJC-M164Q154
4731,LJC04927,LJC04927.jpg,49-27,154,164,まないた (俎板),LJC-M164Q154
4732,LJC04928,LJC04928.jpg,49-28,154,164,まないた (俎板),LJC-M164Q154
4733,LJC04929,LJC04929.jpg,49-29,154,164,まないた (俎板),LJC-M164Q154
4734,LJC04930,LJC04930.jpg,49-30,154,164,まないた (俎板),LJC-M164Q154
4735,LJC04931,LJC04931.jpg,49-31,154,164,まないた (俎板),LJC-M164Q154
4736,LJC04932,LJC04932.jpg,49-32,154,164,まないた (俎板),LJC-M164Q154
4737,LJC04933,LJC04933.jpg,49-33,154,164,まないた (俎板),LJC-M164Q154
4738,LJC04934,LJC04934.jpg,49-34,154,164,まないた (俎板),LJC-M164Q154
4739,LJC04935,LJC04935.jpg,49-35,154,164,まないた (俎板),LJC-M164Q154
4740,LJC04936,LJC04936.jpg,49-36,154,164,まないた (俎板),LJC-M164Q154
4741,LJC04937,LJC04937.jpg,49-37,154,164,まないた (俎板),LJC-M164Q154
4742,LJC04938,LJC04938.jpg,49-38,154,164,まないた (俎板),LJC-M164Q154
4743,LJC04939,LJC04939.jpg,49-39,154,164,まないた (俎板),LJC-M164Q154
4744,LJC04940,LJC04940.jpg,49-40,154,164,まないた (俎板),LJC-M164Q154
4745,LJC04941,LJC04941.jpg,49-41,154,164,まないた (俎板),LJC-M164Q154
4746,LJC04942,LJC04942.jpg,49-42,154,164,まないた (俎板),LJC-M164Q154
4747,LJC04943,LJC04943.jpg,49-43,154,164,まないた (俎板),LJC-M164Q154
4748,LJC04944,LJC04944.jpg,49-44,154,164,まないた (俎板),LJC-M164Q154
4749,LJC04945,LJC04945.jpg,49-45,154,164,まないた (俎板),LJC-M164Q154
4750,LJC04946,LJC04946.jpg,49-46,154,164,まないた (俎板),LJC-M164Q154
4751,LJC04947,LJC04947.jpg,49-47,154,164,まないた (俎板),LJC-M164Q154
4752,LJC04948,LJC04948.jpg,49-48,154,164,まないた (俎板),LJC-M164Q154
4753,LJC04949,LJC04949.jpg,49-49,154,164,まないた (俎板),LJC-M164Q154
4754,LJC04950,LJC04950.jpg,49-50,177,"165, 166",こめびつ (米櫃),LJC-M165Q177
4755,LJC04951,LJC04951.jpg,49-51,177,"165, 166",こめびつ (米櫃),LJC-M165Q177
4756,LJC04952,LJC04952.jpg,49-52,177,"165, 166",こめびつ (米櫃),LJC-M165Q177
4757,LJC04953,LJC04953.jpg,49-53,177,"165, 166",こめびつ (米櫃),LJC-M165Q177
4758,LJC04954,LJC04954.jpg,49-54,177,"165, 166",こめびつ (米櫃),LJC-M165Q177
4759,LJC04955,LJC04955.jpg,49-55,177,"165, 166",こめびつ (米櫃),LJC-M165Q177
4760,LJC04956,LJC04956.jpg,49-56,177,"165, 166",こめびつ (米櫃),LJC-M165Q177
4761,LJC04957,LJC04957.jpg,49-57,177,"165, 166",こめびつ (米櫃),LJC-M165Q177
4762,LJC04958,LJC04958.jpg,49-58,177,"165, 166",こめびつ (米櫃),LJC-M165Q177
4763,LJC04959,LJC04959.jpg,49-59,177,"165, 166",こめびつ (米櫃),LJC-M165Q177
4764,LJC04960,LJC04960.jpg,49-60,177,"165, 166",こめびつ (米櫃),LJC-M165Q177
4765,LJC04961,LJC04961.jpg,49-61,177,"165, 166",こめびつ (米櫃),LJC-M165Q177
4766,LJC04962,LJC04962.jpg,49-62,177,"165, 166",こめびつ (米櫃),LJC-M165Q177
4767,LJC04963,LJC04963.jpg,49-63,177,"165, 166",こめびつ (米櫃),LJC-M165Q177
4768,LJC04964,LJC04964.jpg,49-64,177,"165, 166",こめびつ (米櫃),LJC-M165Q177
4769,LJC04965,LJC04965.jpg,49-65,177,"165, 166",こめびつ (米櫃),LJC-M165Q177
4770,LJC04966,LJC04966.jpg,49-66,177,"165, 166",こめびつ (米櫃),LJC-M165Q177
4771,LJC04967,LJC04967.jpg,49-67,177,"165, 166",こめびつ (米櫃),LJC-M165Q177
4772,LJC04968,LJC04968.jpg,49-68,177,"165, 166",こめびつ (米櫃),LJC-M165Q177
4773,LJC04969,LJC04969.jpg,49-69,177,"165, 166",こめびつ (米櫃),LJC-M165Q177
4774,LJC04970,LJC04970.jpg,49-70,177,"165, 166",こめびつ (米櫃),LJC-M165Q177
4775,LJC04971,LJC04971.jpg,49-71,177,"165, 166",こめびつ (米櫃),LJC-M165Q177
4776,LJC04972,LJC04972.jpg,49-72,177,"165, 166",こめびつ (米櫃),LJC-M165Q177
4777,LJC04973,LJC04973.jpg,49-73,177,"165, 166",こめびつ (米櫃),LJC-M165Q177
4778,LJC04974,LJC04974.jpg,49-74,177,"165, 166",こめびつ (米櫃),LJC-M165Q177
4779,LJC04975,LJC04975.jpg,49-75,177,"165, 166",こめびつ (米櫃),LJC-M165Q177
4780,LJC04976,LJC04976.jpg,49-76,177,"165, 166",こめびつ (米櫃),LJC-M165Q177
4781,LJC04977,LJC04977.jpg,49-77,177,"165, 166",こめびつ (米櫃),LJC-M165Q177
4782,LJC04978,LJC04978.jpg,49-78,177,"165, 166",こめびつ (米櫃),LJC-M165Q177
4783,LJC04979,LJC04979.jpg,49-79,177,"165, 166",こめびつ (米櫃),LJC-M165Q177
4784,LJC04980,LJC04980.jpg,49-80,177,"165, 166",こめびつ (米櫃),LJC-M165Q177
4785,LJC04981,LJC04981.jpg,49-81,177,"165, 166",こめびつ (米櫃),LJC-M165Q177
4786,LJC04982,LJC04982.jpg,49-82,177,"165, 166",こめびつ (米櫃),LJC-M165Q177
4787,LJC04983,LJC04983.jpg,49-83,177,"165, 166",こめびつ (米櫃),LJC-M165Q177
4788,LJC04984,LJC04984.jpg,49-84,177,"165, 166",こめびつ (米櫃),LJC-M165Q177
4789,LJC04985,LJC04985.jpg,49-85,177,"165, 166",こめびつ (米櫃),LJC-M165Q177
4790,LJC04986,LJC04986.jpg,49-86,177,"165, 166",こめびつ (米櫃),LJC-M165Q177
4791,LJC04987,LJC04987.jpg,49-87,177,"165, 166",こめびつ (米櫃),LJC-M165Q177
4792,LJC04988,LJC04988.jpg,49-88,177,"165, 166",こめびつ (米櫃),LJC-M165Q177
4793,LJC04989,LJC04989.jpg,49-89,177,"165, 166",こめびつ (米櫃),LJC-M165Q177
4794,LJC04990,LJC04990.jpg,49-90,177,"165, 166",こめびつ (米櫃),LJC-M165Q177
4795,LJC04991,LJC04991.jpg,49-91,177,"165, 166",こめびつ (米櫃),LJC-M165Q177
4796,LJC04992,LJC04992.jpg,49-92,177,"165, 166",こめびつ (米櫃),LJC-M165Q177
4797,LJC04993,LJC04993.jpg,49-93,177,"165, 166",こめびつ (米櫃),LJC-M165Q177
4798,LJC04994,LJC04994.jpg,49-94,177,"165, 166",こめびつ (米櫃),LJC-M165Q177
4799,LJC04995,LJC04995.jpg,49-95,177,"165, 166",こめびつ (米櫃),LJC-M165Q177
4800,LJC04996,LJC04996.jpg,49-96,177,"165, 166",こめびつ (米櫃),LJC-M165Q177
4801,LJC04997,LJC04997.jpg,49-97,177,"165, 166",こめびつ (米櫃),LJC-M165Q177
4802,LJC04998,LJC04998.jpg,49-98,177,"165, 166",こめびつ (米櫃),LJC-M165Q177
4803,LJC05001,LJC05001.jpg,50-01,177,"165, 166",こめびつ (米櫃),LJC-M165Q177
4804,LJC05002,LJC05002.jpg,50-02,177,"165, 166",こめびつ (米櫃),LJC-M165Q177
4805,LJC05003,LJC05003.jpg,50-03,177,"165, 166",こめびつ (米櫃),LJC-M165Q177
4806,LJC05004,LJC05004.jpg,50-04,177,"165, 166",こめびつ (米櫃),LJC-M165Q177
4807,LJC05005,LJC05005.jpg,50-05,177,"165, 166",こめびつ (米櫃),LJC-M165Q177
4808,LJC05006,LJC05006.jpg,50-06,177,"165, 166",こめびつ (米櫃),LJC-M165Q177
4809,LJC05007,LJC05007.jpg,50-07,177,"165, 166",こめびつ (米櫃),LJC-M165Q177
4810,LJC05008,LJC05008.jpg,50-08,177,"165, 166",こめびつ (米櫃),LJC-M165Q177
4811,LJC05009,LJC05009.jpg,50-09,177,"165, 166",こめびつ (米櫃),LJC-M165Q177
4812,LJC05010,LJC05010.jpg,50-10,177,"165, 166",こめびつ (米櫃),LJC-M165Q177
4813,LJC05011,LJC05011.jpg,50-11,177,"165, 166",こめびつ (米櫃),LJC-M165Q177
4814,LJC05012,LJC05012.jpg,50-12,177,"165, 166",こめびつ (米櫃),LJC-M165Q177
4815,LJC05013,LJC05013.jpg,50-13,177,"165, 166",こめびつ (米櫃),LJC-M165Q177
4816,LJC05014,LJC05014.jpg,50-14,177,"165, 166",こめびつ (米櫃),LJC-M165Q177
4817,LJC05015,LJC05015.jpg,50-15,177,"165, 166",こめびつ (米櫃),LJC-M165Q177
4818,LJC05016,LJC05016.jpg,50-16,177,"165, 166",こめびつ (米櫃),LJC-M165Q177
4819,LJC05017,LJC05017.jpg,50-17,177,"165, 166",こめびつ (米櫃),LJC-M165Q177
4820,LJC05018,LJC05018.jpg,50-18,177,"165, 166",こめびつ (米櫃),LJC-M165Q177
4821,LJC05019,LJC05019.jpg,50-19,177,"165, 166",こめびつ (米櫃),LJC-M165Q177
4822,LJC05020,LJC05020.jpg,50-20,177,"165, 166",こめびつ (米櫃),LJC-M165Q177
4823,LJC05021,LJC05021.jpg,50-21,177,"165, 166",こめびつ (米櫃),LJC-M165Q177
4824,LJC05022,LJC05022.jpg,50-22,177,"165, 166",こめびつ (米櫃),LJC-M165Q177
4825,LJC05023,LJC05023.jpg,50-23,177,"165, 166",こめびつ (米櫃),LJC-M165Q177
4826,LJC05024,LJC05024.jpg,50-24,177,"165, 166",こめびつ (米櫃),LJC-M165Q177
4827,LJC05025,LJC05025.jpg,50-25,177,"165, 166",こめびつ (米櫃),LJC-M165Q177
4828,LJC05026,LJC05026.jpg,50-26,177,"165, 166",こめびつ (米櫃),LJC-M165Q177
4829,LJC05027,LJC05027.jpg,50-27,177,"165, 166",こめびつ (米櫃),LJC-M165Q177
4830,LJC05028,LJC05028.jpg,50-28,177,"165, 166",こめびつ (米櫃),LJC-M165Q177
4831,LJC05029,LJC05029.jpg,50-29,177,"165, 166",こめびつ (米櫃),LJC-M165Q177
4832,LJC05030,LJC05030.jpg,50-30,177,"165, 166",こめびつ (米櫃),LJC-M165Q177
4833,LJC05031,LJC05031.jpg,50-31,177,"165, 166",こめびつ (米櫃),LJC-M165Q177
4834,LJC05032,LJC05032.jpg,50-32,177,"165, 166",こめびつ (米櫃),LJC-M165Q177
4835,LJC05033,LJC05033.jpg,50-33,177,"165, 166",こめびつ (米櫃),LJC-M165Q177
4836,LJC05034,LJC05034.jpg,50-34,177,"165, 166",こめびつ (米櫃),LJC-M165Q177
4837,LJC05035,LJC05035.jpg,50-35,177,"165, 166",こめびつ (米櫃),LJC-M165Q177
4838,LJC05036,LJC05036.jpg,50-36,177,"165, 166",こめびつ (米櫃),LJC-M165Q177
4839,LJC05037,LJC05037.jpg,50-37,177,"165, 166",こめびつ (米櫃),LJC-M165Q177
4840,LJC05038,LJC05038.jpg,50-38,177,"165, 166",こめびつ (米櫃),LJC-M165Q177
4841,LJC05039,LJC05039.jpg,50-39,177,"165, 166",こめびつ (米櫃),LJC-M165Q177
4842,LJC05040,LJC05040.jpg,50-40,177,"165, 166",こめびつ (米櫃),LJC-M165Q177
4843,LJC05041,LJC05041.jpg,50-41,177,"165, 166",こめびつ (米櫃),LJC-M165Q177
4844,LJC05042,LJC05042.jpg,50-42,177,"165, 166",こめびつ (米櫃),LJC-M165Q177
4845,LJC05043,LJC05043.jpg,50-43,177,"165, 166",こめびつ (米櫃),LJC-M165Q177
4846,LJC05044,LJC05044.jpg,50-44,177,"165, 166",こめびつ (米櫃),LJC-M165Q177
4847,LJC05045,LJC05045.jpg,50-45,177,"165, 166",こめびつ (米櫃),LJC-M165Q177
4848,LJC05046,LJC05046.jpg,50-46,177,"165, 166",こめびつ (米櫃),LJC-M165Q177
4849,LJC05047,LJC05047.jpg,50-47,177,"165, 166",こめびつ (米櫃),LJC-M165Q177
4850,LJC05048,LJC05048.jpg,50-48,177,"165, 166",こめびつ (米櫃),LJC-M165Q177
4851,LJC05049,LJC05049.jpg,50-49,177,"165, 166",こめびつ (米櫃),LJC-M165Q177
4852,LJC05050,LJC05050.jpg,50-50,177,"165, 166",こめびつ (米櫃),LJC-M165Q177
4853,LJC05051,LJC05051.jpg,50-51,177,"165, 166",こめびつ (米櫃),LJC-M165Q177
4854,LJC05052,LJC05052.jpg,50-52,177,"165, 166",こめびつ (米櫃),LJC-M165Q177
4855,LJC05053,LJC05053.jpg,50-53,177,"165, 166",こめびつ (米櫃),LJC-M165Q177
4856,LJC05054,LJC05054.jpg,50-54,177,"165, 166",こめびつ (米櫃),LJC-M165Q177
4857,LJC05055,LJC05055.jpg,50-55,177,"165, 166",こめびつ (米櫃),LJC-M165Q177
4858,LJC05056,LJC05056.jpg,50-56,177,"165, 166",こめびつ (米櫃),LJC-M165Q177
4859,LJC05057,LJC05057.jpg,50-57,177,"165, 166",こめびつ (米櫃),LJC-M165Q177
4860,LJC05058,LJC05058.jpg,50-58,177,"165, 166",こめびつ (米櫃),LJC-M165Q177
4861,LJC05059,LJC05059.jpg,50-59,177,"165, 166",こめびつ (米櫃),LJC-M165Q177
4862,LJC05060,LJC05060.jpg,50-60,177,"165, 166",こめびつ (米櫃),LJC-M165Q177
4863,LJC05061,LJC05061.jpg,50-61,177,"165, 166",こめびつ (米櫃),LJC-M165Q177
4864,LJC05062,LJC05062.jpg,50-62,177,"165, 166",こめびつ (米櫃),LJC-M165Q177
4865,LJC05063,LJC05063.jpg,50-63,177,"165, 166",こめびつ (米櫃),LJC-M165Q177
4866,LJC05064,LJC05064.jpg,50-64,177,"165, 166",こめびつ (米櫃),LJC-M165Q177
4867,LJC05065,LJC05065.jpg,50-65,177,"165, 166",こめびつ (米櫃),LJC-M165Q177
4868,LJC05066,LJC05066.jpg,50-66,177,"165, 166",こめびつ (米櫃),LJC-M165Q177
4869,LJC05067,LJC05067.jpg,50-67,177,"165, 166",こめびつ (米櫃),LJC-M165Q177
4870,LJC05068,LJC05068.jpg,50-68,177,"165, 166",こめびつ (米櫃),LJC-M165Q177
4871,LJC05069,LJC05069.jpg,50-69,177,"165, 166",こめびつ (米櫃),LJC-M165Q177
4872,LJC05070,LJC05070.jpg,50-70,177,"165, 166",こめびつ (米櫃),LJC-M165Q177
4873,LJC05071,LJC05071.jpg,50-71,177,"165, 166",こめびつ (米櫃),LJC-M165Q177
4874,LJC05072,LJC05072.jpg,50-72,177,"165, 166",こめびつ (米櫃),LJC-M165Q177
4875,LJC05073,LJC05073.jpg,50-73,177,"165, 166",こめびつ (米櫃),LJC-M165Q177
4876,LJC05074,LJC05074.jpg,50-74,177,"165, 166",こめびつ (米櫃),LJC-M165Q177
4877,LJC05075,LJC05075.jpg,50-75,177,"165, 166",こめびつ (米櫃),LJC-M165Q177
4878,LJC05076,LJC05076.jpg,50-76,177,"165, 166",こめびつ (米櫃),LJC-M165Q177
4879,LJC05077,LJC05077.jpg,50-77,177,"165, 166",こめびつ (米櫃),LJC-M165Q177
4880,LJC05078,LJC05078.jpg,50-78,177,"165, 166",こめびつ (米櫃),LJC-M165Q177
4881,LJC05079,LJC05079.jpg,50-79,177,"165, 166",こめびつ (米櫃),LJC-M165Q177
4882,LJC05080,LJC05080.jpg,50-80,177,"165, 166",こめびつ (米櫃),LJC-M165Q177
4883,LJC05081,LJC05081.jpg,50-81,177,"165, 166",こめびつ (米櫃),LJC-M165Q177
4884,LJC05082,LJC05082.jpg,50-82,177,"165, 166",こめびつ (米櫃),LJC-M165Q177
4885,LJC05083,LJC05083.jpg,50-83,177,"165, 166",こめびつ (米櫃),LJC-M165Q177
4886,LJC05084,LJC05084.jpg,50-84,177,"165, 166",こめびつ (米櫃),LJC-M165Q177
4887,LJC05085,LJC05085.jpg,50-85,177,"165, 166",こめびつ (米櫃),LJC-M165Q177
4888,LJC05086,LJC05086.jpg,50-86,177,"165, 166",こめびつ (米櫃),LJC-M165Q177
4889,LJC05087,LJC05087.jpg,50-87,177,"165, 166",こめびつ (米櫃),LJC-M165Q177
4890,LJC05088,LJC05088.jpg,50-88,177,"165, 166",こめびつ (米櫃),LJC-M165Q177
4891,LJC05089,LJC05089.jpg,50-89,177,"165, 166",こめびつ (米櫃),LJC-M165Q177
4892,LJC05090,LJC05090.jpg,50-90,177,"165, 166",こめびつ (米櫃),LJC-M165Q177
4893,LJC05091,LJC05091.jpg,50-91,177,"165, 166",こめびつ (米櫃),LJC-M165Q177
4894,LJC05092,LJC05092.jpg,50-92,177,"165, 166",こめびつ (米櫃),LJC-M165Q177
4895,LJC05093,LJC05093.jpg,50-93,177,"165, 166",こめびつ (米櫃),LJC-M165Q177
4896,LJC05094,LJC05094.jpg,50-94,177,"165, 166",こめびつ (米櫃),LJC-M165Q177
4897,LJC05095,LJC05095.jpg,50-95,177,"165, 166",こめびつ (米櫃),LJC-M165Q177
4898,LJC05096,LJC05096.jpg,50-96,177,"165, 166",こめびつ (米櫃),LJC-M165Q177
4899,LJC05097,LJC05097.jpg,50-97,177,"165, 166",こめびつ (米櫃),LJC-M165Q177
4900,LJC05098,LJC05098.jpg,50-98,177,"165, 166",こめびつ (米櫃),LJC-M165Q177
4901,LJC05101,LJC05101.jpg,51-01,177,"165, 166",こめびつ (米櫃),LJC-M165Q177
4902,LJC05102,LJC05102.jpg,51-02,177,"165, 166",こめびつ (米櫃),LJC-M165Q177
4903,LJC05103,LJC05103.jpg,51-03,177,"165, 166",こめびつ (米櫃),LJC-M165Q177
4904,LJC05104,LJC05104.jpg,51-04,177,"165, 166",こめびつ (米櫃),LJC-M165Q177
4905,LJC05105,LJC05105.jpg,51-05,177,"165, 166",こめびつ (米櫃),LJC-M165Q177
4906,LJC05106,LJC05106.jpg,51-06,177,"165, 166",こめびつ (米櫃),LJC-M165Q177
4907,LJC05107,LJC05107.jpg,51-07,177,"165, 166",こめびつ (米櫃),LJC-M165Q177
4908,LJC05108,LJC05108.jpg,51-08,177,"165, 166",こめびつ (米櫃),LJC-M165Q177
4909,LJC05109,LJC05109.jpg,51-09,177,"165, 166",こめびつ (米櫃),LJC-M165Q177
4910,LJC05110,LJC05110.jpg,51-10,177,"165, 166",こめびつ (米櫃),LJC-M165Q177
4911,LJC05111,LJC05111.jpg,51-11,173,167,こめ (米),LJC-M167Q173
4912,LJC05112,LJC05112.jpg,51-12,173,167,こめ (米),LJC-M167Q173
4913,LJC05113,LJC05113.jpg,51-13,173,167,こめ (米),LJC-M167Q173
4914,LJC05114,LJC05114.jpg,51-14,173,167,こめ (米),LJC-M167Q173
4915,LJC05115,LJC05115.jpg,51-15,173,167,こめ (米),LJC-M167Q173
4916,LJC05116,LJC05116.jpg,51-16,173,167,こめ (米),LJC-M167Q173
4917,LJC05117,LJC05117.jpg,51-17,173,167,こめ (米),LJC-M167Q173
4918,LJC05118,LJC05118.jpg,51-18,173,167,こめ (米),LJC-M167Q173
4919,LJC05119,LJC05119.jpg,51-19,174,168,うるち (粳米),LJC-M168Q174
4920,LJC05120,LJC05120.jpg,51-20,174,168,うるち (粳米),LJC-M168Q174
4921,LJC05121,LJC05121.jpg,51-21,174,168,うるち (粳米),LJC-M168Q174
4922,LJC05122,LJC05122.jpg,51-22,174,168,うるち (粳米),LJC-M168Q174
4923,LJC05123,LJC05123.jpg,51-23,174,168,うるち (粳米),LJC-M168Q174
4924,LJC05124,LJC05124.jpg,51-24,174,168,うるち (粳米),LJC-M168Q174
4925,LJC05125,LJC05125.jpg,51-25,174,168,うるち (粳米),LJC-M168Q174
4926,LJC05126,LJC05126.jpg,51-26,174,168,うるち (粳米),LJC-M168Q174
4927,LJC05127,LJC05127.jpg,51-27,174,168,うるち (粳米),LJC-M168Q174
4928,LJC05128,LJC05128.jpg,51-28,174,168,うるち (粳米),LJC-M168Q174
4929,LJC05129,LJC05129.jpg,51-29,174,168,うるち (粳米),LJC-M168Q174
4930,LJC05130,LJC05130.jpg,51-30,174,168,うるち (粳米),LJC-M168Q174
4931,LJC05131,LJC05131.jpg,51-31,174,168,うるち (粳米),LJC-M168Q174
4932,LJC05132,LJC05132.jpg,51-32,174,168,うるち (粳米),LJC-M168Q174
4933,LJC05133,LJC05133.jpg,51-33,174,168,うるち (粳米),LJC-M168Q174
4934,LJC05134,LJC05134.jpg,51-34,174,168,うるち (粳米),LJC-M168Q174
4935,LJC05135,LJC05135.jpg,51-35,174,168,うるち (粳米),LJC-M168Q174
4936,LJC05136,LJC05136.jpg,51-36,174,168,うるち (粳米),LJC-M168Q174
4937,LJC05137,LJC05137.jpg,51-37,174,168,うるち (粳米),LJC-M168Q174
4938,LJC05138,LJC05138.jpg,51-38,174,168,うるち (粳米),LJC-M168Q174
4939,LJC05139,LJC05139.jpg,51-39,174,168,うるち (粳米),LJC-M168Q174
4940,LJC05140,LJC05140.jpg,51-40,174,168,うるち (粳米),LJC-M168Q174
4941,LJC05141,LJC05141.jpg,51-41,174,168,うるち (粳米),LJC-M168Q174
4942,LJC05142,LJC05142.jpg,51-42,174,168,うるち (粳米),LJC-M168Q174
4943,LJC05143,LJC05143.jpg,51-43,174,168,うるち (粳米),LJC-M168Q174
4944,LJC05144,LJC05144.jpg,51-44,174,168,うるち (粳米),LJC-M168Q174
4945,LJC05145,LJC05145.jpg,51-45,174,168,うるち (粳米),LJC-M168Q174
4946,LJC05146,LJC05146.jpg,51-46,174,168,うるち (粳米),LJC-M168Q174
4947,LJC05147,LJC05147.jpg,51-47,174,168,うるち (粳米),LJC-M168Q174
4948,LJC05148,LJC05148.jpg,51-48,174,168,うるち (粳米),LJC-M168Q174
4949,LJC05149,LJC05149.jpg,51-49,174,168,うるち (粳米),LJC-M168Q174
4950,LJC05150,LJC05150.jpg,51-50,174,168,うるち (粳米),LJC-M168Q174
4951,LJC05151,LJC05151.jpg,51-51,174,168,うるち (粳米),LJC-M168Q174
4952,LJC05152,LJC05152.jpg,51-52,174,168,うるち (粳米),LJC-M168Q174
4953,LJC05153,LJC05153.jpg,51-53,174,168,うるち (粳米),LJC-M168Q174
4954,LJC05154,LJC05154.jpg,51-54,174,168,うるち (粳米),LJC-M168Q174
4955,LJC05155,LJC05155.jpg,51-55,174,168,うるち (粳米),LJC-M168Q174
4956,LJC05156,LJC05156.jpg,51-56,174,168,うるち (粳米),LJC-M168Q174
4957,LJC05157,LJC05157.jpg,51-57,174,168,うるち (粳米),LJC-M168Q174
4958,LJC05158,LJC05158.jpg,51-58,174,168,うるち (粳米),LJC-M168Q174
4959,LJC05159,LJC05159.jpg,51-59,174,168,うるち (粳米),LJC-M168Q174
4960,LJC05160,LJC05160.jpg,51-60,174,168,うるち (粳米),LJC-M168Q174
4961,LJC05161,LJC05161.jpg,51-61,174,168,うるち (粳米),LJC-M168Q174
4962,LJC05162,LJC05162.jpg,51-62,174,168,うるち (粳米),LJC-M168Q174
4963,LJC05163,LJC05163.jpg,51-63,174,168,うるち (粳米),LJC-M168Q174
4964,LJC05164,LJC05164.jpg,51-64,174,168,うるち (粳米),LJC-M168Q174
4965,LJC05165,LJC05165.jpg,51-65,174,168,うるち (粳米),LJC-M168Q174
4966,LJC05166,LJC05166.jpg,51-66,174,168,うるち (粳米),LJC-M168Q174
4967,LJC05167,LJC05167.jpg,51-67,174,168,うるち (粳米),LJC-M168Q174
4968,LJC05168,LJC05168.jpg,51-68,174,168,うるち (粳米),LJC-M168Q174
4969,LJC05169,LJC05169.jpg,51-69,175,169,もちごめ (糯米),LJC-M169Q175
4970,LJC05170,LJC05170.jpg,51-70,175,169,もちごめ (糯米),LJC-M169Q175
4971,LJC05171,LJC05171.jpg,51-71,175,169,もちごめ (糯米),LJC-M169Q175
4972,LJC05172,LJC05172.jpg,51-72,175,169,もちごめ (糯米),LJC-M169Q175
4973,LJC05173,LJC05173.jpg,51-73,175,169,もちごめ (糯米),LJC-M169Q175
4974,LJC05174,LJC05174.jpg,51-74,175,169,もちごめ (糯米),LJC-M169Q175
4975,LJC05175,LJC05175.jpg,51-75,175,169,もちごめ (糯米),LJC-M169Q175
4976,LJC05176,LJC05176.jpg,51-76,175,169,もちごめ (糯米),LJC-M169Q175
4977,LJC05177,LJC05177.jpg,51-77,175,169,もちごめ (糯米),LJC-M169Q175
4978,LJC05178,LJC05178.jpg,51-78,175,169,もちごめ (糯米),LJC-M169Q175
4979,LJC05179,LJC05179.jpg,51-79,175,169,もちごめ (糯米),LJC-M169Q175
4980,LJC05180,LJC05180.jpg,51-80,175,169,もちごめ (糯米),LJC-M169Q175
4981,LJC05181,LJC05181.jpg,51-81,175,169,もちごめ (糯米),LJC-M169Q175
4982,LJC05182,LJC05182.jpg,51-82,176,170,はんまい (飯米),LJC-M170Q176
4983,LJC05183,LJC05183.jpg,51-83,176,170,はんまい (飯米),LJC-M170Q176
4984,LJC05184,LJC05184.jpg,51-84,176,170,はんまい (飯米),LJC-M170Q176
4985,LJC05185,LJC05185.jpg,51-85,176,170,はんまい (飯米),LJC-M170Q176
4986,LJC05186,LJC05186.jpg,51-86,176,170,はんまい (飯米),LJC-M170Q176
4987,LJC05187,LJC05187.jpg,51-87,176,170,はんまい (飯米),LJC-M170Q176
4988,LJC05188,LJC05188.jpg,51-88,176,170,はんまい (飯米),LJC-M170Q176
4989,LJC05189,LJC05189.jpg,51-89,176,170,はんまい (飯米),LJC-M170Q176
4990,LJC05190,LJC05190.jpg,51-90,176,170,はんまい (飯米),LJC-M170Q176
4991,LJC05191,LJC05191.jpg,51-91,176,170,はんまい (飯米),LJC-M170Q176
4992,LJC05192,LJC05192.jpg,51-92,176,170,はんまい (飯米),LJC-M170Q176
4993,LJC05193,LJC05193.jpg,51-93,176,170,はんまい (飯米),LJC-M170Q176
4994,LJC05194,LJC05194.jpg,51-94,176,170,はんまい (飯米),LJC-M170Q176
4995,LJC05195,LJC05195.jpg,51-95,176,170,はんまい (飯米),LJC-M170Q176
4996,LJC05196,LJC05196.jpg,51-96,176,170,はんまい (飯米),LJC-M170Q176
4997,LJC05197,LJC05197.jpg,51-97,176,170,はんまい (飯米),LJC-M170Q176
4998,LJC05198,LJC05198.jpg,51-98,176,170,はんまい (飯米),LJC-M170Q176
4999,LJC05201,LJC05201.jpg,52-01,176,170,はんまい (飯米),LJC-M170Q176
5000,LJC05202,LJC05202.jpg,52-02,176,170,はんまい (飯米),LJC-M170Q176
5001,LJC05203,LJC05203.jpg,52-03,176,170,はんまい (飯米),LJC-M170Q176
5002,LJC05204,LJC05204.jpg,52-04,176,170,はんまい (飯米),LJC-M170Q176
5003,LJC05205,LJC05205.jpg,52-05,176,170,はんまい (飯米),LJC-M170Q176
5004,LJC05206,LJC05206.jpg,52-06,176,170,はんまい (飯米),LJC-M170Q176
5005,LJC05207,LJC05207.jpg,52-07,176,170,はんまい (飯米),LJC-M170Q176
5006,LJC05208,LJC05208.jpg,52-08,176,170,はんまい (飯米),LJC-M170Q176
5007,LJC05209,LJC05209.jpg,52-09,176,170,はんまい (飯米),LJC-M170Q176
5008,LJC05210,LJC05210.jpg,52-10,176,170,はんまい (飯米),LJC-M170Q176
5009,LJC05211,LJC05211.jpg,52-11,176,170,はんまい (飯米),LJC-M170Q176
5010,LJC05212,LJC05212.jpg,52-12,176,170,はんまい (飯米),LJC-M170Q176
5011,LJC05213,LJC05213.jpg,52-13,176,170,はんまい (飯米),LJC-M170Q176
5012,LJC05214,LJC05214.jpg,52-14,176,170,はんまい (飯米),LJC-M170Q176
5013,LJC05215,LJC05215.jpg,52-15,176,170,はんまい (飯米),LJC-M170Q176
5014,LJC05216,LJC05216.jpg,52-16,176,170,はんまい (飯米),LJC-M170Q176
5015,LJC05217,LJC05217.jpg,52-17,176,170,はんまい (飯米),LJC-M170Q176
5016,LJC05218,LJC05218.jpg,52-18,176,170,はんまい (飯米),LJC-M170Q176
5017,LJC05219,LJC05219.jpg,52-19,176,170,はんまい (飯米),LJC-M170Q176
5018,LJC05220,LJC05220.jpg,52-20,176,170,はんまい (飯米),LJC-M170Q176
5019,LJC05221,LJC05221.jpg,52-21,176,170,はんまい (飯米),LJC-M170Q176
5020,LJC05222,LJC05222.jpg,52-22,176,170,はんまい (飯米),LJC-M170Q176
5021,LJC05223,LJC05223.jpg,52-23,176,170,はんまい (飯米),LJC-M170Q176
5022,LJC05224,LJC05224.jpg,52-24,176,170,はんまい (飯米),LJC-M170Q176
5023,LJC05225,LJC05225.jpg,52-25,176,170,はんまい (飯米),LJC-M170Q176
5024,LJC05226,LJC05226.jpg,52-26,176,170,はんまい (飯米),LJC-M170Q176
5025,LJC05227,LJC05227.jpg,52-27,176,170,はんまい (飯米),LJC-M170Q176
5026,LJC05228,LJC05228.jpg,52-28,176,170,はんまい (飯米),LJC-M170Q176
5027,LJC05229,LJC05229.jpg,52-29,176,170,はんまい (飯米),LJC-M170Q176
5028,LJC05230,LJC05230.jpg,52-30,176,170,はんまい (飯米),LJC-M170Q176
5029,LJC05231,LJC05231.jpg,52-31,176,170,はんまい (飯米),LJC-M170Q176
5030,LJC05232,LJC05232.jpg,52-32,176,170,はんまい (飯米),LJC-M170Q176
5031,LJC05233,LJC05233.jpg,52-33,176,170,はんまい (飯米),LJC-M170Q176
5032,LJC05234,LJC05234.jpg,52-34,176,170,はんまい (飯米),LJC-M170Q176
5033,LJC05235,LJC05235.jpg,52-35,176,170,はんまい (飯米),LJC-M170Q176
5034,LJC05236,LJC05236.jpg,52-36,176,170,はんまい (飯米),LJC-M170Q176
5035,LJC05237,LJC05237.jpg,52-37,176,170,はんまい (飯米),LJC-M170Q176
5036,LJC05238,LJC05238.jpg,52-38,176,170,はんまい (飯米),LJC-M170Q176
5037,LJC05239,LJC05239.jpg,52-39,176,170,はんまい (飯米),LJC-M170Q176
5038,LJC05240,LJC05240.jpg,52-40,176,170,はんまい (飯米),LJC-M170Q176
5039,LJC05241,LJC05241.jpg,52-41,176,170,はんまい (飯米),LJC-M170Q176
5040,LJC05242,LJC05242.jpg,52-42,176,170,はんまい (飯米),LJC-M170Q176
5041,LJC05243,LJC05243.jpg,52-43,176,170,はんまい (飯米),LJC-M170Q176
5042,LJC05244,LJC05244.jpg,52-44,176,170,はんまい (飯米),LJC-M170Q176
5043,LJC05245,LJC05245.jpg,52-45,176,170,はんまい (飯米),LJC-M170Q176
5044,LJC05246,LJC05246.jpg,52-46,176,170,はんまい (飯米),LJC-M170Q176
5045,LJC05247,LJC05247.jpg,52-47,176,170,はんまい (飯米),LJC-M170Q176
5046,LJC05248,LJC05248.jpg,52-48,176,170,はんまい (飯米),LJC-M170Q176
5047,LJC05249,LJC05249.jpg,52-49,176,170,はんまい (飯米),LJC-M170Q176
5048,LJC05250,LJC05250.jpg,52-50,176,170,はんまい (飯米),LJC-M170Q176
5049,LJC05251,LJC05251.jpg,52-51,176,170,はんまい (飯米),LJC-M170Q176
5050,LJC05252,LJC05252.jpg,52-52,176,170,はんまい (飯米),LJC-M170Q176
5051,LJC05253,LJC05253.jpg,52-53,176,170,はんまい (飯米),LJC-M170Q176
5052,LJC05254,LJC05254.jpg,52-54,176,170,はんまい (飯米),LJC-M170Q176
5053,LJC05255,LJC05255.jpg,52-55,176,170,はんまい (飯米),LJC-M170Q176
5054,LJC05256,LJC05256.jpg,52-56,176,170,はんまい (飯米),LJC-M170Q176
5055,LJC05257,LJC05257.jpg,52-57,178,"171, 173",もみがら (籾殻),LJC-M171Q178
5056,LJC05258,LJC05258.jpg,52-58,178,"171, 173",もみがら (籾殻),LJC-M171Q178
5057,LJC05259,LJC05259.jpg,52-59,178,"171, 173",もみがら (籾殻),LJC-M171Q178
5058,LJC05260,LJC05260.jpg,52-60,178,"171, 173",もみがら (籾殻),LJC-M171Q178
5059,LJC05261,LJC05261.jpg,52-61,178,"171, 173",もみがら (籾殻),LJC-M171Q178
5060,LJC05262,LJC05262.jpg,52-62,178,"171, 173",もみがら (籾殻),LJC-M171Q178
5061,LJC05263,LJC05263.jpg,52-63,178,"171, 173",もみがら (籾殻),LJC-M171Q178
5062,LJC05264,LJC05264.jpg,52-64,178,"171, 173",もみがら (籾殻),LJC-M171Q178
5063,LJC05265,LJC05265.jpg,52-65,178,"171, 173",もみがら (籾殻),LJC-M171Q178
5064,LJC05266,LJC05266.jpg,52-66,178,"171, 173",もみがら (籾殻),LJC-M171Q178
5065,LJC05267,LJC05267.jpg,52-67,178,"171, 173",もみがら (籾殻),LJC-M171Q178
5066,LJC05268,LJC05268.jpg,52-68,178,"171, 173",もみがら (籾殻),LJC-M171Q178
5067,LJC05269,LJC05269.jpg,52-69,178,"171, 173",もみがら (籾殻),LJC-M171Q178
5068,LJC05270,LJC05270.jpg,52-70,178,"171, 173",もみがら (籾殻),LJC-M171Q178
5069,LJC05271,LJC05271.jpg,52-71,178,"171, 173",もみがら (籾殻),LJC-M171Q178
5070,LJC05272,LJC05272.jpg,52-72,178,"171, 173",もみがら (籾殻),LJC-M171Q178
5071,LJC05273,LJC05273.jpg,52-73,178,"171, 173",もみがら (籾殻),LJC-M171Q178
5072,LJC05274,LJC05274.jpg,52-74,178,"171, 173",もみがら (籾殻),LJC-M171Q178
5073,LJC05275,LJC05275.jpg,52-75,178,"171, 173",もみがら (籾殻),LJC-M171Q178
5074,LJC05276,LJC05276.jpg,52-76,178,"171, 173",もみがら (籾殻),LJC-M171Q178
5075,LJC05277,LJC05277.jpg,52-77,178,"171, 173",もみがら (籾殻),LJC-M171Q178
5076,LJC05278,LJC05278.jpg,52-78,178,"171, 173",もみがら (籾殻),LJC-M171Q178
5077,LJC05279,LJC05279.jpg,52-79,178,"171, 173",もみがら (籾殻),LJC-M171Q178
5078,LJC05280,LJC05280.jpg,52-80,178,"171, 173",もみがら (籾殻),LJC-M171Q178
5079,LJC05281,LJC05281.jpg,52-81,178,"171, 173",もみがら (籾殻),LJC-M171Q178
5080,LJC05282,LJC05282.jpg,52-82,178,"171, 173",もみがら (籾殻),LJC-M171Q178
5081,LJC05283,LJC05283.jpg,52-83,178,"171, 173",もみがら (籾殻),LJC-M171Q178
5082,LJC05284,LJC05284.jpg,52-84,178,"171, 173",もみがら (籾殻),LJC-M171Q178
5083,LJC05285,LJC05285.jpg,52-85,178,"171, 173",もみがら (籾殻),LJC-M171Q178
5084,LJC05286,LJC05286.jpg,52-86,178,"171, 173",もみがら (籾殻),LJC-M171Q178
5085,LJC05287,LJC05287.jpg,52-87,178,"171, 173",もみがら (籾殻),LJC-M171Q178
5086,LJC05288,LJC05288.jpg,52-88,178,"171, 173",もみがら (籾殻),LJC-M171Q178
5087,LJC05289,LJC05289.jpg,52-89,178,"171, 173",もみがら (籾殻),LJC-M171Q178
5088,LJC05290,LJC05290.jpg,52-90,178,"171, 173",もみがら (籾殻),LJC-M171Q178
5089,LJC05291,LJC05291.jpg,52-91,178,"171, 173",もみがら (籾殻),LJC-M171Q178
5090,LJC05292,LJC05292.jpg,52-92,178,"171, 173",もみがら (籾殻),LJC-M171Q178
5091,LJC05293,LJC05293.jpg,52-93,178,"171, 173",もみがら (籾殻),LJC-M171Q178
5092,LJC05294,LJC05294.jpg,52-94,178,"171, 173",もみがら (籾殻),LJC-M171Q178
5093,LJC05295,LJC05295.jpg,52-95,178,"171, 173",もみがら (籾殻),LJC-M171Q178
5094,LJC05296,LJC05296.jpg,52-96,178,"171, 173",もみがら (籾殻),LJC-M171Q178
5095,LJC05297,LJC05297.jpg,52-97,178,"171, 173",もみがら (籾殻),LJC-M171Q178
5096,LJC05298,LJC05298.jpg,52-98,178,"171, 173",もみがら (籾殻),LJC-M171Q178
5097,LJC05301,LJC05301.jpg,53-01,178,"171, 173",もみがら (籾殻),LJC-M171Q178
5098,LJC05302,LJC05302.jpg,53-02,178,"171, 173",もみがら (籾殻),LJC-M171Q178
5099,LJC05303,LJC05303.jpg,53-03,179,172,ぬか (糠),LJC-M172Q179
5100,LJC05304,LJC05304.jpg,53-04,179,172,ぬか (糠),LJC-M172Q179
5101,LJC05305,LJC05305.jpg,53-05,179,172,ぬか (糠),LJC-M172Q179
5102,LJC05306,LJC05306.jpg,53-06,179,172,ぬか (糠),LJC-M172Q179
5103,LJC05307,LJC05307.jpg,53-07,179,172,ぬか (糠),LJC-M172Q179
5104,LJC05308,LJC05308.jpg,53-08,179,172,ぬか (糠),LJC-M172Q179
5105,LJC05309,LJC05309.jpg,53-09,179,172,ぬか (糠),LJC-M172Q179
5106,LJC05310,LJC05310.jpg,53-10,179,172,ぬか (糠),LJC-M172Q179
5107,LJC05311,LJC05311.jpg,53-11,179,172,ぬか (糠),LJC-M172Q179
5108,LJC05312,LJC05312.jpg,53-12,179,172,ぬか (糠),LJC-M172Q179
5109,LJC05313,LJC05313.jpg,53-13,179,172,ぬか (糠),LJC-M172Q179
5110,LJC05314,LJC05314.jpg,53-14,179,172,ぬか (糠),LJC-M172Q179
5111,LJC05315,LJC05315.jpg,53-15,179,172,ぬか (糠),LJC-M172Q179
5112,LJC05316,LJC05316.jpg,53-16,179,172,ぬか (糠),LJC-M172Q179
5113,LJC05317,LJC05317.jpg,53-17,179,172,ぬか (糠),LJC-M172Q179
5114,LJC05318,LJC05318.jpg,53-18,179,172,ぬか (糠),LJC-M172Q179
5115,LJC05319,LJC05319.jpg,53-19,179,172,ぬか (糠),LJC-M172Q179
5116,LJC05320,LJC05320.jpg,53-20,179,172,ぬか (糠),LJC-M172Q179
5117,LJC05321,LJC05321.jpg,53-21,179,172,ぬか (糠),LJC-M172Q179
5118,LJC05322,LJC05322.jpg,53-22,179,172,ぬか (糠),LJC-M172Q179
5119,LJC05323,LJC05323.jpg,53-23,179,172,ぬか (糠),LJC-M172Q179
5120,LJC05324,LJC05324.jpg,53-24,179,172,ぬか (糠),LJC-M172Q179
5121,LJC05325,LJC05325.jpg,53-25,179,172,ぬか (糠),LJC-M172Q179
5122,LJC05326,LJC05326.jpg,53-26,179,172,ぬか (糠),LJC-M172Q179
5123,LJC05327,LJC05327.jpg,53-27,179,172,ぬか (糠),LJC-M172Q179
5124,LJC05328,LJC05328.jpg,53-28,179,172,ぬか (糠),LJC-M172Q179
5125,LJC05329,LJC05329.jpg,53-29,186,"174, 175",じゃがいも (馬鈴薯),LJC-M174Q186
5126,LJC05330,LJC05330.jpg,53-30,186,"174, 175",じゃがいも (馬鈴薯),LJC-M174Q186
5127,LJC05331,LJC05331.jpg,53-31,186,"174, 175",じゃがいも (馬鈴薯),LJC-M174Q186
5128,LJC05332,LJC05332.jpg,53-32,186,"174, 175",じゃがいも (馬鈴薯),LJC-M174Q186
5129,LJC05333,LJC05333.jpg,53-33,186,"174, 175",じゃがいも (馬鈴薯),LJC-M174Q186
5130,LJC05334,LJC05334.jpg,53-34,186,"174, 175",じゃがいも (馬鈴薯),LJC-M174Q186
5131,LJC05335,LJC05335.jpg,53-35,186,"174, 175",じゃがいも (馬鈴薯),LJC-M174Q186
5132,LJC05336,LJC05336.jpg,53-36,186,"174, 175",じゃがいも (馬鈴薯),LJC-M174Q186
5133,LJC05337,LJC05337.jpg,53-37,186,"174, 175",じゃがいも (馬鈴薯),LJC-M174Q186
5134,LJC05338,LJC05338.jpg,53-38,186,"174, 175",じゃがいも (馬鈴薯),LJC-M174Q186
5135,LJC05339,LJC05339.jpg,53-39,186,"174, 175",じゃがいも (馬鈴薯),LJC-M174Q186
5136,LJC05340,LJC05340.jpg,53-40,186,"174, 175",じゃがいも (馬鈴薯),LJC-M174Q186
5137,LJC05341,LJC05341.jpg,53-41,186,"174, 175",じゃがいも (馬鈴薯),LJC-M174Q186
5138,LJC05342,LJC05342.jpg,53-42,186,"174, 175",じゃがいも (馬鈴薯),LJC-M174Q186
5139,LJC05343,LJC05343.jpg,53-43,186,"174, 175",じゃがいも (馬鈴薯),LJC-M174Q186
5140,LJC05344,LJC05344.jpg,53-44,186,"174, 175",じゃがいも (馬鈴薯),LJC-M174Q186
5141,LJC05345,LJC05345.jpg,53-45,186,"174, 175",じゃがいも (馬鈴薯),LJC-M174Q186
5142,LJC05346,LJC05346.jpg,53-46,186,"174, 175",じゃがいも (馬鈴薯),LJC-M174Q186
5143,LJC05347,LJC05347.jpg,53-47,186,"174, 175",じゃがいも (馬鈴薯),LJC-M174Q186
5144,LJC05348,LJC05348.jpg,53-48,186,"174, 175",じゃがいも (馬鈴薯),LJC-M174Q186
5145,LJC05349,LJC05349.jpg,53-49,186,"174, 175",じゃがいも (馬鈴薯),LJC-M174Q186
5146,LJC05350,LJC05350.jpg,53-50,186,"174, 175",じゃがいも (馬鈴薯),LJC-M174Q186
5147,LJC05351,LJC05351.jpg,53-51,186,"174, 175",じゃがいも (馬鈴薯),LJC-M174Q186
5148,LJC05352,LJC05352.jpg,53-52,186,"174, 175",じゃがいも (馬鈴薯),LJC-M174Q186
5149,LJC05353,LJC05353.jpg,53-53,186,"174, 175",じゃがいも (馬鈴薯),LJC-M174Q186
5150,LJC05354,LJC05354.jpg,53-54,186,"174, 175",じゃがいも (馬鈴薯),LJC-M174Q186
5151,LJC05355,LJC05355.jpg,53-55,186,"174, 175",じゃがいも (馬鈴薯),LJC-M174Q186
5152,LJC05356,LJC05356.jpg,53-56,186,"174, 175",じゃがいも (馬鈴薯),LJC-M174Q186
5153,LJC05357,LJC05357.jpg,53-57,186,"174, 175",じゃがいも (馬鈴薯),LJC-M174Q186
5154,LJC05358,LJC05358.jpg,53-58,186,"174, 175",じゃがいも (馬鈴薯),LJC-M174Q186
5155,LJC05359,LJC05359.jpg,53-59,186,"174, 175",じゃがいも (馬鈴薯),LJC-M174Q186
5156,LJC05360,LJC05360.jpg,53-60,186,"174, 175",じゃがいも (馬鈴薯),LJC-M174Q186
5157,LJC05361,LJC05361.jpg,53-61,186,"174, 175",じゃがいも (馬鈴薯),LJC-M174Q186
5158,LJC05362,LJC05362.jpg,53-62,186,"174, 175",じゃがいも (馬鈴薯),LJC-M174Q186
5159,LJC05363,LJC05363.jpg,53-63,186,"174, 175",じゃがいも (馬鈴薯),LJC-M174Q186
5160,LJC05364,LJC05364.jpg,53-64,186,"174, 175",じゃがいも (馬鈴薯),LJC-M174Q186
5161,LJC05365,LJC05365.jpg,53-65,186,"174, 175",じゃがいも (馬鈴薯),LJC-M174Q186
5162,LJC05366,LJC05366.jpg,53-66,186,"174, 175",じゃがいも (馬鈴薯),LJC-M174Q186
5163,LJC05367,LJC05367.jpg,53-67,186,"174, 175",じゃがいも (馬鈴薯),LJC-M174Q186
5164,LJC05368,LJC05368.jpg,53-68,186,"174, 175",じゃがいも (馬鈴薯),LJC-M174Q186
5165,LJC05369,LJC05369.jpg,53-69,186,"174, 175",じゃがいも (馬鈴薯),LJC-M174Q186
5166,LJC05370,LJC05370.jpg,53-70,186,"174, 175",じゃがいも (馬鈴薯),LJC-M174Q186
5167,LJC05371,LJC05371.jpg,53-71,186,"174, 175",じゃがいも (馬鈴薯),LJC-M174Q186
5168,LJC05372,LJC05372.jpg,53-72,186,"174, 175",じゃがいも (馬鈴薯),LJC-M174Q186
5169,LJC05373,LJC05373.jpg,53-73,186,"174, 175",じゃがいも (馬鈴薯),LJC-M174Q186
5170,LJC05374,LJC05374.jpg,53-74,186,"174, 175",じゃがいも (馬鈴薯),LJC-M174Q186
5171,LJC05375,LJC05375.jpg,53-75,186,"174, 175",じゃがいも (馬鈴薯),LJC-M174Q186
5172,LJC05376,LJC05376.jpg,53-76,186,"174, 175",じゃがいも (馬鈴薯),LJC-M174Q186
5173,LJC05377,LJC05377.jpg,53-77,186,"174, 175",じゃがいも (馬鈴薯),LJC-M174Q186
5174,LJC05378,LJC05378.jpg,53-78,186,"174, 175",じゃがいも (馬鈴薯),LJC-M174Q186
5175,LJC05379,LJC05379.jpg,53-79,186,"174, 175",じゃがいも (馬鈴薯),LJC-M174Q186
5176,LJC05380,LJC05380.jpg,53-80,186,"174, 175",じゃがいも (馬鈴薯),LJC-M174Q186
5177,LJC05381,LJC05381.jpg,53-81,186,"174, 175",じゃがいも (馬鈴薯),LJC-M174Q186
5178,LJC05382,LJC05382.jpg,53-82,186,"174, 175",じゃがいも (馬鈴薯),LJC-M174Q186
5179,LJC05383,LJC05383.jpg,53-83,186,"174, 175",じゃがいも (馬鈴薯),LJC-M174Q186
5180,LJC05384,LJC05384.jpg,53-84,186,"174, 175",じゃがいも (馬鈴薯),LJC-M174Q186
5181,LJC05385,LJC05385.jpg,53-85,186,"174, 175",じゃがいも (馬鈴薯),LJC-M174Q186
5182,LJC05386,LJC05386.jpg,53-86,186,"174, 175",じゃがいも (馬鈴薯),LJC-M174Q186
5183,LJC05387,LJC05387.jpg,53-87,186,"174, 175",じゃがいも (馬鈴薯),LJC-M174Q186
5184,LJC05388,LJC05388.jpg,53-88,186,"174, 175",じゃがいも (馬鈴薯),LJC-M174Q186
5185,LJC05389,LJC05389.jpg,53-89,186,"174, 175",じゃがいも (馬鈴薯),LJC-M174Q186
5186,LJC05390,LJC05390.jpg,53-90,186,"174, 175",じゃがいも (馬鈴薯),LJC-M174Q186
5187,LJC05391,LJC05391.jpg,53-91,186,"174, 175",じゃがいも (馬鈴薯),LJC-M174Q186
5188,LJC05392,LJC05392.jpg,53-92,186,"174, 175",じゃがいも (馬鈴薯),LJC-M174Q186
5189,LJC05393,LJC05393.jpg,53-93,186,"174, 175",じゃがいも (馬鈴薯),LJC-M174Q186
5190,LJC05394,LJC05394.jpg,53-94,186,"174, 175",じゃがいも (馬鈴薯),LJC-M174Q186
5191,LJC05395,LJC05395.jpg,53-95,186,"174, 175",じゃがいも (馬鈴薯),LJC-M174Q186
5192,LJC05396,LJC05396.jpg,53-96,186,"174, 175",じゃがいも (馬鈴薯),LJC-M174Q186
5193,LJC05397,LJC05397.jpg,53-97,186,"174, 175",じゃがいも (馬鈴薯),LJC-M174Q186
5194,LJC05398,LJC05398.jpg,53-98,186,"174, 175",じゃがいも (馬鈴薯),LJC-M174Q186
5195,LJC05401,LJC05401.jpg,54-01,186,"174, 175",じゃがいも (馬鈴薯),LJC-M174Q186
5196,LJC05402,LJC05402.jpg,54-02,186,"174, 175",じゃがいも (馬鈴薯),LJC-M174Q186
5197,LJC05403,LJC05403.jpg,54-03,186,"174, 175",じゃがいも (馬鈴薯),LJC-M174Q186
5198,LJC05404,LJC05404.jpg,54-04,186,"174, 175",じゃがいも (馬鈴薯),LJC-M174Q186
5199,LJC05405,LJC05405.jpg,54-05,186,"174, 175",じゃがいも (馬鈴薯),LJC-M174Q186
5200,LJC05406,LJC05406.jpg,54-06,186,"174, 175",じゃがいも (馬鈴薯),LJC-M174Q186
5201,LJC05407,LJC05407.jpg,54-07,186,"174, 175",じゃがいも (馬鈴薯),LJC-M174Q186
5202,LJC05408,LJC05408.jpg,54-08,186,"174, 175",じゃがいも (馬鈴薯),LJC-M174Q186
5203,LJC05409,LJC05409.jpg,54-09,186,"174, 175",じゃがいも (馬鈴薯),LJC-M174Q186
5204,LJC05410,LJC05410.jpg,54-10,186,"174, 175",じゃがいも (馬鈴薯),LJC-M174Q186
5205,LJC05411,LJC05411.jpg,54-11,186,"174, 175",じゃがいも (馬鈴薯),LJC-M174Q186
5206,LJC05412,LJC05412.jpg,54-12,186,"174, 175",じゃがいも (馬鈴薯),LJC-M174Q186
5207,LJC05413,LJC05413.jpg,54-13,186,"174, 175",じゃがいも (馬鈴薯),LJC-M174Q186
5208,LJC05414,LJC05414.jpg,54-14,186,"174, 175",じゃがいも (馬鈴薯),LJC-M174Q186
5209,LJC05415,LJC05415.jpg,54-15,186,"174, 175",じゃがいも (馬鈴薯),LJC-M174Q186
5210,LJC05416,LJC05416.jpg,54-16,186,"174, 175",じゃがいも (馬鈴薯),LJC-M174Q186
5211,LJC05417,LJC05417.jpg,54-17,186,"174, 175",じゃがいも (馬鈴薯),LJC-M174Q186
5212,LJC05418,LJC05418.jpg,54-18,186,"174, 175",じゃがいも (馬鈴薯),LJC-M174Q186
5213,LJC05419,LJC05419.jpg,54-19,186,"174, 175",じゃがいも (馬鈴薯),LJC-M174Q186
5214,LJC05420,LJC05420.jpg,54-20,186,"174, 175",じゃがいも (馬鈴薯),LJC-M174Q186
5215,LJC05421,LJC05421.jpg,54-21,186,"174, 175",じゃがいも (馬鈴薯),LJC-M174Q186
5216,LJC05422,LJC05422.jpg,54-22,186,"174, 175",じゃがいも (馬鈴薯),LJC-M174Q186
5217,LJC05423,LJC05423.jpg,54-23,186,"174, 175",じゃがいも (馬鈴薯),LJC-M174Q186
5218,LJC05424,LJC05424.jpg,54-24,186,"174, 175",じゃがいも (馬鈴薯),LJC-M174Q186
5219,LJC05425,LJC05425.jpg,54-25,186,"174, 175",じゃがいも (馬鈴薯),LJC-M174Q186
5220,LJC05426,LJC05426.jpg,54-26,186,"174, 175",じゃがいも (馬鈴薯),LJC-M174Q186
5221,LJC05427,LJC05427.jpg,54-27,186,"174, 175",じゃがいも (馬鈴薯),LJC-M174Q186
5222,LJC05428,LJC05428.jpg,54-28,186,"174, 175",じゃがいも (馬鈴薯),LJC-M174Q186
5223,LJC05429,LJC05429.jpg,54-29,186,"174, 175",じゃがいも (馬鈴薯),LJC-M174Q186
5224,LJC05430,LJC05430.jpg,54-30,186,"174, 175",じゃがいも (馬鈴薯),LJC-M174Q186
5225,LJC05431,LJC05431.jpg,54-31,186,"174, 175",じゃがいも (馬鈴薯),LJC-M174Q186
5226,LJC05432,LJC05432.jpg,54-32,186,"174, 175",じゃがいも (馬鈴薯),LJC-M174Q186
5227,LJC05433,LJC05433.jpg,54-33,186,"174, 175",じゃがいも (馬鈴薯),LJC-M174Q186
5228,LJC05434,LJC05434.jpg,54-34,186,"174, 175",じゃがいも (馬鈴薯),LJC-M174Q186
5229,LJC05435,LJC05435.jpg,54-35,186,"174, 175",じゃがいも (馬鈴薯),LJC-M174Q186
5230,LJC05436,LJC05436.jpg,54-36,186,"174, 175",じゃがいも (馬鈴薯),LJC-M174Q186
5231,LJC05437,LJC05437.jpg,54-37,186,"174, 175",じゃがいも (馬鈴薯),LJC-M174Q186
5232,LJC05438,LJC05438.jpg,54-38,186,"174, 175",じゃがいも (馬鈴薯),LJC-M174Q186
5233,LJC05439,LJC05439.jpg,54-39,186,"174, 175",じゃがいも (馬鈴薯),LJC-M174Q186
5234,LJC05440,LJC05440.jpg,54-40,186,"174, 175",じゃがいも (馬鈴薯),LJC-M174Q186
5235,LJC05441,LJC05441.jpg,54-41,186,"174, 175",じゃがいも (馬鈴薯),LJC-M174Q186
5236,LJC05442,LJC05442.jpg,54-42,186,"174, 175",じゃがいも (馬鈴薯),LJC-M174Q186
5237,LJC05443,LJC05443.jpg,54-43,186,"174, 175",じゃがいも (馬鈴薯),LJC-M174Q186
5238,LJC05444,LJC05444.jpg,54-44,186,"174, 175",じゃがいも (馬鈴薯),LJC-M174Q186
5239,LJC05445,LJC05445.jpg,54-45,186,"174, 175",じゃがいも (馬鈴薯),LJC-M174Q186
5240,LJC05446,LJC05446.jpg,54-46,188,176,さつまいも (甘藷),LJC-M176Q188
5241,LJC05447,LJC05447.jpg,54-47,188,176,さつまいも (甘藷),LJC-M176Q188
5242,LJC05448,LJC05448.jpg,54-48,188,176,さつまいも (甘藷),LJC-M176Q188
5243,LJC05449,LJC05449.jpg,54-49,188,176,さつまいも (甘藷),LJC-M176Q188
5244,LJC05450,LJC05450.jpg,54-50,188,176,さつまいも (甘藷),LJC-M176Q188
5245,LJC05451,LJC05451.jpg,54-51,188,176,さつまいも (甘藷),LJC-M176Q188
5246,LJC05452,LJC05452.jpg,54-52,188,176,さつまいも (甘藷),LJC-M176Q188
5247,LJC05453,LJC05453.jpg,54-53,188,176,さつまいも (甘藷),LJC-M176Q188
5248,LJC05454,LJC05454.jpg,54-54,188,176,さつまいも (甘藷),LJC-M176Q188
5249,LJC05455,LJC05455.jpg,54-55,188,176,さつまいも (甘藷),LJC-M176Q188
5250,LJC05456,LJC05456.jpg,54-56,188,176,さつまいも (甘藷),LJC-M176Q188
5251,LJC05457,LJC05457.jpg,54-57,188,176,さつまいも (甘藷),LJC-M176Q188
5252,LJC05458,LJC05458.jpg,54-58,188,176,さつまいも (甘藷),LJC-M176Q188
5253,LJC05459,LJC05459.jpg,54-59,188,176,さつまいも (甘藷),LJC-M176Q188
5254,LJC05460,LJC05460.jpg,54-60,188,176,さつまいも (甘藷),LJC-M176Q188
5255,LJC05461,LJC05461.jpg,54-61,188,176,さつまいも (甘藷),LJC-M176Q188
5256,LJC05462,LJC05462.jpg,54-62,188,176,さつまいも (甘藷),LJC-M176Q188
5257,LJC05463,LJC05463.jpg,54-63,188,176,さつまいも (甘藷),LJC-M176Q188
5258,LJC05464,LJC05464.jpg,54-64,188,176,さつまいも (甘藷),LJC-M176Q188
5259,LJC05465,LJC05465.jpg,54-65,188,176,さつまいも (甘藷),LJC-M176Q188
5260,LJC05466,LJC05466.jpg,54-66,188,176,さつまいも (甘藷),LJC-M176Q188
5261,LJC05467,LJC05467.jpg,54-67,188,176,さつまいも (甘藷),LJC-M176Q188
5262,LJC05468,LJC05468.jpg,54-68,188,176,さつまいも (甘藷),LJC-M176Q188
5263,LJC05469,LJC05469.jpg,54-69,188,176,さつまいも (甘藷),LJC-M176Q188
5264,LJC05470,LJC05470.jpg,54-70,188,176,さつまいも (甘藷),LJC-M176Q188
5265,LJC05471,LJC05471.jpg,54-71,188,176,さつまいも (甘藷),LJC-M176Q188
5266,LJC05472,LJC05472.jpg,54-72,188,176,さつまいも (甘藷),LJC-M176Q188
5267,LJC05473,LJC05473.jpg,54-73,188,176,さつまいも (甘藷),LJC-M176Q188
5268,LJC05474,LJC05474.jpg,54-74,188,176,さつまいも (甘藷),LJC-M176Q188
5269,LJC05475,LJC05475.jpg,54-75,188,176,さつまいも (甘藷),LJC-M176Q188
5270,LJC05476,LJC05476.jpg,54-76,188,176,さつまいも (甘藷),LJC-M176Q188
5271,LJC05477,LJC05477.jpg,54-77,187,177,さといも (里芋),LJC-M177Q187
5272,LJC05478,LJC05478.jpg,54-78,187,177,さといも (里芋),LJC-M177Q187
5273,LJC05479,LJC05479.jpg,54-79,187,177,さといも (里芋),LJC-M177Q187
5274,LJC05480,LJC05480.jpg,54-80,187,177,さといも (里芋),LJC-M177Q187
5275,LJC05481,LJC05481.jpg,54-81,187,177,さといも (里芋),LJC-M177Q187
5276,LJC05482,LJC05482.jpg,54-82,187,177,さといも (里芋),LJC-M177Q187
5277,LJC05483,LJC05483.jpg,54-83,187,177,さといも (里芋),LJC-M177Q187
5278,LJC05484,LJC05484.jpg,54-84,187,177,さといも (里芋),LJC-M177Q187
5279,LJC05485,LJC05485.jpg,54-85,187,177,さといも (里芋),LJC-M177Q187
5280,LJC05486,LJC05486.jpg,54-86,187,177,さといも (里芋),LJC-M177Q187
5281,LJC05487,LJC05487.jpg,54-87,187,177,さといも (里芋),LJC-M177Q187
5282,LJC05488,LJC05488.jpg,54-88,187,177,さといも (里芋),LJC-M177Q187
5283,LJC05489,LJC05489.jpg,54-89,187,177,さといも (里芋),LJC-M177Q187
5284,LJC05490,LJC05490.jpg,54-90,187,177,さといも (里芋),LJC-M177Q187
5285,LJC05491,LJC05491.jpg,54-91,187,177,さといも (里芋),LJC-M177Q187
5286,LJC05492,LJC05492.jpg,54-92,187,177,さといも (里芋),LJC-M177Q187
5287,LJC05493,LJC05493.jpg,54-93,187,177,さといも (里芋),LJC-M177Q187
5288,LJC05494,LJC05494.jpg,54-94,187,177,さといも (里芋),LJC-M177Q187
5289,LJC05495,LJC05495.jpg,54-95,187,177,さといも (里芋),LJC-M177Q187
5290,LJC05496,LJC05496.jpg,54-96,187,177,さといも (里芋),LJC-M177Q187
5291,LJC05497,LJC05497.jpg,54-97,187,177,さといも (里芋),LJC-M177Q187
5292,LJC05498,LJC05498.jpg,54-98,187,177,さといも (里芋),LJC-M177Q187
5293,LJC05501,LJC05501.jpg,55-01,187,177,さといも (里芋),LJC-M177Q187
5294,LJC05502,LJC05502.jpg,55-02,187,177,さといも (里芋),LJC-M177Q187
5295,LJC05503,LJC05503.jpg,55-03,187,177,さといも (里芋),LJC-M177Q187
5296,LJC05504,LJC05504.jpg,55-04,187,177,さといも (里芋),LJC-M177Q187
5297,LJC05505,LJC05505.jpg,55-05,187,177,さといも (里芋),LJC-M177Q187
5298,LJC05506,LJC05506.jpg,55-06,187,177,さといも (里芋),LJC-M177Q187
5299,LJC05507,LJC05507.jpg,55-07,187,177,さといも (里芋),LJC-M177Q187
5300,LJC05508,LJC05508.jpg,55-08,187,177,さといも (里芋),LJC-M177Q187
5301,LJC05509,LJC05509.jpg,55-09,187,177,さといも (里芋),LJC-M177Q187
5302,LJC05510,LJC05510.jpg,55-10,187,177,さといも (里芋),LJC-M177Q187
5303,LJC05511,LJC05511.jpg,55-11,187,177,さといも (里芋),LJC-M177Q187
5304,LJC05512,LJC05512.jpg,55-12,187,177,さといも (里芋),LJC-M177Q187
5305,LJC05513,LJC05513.jpg,55-13,187,177,さといも (里芋),LJC-M177Q187
5306,LJC05514,LJC05514.jpg,55-14,187,177,さといも (里芋),LJC-M177Q187
5307,LJC05515,LJC05515.jpg,55-15,187,177,さといも (里芋),LJC-M177Q187
5308,LJC05516,LJC05516.jpg,55-16,187,177,さといも (里芋),LJC-M177Q187
5309,LJC05517,LJC05517.jpg,55-17,187,177,さといも (里芋),LJC-M177Q187
5310,LJC05518,LJC05518.jpg,55-18,187,177,さといも (里芋),LJC-M177Q187
5311,LJC05519,LJC05519.jpg,55-19,187,177,さといも (里芋),LJC-M177Q187
5312,LJC05520,LJC05520.jpg,55-20,187,177,さといも (里芋),LJC-M177Q187
5313,LJC05521,LJC05521.jpg,55-21,187,177,さといも (里芋),LJC-M177Q187
5314,LJC05522,LJC05522.jpg,55-22,187,177,さといも (里芋),LJC-M177Q187
5315,LJC05523,LJC05523.jpg,55-23,187,177,さといも (里芋),LJC-M177Q187
5316,LJC05524,LJC05524.jpg,55-24,187,177,さといも (里芋),LJC-M177Q187
5317,LJC05525,LJC05525.jpg,55-25,187,177,さといも (里芋),LJC-M177Q187
5318,LJC05526,LJC05526.jpg,55-26,187,177,さといも (里芋),LJC-M177Q187
5319,LJC05527,LJC05527.jpg,55-27,187,177,さといも (里芋),LJC-M177Q187
5320,LJC05528,LJC05528.jpg,55-28,187,177,さといも (里芋),LJC-M177Q187
5321,LJC05529,LJC05529.jpg,55-29,187,177,さといも (里芋),LJC-M177Q187
5322,LJC05530,LJC05530.jpg,55-30,187,177,さといも (里芋),LJC-M177Q187
5323,LJC05531,LJC05531.jpg,55-31,187,177,さといも (里芋),LJC-M177Q187
5324,LJC05532,LJC05532.jpg,55-32,187,177,さといも (里芋),LJC-M177Q187
5325,LJC05533,LJC05533.jpg,55-33,187,177,さといも (里芋),LJC-M177Q187
5326,LJC05534,LJC05534.jpg,55-34,187,177,さといも (里芋),LJC-M177Q187
5327,LJC05535,LJC05535.jpg,55-35,187,177,さといも (里芋),LJC-M177Q187
5328,LJC05536,LJC05536.jpg,55-36,187,177,さといも (里芋),LJC-M177Q187
5329,LJC05537,LJC05537.jpg,55-37,187,177,さといも (里芋),LJC-M177Q187
5330,LJC05538,LJC05538.jpg,55-38,187,177,さといも (里芋),LJC-M177Q187
5331,LJC05539,LJC05539.jpg,55-39,187,177,さといも (里芋),LJC-M177Q187
5332,LJC05540,LJC05540.jpg,55-40,187,177,さといも (里芋),LJC-M177Q187
5333,LJC05541,LJC05541.jpg,55-41,187,177,さといも (里芋),LJC-M177Q187
5334,LJC05542,LJC05542.jpg,55-42,187,177,さといも (里芋),LJC-M177Q187
5335,LJC05543,LJC05543.jpg,55-43,187,177,さといも (里芋),LJC-M177Q187
5336,LJC05544,LJC05544.jpg,55-44,187,177,さといも (里芋),LJC-M177Q187
5337,LJC05545,LJC05545.jpg,55-45,187,177,さといも (里芋),LJC-M177Q187
5338,LJC05546,LJC05546.jpg,55-46,187,177,さといも (里芋),LJC-M177Q187
5339,LJC05547,LJC05547.jpg,55-47,187,177,さといも (里芋),LJC-M177Q187
5340,LJC05548,LJC05548.jpg,55-48,187,177,さといも (里芋),LJC-M177Q187
5341,LJC05549,LJC05549.jpg,55-49,187,177,さといも (里芋),LJC-M177Q187
5342,LJC05550,LJC05550.jpg,55-50,187,177,さといも (里芋),LJC-M177Q187
5343,LJC05551,LJC05551.jpg,55-51,187,177,さといも (里芋),LJC-M177Q187
5344,LJC05552,LJC05552.jpg,55-52,187,177,さといも (里芋),LJC-M177Q187
5345,LJC05553,LJC05553.jpg,55-53,187,177,さといも (里芋),LJC-M177Q187
5346,LJC05554,LJC05554.jpg,55-54,187,177,さといも (里芋),LJC-M177Q187
5347,LJC05555,LJC05555.jpg,55-55,187,177,さといも (里芋),LJC-M177Q187
5348,LJC05556,LJC05556.jpg,55-56,187,177,さといも (里芋),LJC-M177Q187
5349,LJC05557,LJC05557.jpg,55-57,187,177,さといも (里芋),LJC-M177Q187
5350,LJC05558,LJC05558.jpg,55-58,187,177,さといも (里芋),LJC-M177Q187
5351,LJC05559,LJC05559.jpg,55-59,187,177,さといも (里芋),LJC-M177Q187
5352,LJC05560,LJC05560.jpg,55-60,187,177,さといも (里芋),LJC-M177Q187
5353,LJC05561,LJC05561.jpg,55-61,187,177,さといも (里芋),LJC-M177Q187
5354,LJC05562,LJC05562.jpg,55-62,187,177,さといも (里芋),LJC-M177Q187
5355,LJC05563,LJC05563.jpg,55-63,187,177,さといも (里芋),LJC-M177Q187
5356,LJC05564,LJC05564.jpg,55-64,187,177,さといも (里芋),LJC-M177Q187
5357,LJC05565,LJC05565.jpg,55-65,189,179,イモの意味,LJC-M179Q189
5358,LJC05566,LJC05566.jpg,55-66,189,179,イモの意味,LJC-M179Q189
5359,LJC05567,LJC05567.jpg,55-67,189,179,イモの意味,LJC-M179Q189
5360,LJC05568,LJC05568.jpg,55-68,189,179,イモの意味,LJC-M179Q189
5361,LJC05569,LJC05569.jpg,55-69,189,179,イモの意味,LJC-M179Q189
5362,LJC05570,LJC05570.jpg,55-70,189,179,イモの意味,LJC-M179Q189
5363,LJC05571,LJC05571.jpg,55-71,189,179,イモの意味,LJC-M179Q189
5364,LJC05572,LJC05572.jpg,55-72,189,179,イモの意味,LJC-M179Q189
5365,LJC05573,LJC05573.jpg,55-73,189,179,イモの意味,LJC-M179Q189
5366,LJC05574,LJC05574.jpg,55-74,189,179,イモの意味,LJC-M179Q189
5367,LJC05575,LJC05575.jpg,55-75,189,179,イモの意味,LJC-M179Q189
5368,LJC05576,LJC05576.jpg,55-76,189,179,イモの意味,LJC-M179Q189
5369,LJC05577,LJC05577.jpg,55-77,189,179,イモの意味,LJC-M179Q189
5370,LJC05578,LJC05578.jpg,55-78,189,179,イモの意味,LJC-M179Q189
5371,LJC05579,LJC05579.jpg,55-79,189,179,イモの意味,LJC-M179Q189
5372,LJC05580,LJC05580.jpg,55-80,189,179,イモの意味,LJC-M179Q189
5373,LJC05581,LJC05581.jpg,55-81,189,179,イモの意味,LJC-M179Q189
5374,LJC05582,LJC05582.jpg,55-82,189,179,イモの意味,LJC-M179Q189
5375,LJC05583,LJC05583.jpg,55-83,189,179,イモの意味,LJC-M179Q189
5376,LJC05584,LJC05584.jpg,55-84,189,179,イモの意味,LJC-M179Q189
5377,LJC05585,LJC05585.jpg,55-85,189,179,イモの意味,LJC-M179Q189
5378,LJC05586,LJC05586.jpg,55-86,189,179,イモの意味,LJC-M179Q189
5379,LJC05587,LJC05587.jpg,55-87,189,179,イモの意味,LJC-M179Q189
5380,LJC05588,LJC05588.jpg,55-88,189,179,イモの意味,LJC-M179Q189
5381,LJC05589,LJC05589.jpg,55-89,189,179,イモの意味,LJC-M179Q189
5382,LJC05590,LJC05590.jpg,55-90,189,179,イモの意味,LJC-M179Q189
5383,LJC05591,LJC05591.jpg,55-91,189,179,イモの意味,LJC-M179Q189
5384,LJC05592,LJC05592.jpg,55-92,189,179,イモの意味,LJC-M179Q189
5385,LJC05593,LJC05593.jpg,55-93,189,179,イモの意味,LJC-M179Q189
5386,LJC05594,LJC05594.jpg,55-94,189,179,イモの意味,LJC-M179Q189
5387,LJC05595,LJC05595.jpg,55-95,189,179,イモの意味,LJC-M179Q189
5388,LJC05596,LJC05596.jpg,55-96,189,179,イモの意味,LJC-M179Q189
5389,LJC05597,LJC05597.jpg,55-97,189,179,イモの意味,LJC-M179Q189
5390,LJC05598,LJC05598.jpg,55-98,189,179,イモの意味,LJC-M179Q189
5391,LJC05601,LJC05601.jpg,56-01,189,179,イモの意味,LJC-M179Q189
5392,LJC05602,LJC05602.jpg,56-02,189,179,イモの意味,LJC-M179Q189
5393,LJC05603,LJC05603.jpg,56-03,189,179,イモの意味,LJC-M179Q189
5394,LJC05604,LJC05604.jpg,56-04,189,179,イモの意味,LJC-M179Q189
5395,LJC05605,LJC05605.jpg,56-05,189,179,イモの意味,LJC-M179Q189
5396,LJC05606,LJC05606.jpg,56-06,189,179,イモの意味,LJC-M179Q189
5397,LJC05607,LJC05607.jpg,56-07,189,179,イモの意味,LJC-M179Q189
5398,LJC05608,LJC05608.jpg,56-08,189,179,イモの意味,LJC-M179Q189
5399,LJC05609,LJC05609.jpg,56-09,189,179,イモの意味,LJC-M179Q189
5400,LJC05610,LJC05610.jpg,56-10,189,179,イモの意味,LJC-M179Q189
5401,LJC05611,LJC05611.jpg,56-11,189,179,イモの意味,LJC-M179Q189
5402,LJC05612,LJC05612.jpg,56-12,189,179,イモの意味,LJC-M179Q189
5403,LJC05613,LJC05613.jpg,56-13,189,179,イモの意味,LJC-M179Q189
5404,LJC05614,LJC05614.jpg,56-14,189,179,イモの意味,LJC-M179Q189
5405,LJC05615,LJC05615.jpg,56-15,189,179,イモの意味,LJC-M179Q189
5406,LJC05616,LJC05616.jpg,56-16,189,179,イモの意味,LJC-M179Q189
5407,LJC05617,LJC05617.jpg,56-17,189,179,イモの意味,LJC-M179Q189
5408,LJC05618,LJC05618.jpg,56-18,189,179,イモの意味,LJC-M179Q189
5409,LJC05619,LJC05619.jpg,56-19,189,179,イモの意味,LJC-M179Q189
5410,LJC05620,LJC05620.jpg,56-20,189,179,イモの意味,LJC-M179Q189
5411,LJC05621,LJC05621.jpg,56-21,189,179,イモの意味,LJC-M179Q189
5412,LJC05622,LJC05622.jpg,56-22,189,179,イモの意味,LJC-M179Q189
5413,LJC05623,LJC05623.jpg,56-23,189,179,イモの意味,LJC-M179Q189
5414,LJC05624,LJC05624.jpg,56-24,189,179,イモの意味,LJC-M179Q189
5415,LJC05625,LJC05625.jpg,56-25,189,179,イモの意味,LJC-M179Q189
5416,LJC05626,LJC05626.jpg,56-26,189,179,イモの意味,LJC-M179Q189
5417,LJC05627,LJC05627.jpg,56-27,189,179,イモの意味,LJC-M179Q189
5418,LJC05628,LJC05628.jpg,56-28,189,179,イモの意味,LJC-M179Q189
5419,LJC05629,LJC05629.jpg,56-29,189,179,イモの意味,LJC-M179Q189
5420,LJC05630,LJC05630.jpg,56-30,191,180,かぼちゃ (南瓜),LJC-M180Q191
5421,LJC05631,LJC05631.jpg,56-31,191,180,かぼちゃ (南瓜),LJC-M180Q191
5422,LJC05632,LJC05632.jpg,56-32,191,180,かぼちゃ (南瓜),LJC-M180Q191
5423,LJC05633,LJC05633.jpg,56-33,191,180,かぼちゃ (南瓜),LJC-M180Q191
5424,LJC05634,LJC05634.jpg,56-34,191,180,かぼちゃ (南瓜),LJC-M180Q191
5425,LJC05635,LJC05635.jpg,56-35,191,180,かぼちゃ (南瓜),LJC-M180Q191
5426,LJC05636,LJC05636.jpg,56-36,191,180,かぼちゃ (南瓜),LJC-M180Q191
5427,LJC05637,LJC05637.jpg,56-37,191,180,かぼちゃ (南瓜),LJC-M180Q191
5428,LJC05638,LJC05638.jpg,56-38,191,180,かぼちゃ (南瓜),LJC-M180Q191
5429,LJC05639,LJC05639.jpg,56-39,191,180,かぼちゃ (南瓜),LJC-M180Q191
5430,LJC05640,LJC05640.jpg,56-40,191,180,かぼちゃ (南瓜),LJC-M180Q191
5431,LJC05641,LJC05641.jpg,56-41,191,180,かぼちゃ (南瓜),LJC-M180Q191
5432,LJC05642,LJC05642.jpg,56-42,191,180,かぼちゃ (南瓜),LJC-M180Q191
5433,LJC05643,LJC05643.jpg,56-43,191,180,かぼちゃ (南瓜),LJC-M180Q191
5434,LJC05644,LJC05644.jpg,56-44,191,180,かぼちゃ (南瓜),LJC-M180Q191
5435,LJC05645,LJC05645.jpg,56-45,191,180,かぼちゃ (南瓜),LJC-M180Q191
5436,LJC05646,LJC05646.jpg,56-46,191,180,かぼちゃ (南瓜),LJC-M180Q191
5437,LJC05647,LJC05647.jpg,56-47,191,180,かぼちゃ (南瓜),LJC-M180Q191
5438,LJC05648,LJC05648.jpg,56-48,191,180,かぼちゃ (南瓜),LJC-M180Q191
5439,LJC05649,LJC05649.jpg,56-49,191,180,かぼちゃ (南瓜),LJC-M180Q191
5440,LJC05650,LJC05650.jpg,56-50,191,180,かぼちゃ (南瓜),LJC-M180Q191
5441,LJC05651,LJC05651.jpg,56-51,191,180,かぼちゃ (南瓜),LJC-M180Q191
5442,LJC05652,LJC05652.jpg,56-52,191,180,かぼちゃ (南瓜),LJC-M180Q191
5443,LJC05653,LJC05653.jpg,56-53,191,180,かぼちゃ (南瓜),LJC-M180Q191
5444,LJC05654,LJC05654.jpg,56-54,191,180,かぼちゃ (南瓜),LJC-M180Q191
5445,LJC05655,LJC05655.jpg,56-55,191,180,かぼちゃ (南瓜),LJC-M180Q191
5446,LJC05656,LJC05656.jpg,56-56,191,180,かぼちゃ (南瓜),LJC-M180Q191
5447,LJC05657,LJC05657.jpg,56-57,191,180,かぼちゃ (南瓜),LJC-M180Q191
5448,LJC05658,LJC05658.jpg,56-58,191,180,かぼちゃ (南瓜),LJC-M180Q191
5449,LJC05659,LJC05659.jpg,56-59,191,180,かぼちゃ (南瓜),LJC-M180Q191
5450,LJC05660,LJC05660.jpg,56-60,191,180,かぼちゃ (南瓜),LJC-M180Q191
5451,LJC05661,LJC05661.jpg,56-61,191,180,かぼちゃ (南瓜),LJC-M180Q191
5452,LJC05662,LJC05662.jpg,56-62,191,180,かぼちゃ (南瓜),LJC-M180Q191
5453,LJC05663,LJC05663.jpg,56-63,191,180,かぼちゃ (南瓜),LJC-M180Q191
5454,LJC05664,LJC05664.jpg,56-64,191,180,かぼちゃ (南瓜),LJC-M180Q191
5455,LJC05665,LJC05665.jpg,56-65,191,180,かぼちゃ (南瓜),LJC-M180Q191
5456,LJC05666,LJC05666.jpg,56-66,191,180,かぼちゃ (南瓜),LJC-M180Q191
5457,LJC05667,LJC05667.jpg,56-67,191,180,かぼちゃ (南瓜),LJC-M180Q191
5458,LJC05668,LJC05668.jpg,56-68,191,180,かぼちゃ (南瓜),LJC-M180Q191
5459,LJC05669,LJC05669.jpg,56-69,191,180,かぼちゃ (南瓜),LJC-M180Q191
5460,LJC05670,LJC05670.jpg,56-70,191,180,かぼちゃ (南瓜),LJC-M180Q191
5461,LJC05671,LJC05671.jpg,56-71,191,180,かぼちゃ (南瓜),LJC-M180Q191
5462,LJC05672,LJC05672.jpg,56-72,191,180,かぼちゃ (南瓜),LJC-M180Q191
5463,LJC05673,LJC05673.jpg,56-73,191,180,かぼちゃ (南瓜),LJC-M180Q191
5464,LJC05674,LJC05674.jpg,56-74,191,180,かぼちゃ (南瓜),LJC-M180Q191
5465,LJC05675,LJC05675.jpg,56-75,191,180,かぼちゃ (南瓜),LJC-M180Q191
5466,LJC05676,LJC05676.jpg,56-76,191,180,かぼちゃ (南瓜),LJC-M180Q191
5467,LJC05677,LJC05677.jpg,56-77,191,180,かぼちゃ (南瓜),LJC-M180Q191
5468,LJC05678,LJC05678.jpg,56-78,191,180,かぼちゃ (南瓜),LJC-M180Q191
5469,LJC05679,LJC05679.jpg,56-79,191,180,かぼちゃ (南瓜),LJC-M180Q191
5470,LJC05680,LJC05680.jpg,56-80,191,180,かぼちゃ (南瓜),LJC-M180Q191
5471,LJC05681,LJC05681.jpg,56-81,191,180,かぼちゃ (南瓜),LJC-M180Q191
5472,LJC05682,LJC05682.jpg,56-82,191,180,かぼちゃ (南瓜),LJC-M180Q191
5473,LJC05683,LJC05683.jpg,56-83,191,180,かぼちゃ (南瓜),LJC-M180Q191
5474,LJC05684,LJC05684.jpg,56-84,191,180,かぼちゃ (南瓜),LJC-M180Q191
5475,LJC05685,LJC05685.jpg,56-85,191,180,かぼちゃ (南瓜),LJC-M180Q191
5476,LJC05686,LJC05686.jpg,56-86,191,180,かぼちゃ (南瓜),LJC-M180Q191
5477,LJC05687,LJC05687.jpg,56-87,191,180,かぼちゃ (南瓜),LJC-M180Q191
5478,LJC05688,LJC05688.jpg,56-88,191,180,かぼちゃ (南瓜),LJC-M180Q191
5479,LJC05689,LJC05689.jpg,56-89,191,180,かぼちゃ (南瓜),LJC-M180Q191
5480,LJC05690,LJC05690.jpg,56-90,191,180,かぼちゃ (南瓜),LJC-M180Q191
5481,LJC05691,LJC05691.jpg,56-91,191,180,かぼちゃ (南瓜),LJC-M180Q191
5482,LJC05692,LJC05692.jpg,56-92,191,180,かぼちゃ (南瓜),LJC-M180Q191
5483,LJC05693,LJC05693.jpg,56-93,191,180,かぼちゃ (南瓜),LJC-M180Q191
5484,LJC05694,LJC05694.jpg,56-94,191,180,かぼちゃ (南瓜),LJC-M180Q191
5485,LJC05695,LJC05695.jpg,56-95,191,180,かぼちゃ (南瓜),LJC-M180Q191
5486,LJC05696,LJC05696.jpg,56-96,191,180,かぼちゃ (南瓜),LJC-M180Q191
5487,LJC05697,LJC05697.jpg,56-97,191,180,かぼちゃ (南瓜),LJC-M180Q191
5488,LJC05698,LJC05698.jpg,56-98,191,180,かぼちゃ (南瓜),LJC-M180Q191
5489,LJC05701,LJC05701.jpg,57-01,191,180,かぼちゃ (南瓜),LJC-M180Q191
5490,LJC05702,LJC05702.jpg,57-02,191,180,かぼちゃ (南瓜),LJC-M180Q191
5491,LJC05703,LJC05703.jpg,57-03,191,180,かぼちゃ (南瓜),LJC-M180Q191
5492,LJC05704,LJC05704.jpg,57-04,191,180,かぼちゃ (南瓜),LJC-M180Q191
5493,LJC05705,LJC05705.jpg,57-05,191,180,かぼちゃ (南瓜),LJC-M180Q191
5494,LJC05706,LJC05706.jpg,57-06,282,181,なす (茄子),LJC-M181Q282
5495,LJC05707,LJC05707.jpg,57-07,282,181,なす (茄子),LJC-M181Q282
5496,LJC05708,LJC05708.jpg,57-08,282,181,なす (茄子),LJC-M181Q282
5497,LJC05709,LJC05709.jpg,57-09,282,181,なす (茄子),LJC-M181Q282
5498,LJC05710,LJC05710.jpg,57-10,282,181,なす (茄子),LJC-M181Q282
5499,LJC05711,LJC05711.jpg,57-11,282,181,なす (茄子),LJC-M181Q282
5500,LJC05712,LJC05712.jpg,57-12,282,181,なす (茄子),LJC-M181Q282
5501,LJC05713,LJC05713.jpg,57-13,282,181,なす (茄子),LJC-M181Q282
5502,LJC05714,LJC05714.jpg,57-14,190,182,とうもろこし (玉蜀黍),LJC-M182Q190
5503,LJC05715,LJC05715.jpg,57-15,190,182,とうもろこし (玉蜀黍),LJC-M182Q190
5504,LJC05716,LJC05716.jpg,57-16,190,182,とうもろこし (玉蜀黍),LJC-M182Q190
5505,LJC05717,LJC05717.jpg,57-17,190,182,とうもろこし (玉蜀黍),LJC-M182Q190
5506,LJC05718,LJC05718.jpg,57-18,190,182,とうもろこし (玉蜀黍),LJC-M182Q190
5507,LJC05719,LJC05719.jpg,57-19,190,182,とうもろこし (玉蜀黍),LJC-M182Q190
5508,LJC05720,LJC05720.jpg,57-20,190,182,とうもろこし (玉蜀黍),LJC-M182Q190
5509,LJC05721,LJC05721.jpg,57-21,190,182,とうもろこし (玉蜀黍),LJC-M182Q190
5510,LJC05722,LJC05722.jpg,57-22,190,182,とうもろこし (玉蜀黍),LJC-M182Q190
5511,LJC05723,LJC05723.jpg,57-23,190,182,とうもろこし (玉蜀黍),LJC-M182Q190
5512,LJC05724,LJC05724.jpg,57-24,190,182,とうもろこし (玉蜀黍),LJC-M182Q190
5513,LJC05725,LJC05725.jpg,57-25,190,182,とうもろこし (玉蜀黍),LJC-M182Q190
5514,LJC05726,LJC05726.jpg,57-26,190,182,とうもろこし (玉蜀黍),LJC-M182Q190
5515,LJC05727,LJC05727.jpg,57-27,190,182,とうもろこし (玉蜀黍),LJC-M182Q190
5516,LJC05728,LJC05728.jpg,57-28,190,182,とうもろこし (玉蜀黍),LJC-M182Q190
5517,LJC05729,LJC05729.jpg,57-29,190,182,とうもろこし (玉蜀黍),LJC-M182Q190
5518,LJC05730,LJC05730.jpg,57-30,190,182,とうもろこし (玉蜀黍),LJC-M182Q190
5519,LJC05731,LJC05731.jpg,57-31,190,182,とうもろこし (玉蜀黍),LJC-M182Q190
5520,LJC05732,LJC05732.jpg,57-32,190,182,とうもろこし (玉蜀黍),LJC-M182Q190
5521,LJC05733,LJC05733.jpg,57-33,190,182,とうもろこし (玉蜀黍),LJC-M182Q190
5522,LJC05734,LJC05734.jpg,57-34,190,182,とうもろこし (玉蜀黍),LJC-M182Q190
5523,LJC05735,LJC05735.jpg,57-35,190,182,とうもろこし (玉蜀黍),LJC-M182Q190
5524,LJC05736,LJC05736.jpg,57-36,190,182,とうもろこし (玉蜀黍),LJC-M182Q190
5525,LJC05737,LJC05737.jpg,57-37,190,182,とうもろこし (玉蜀黍),LJC-M182Q190
5526,LJC05738,LJC05738.jpg,57-38,190,182,とうもろこし (玉蜀黍),LJC-M182Q190
5527,LJC05739,LJC05739.jpg,57-39,190,182,とうもろこし (玉蜀黍),LJC-M182Q190
5528,LJC05740,LJC05740.jpg,57-40,190,182,とうもろこし (玉蜀黍),LJC-M182Q190
5529,LJC05741,LJC05741.jpg,57-41,190,182,とうもろこし (玉蜀黍),LJC-M182Q190
5530,LJC05742,LJC05742.jpg,57-42,190,182,とうもろこし (玉蜀黍),LJC-M182Q190
5531,LJC05743,LJC05743.jpg,57-43,190,182,とうもろこし (玉蜀黍),LJC-M182Q190
5532,LJC05744,LJC05744.jpg,57-44,190,182,とうもろこし (玉蜀黍),LJC-M182Q190
5533,LJC05745,LJC05745.jpg,57-45,190,182,とうもろこし (玉蜀黍),LJC-M182Q190
5534,LJC05746,LJC05746.jpg,57-46,190,182,とうもろこし (玉蜀黍),LJC-M182Q190
5535,LJC05747,LJC05747.jpg,57-47,190,182,とうもろこし (玉蜀黍),LJC-M182Q190
5536,LJC05748,LJC05748.jpg,57-48,190,182,とうもろこし (玉蜀黍),LJC-M182Q190
5537,LJC05749,LJC05749.jpg,57-49,190,182,とうもろこし (玉蜀黍),LJC-M182Q190
5538,LJC05750,LJC05750.jpg,57-50,190,182,とうもろこし (玉蜀黍),LJC-M182Q190
5539,LJC05751,LJC05751.jpg,57-51,190,182,とうもろこし (玉蜀黍),LJC-M182Q190
5540,LJC05752,LJC05752.jpg,57-52,190,182,とうもろこし (玉蜀黍),LJC-M182Q190
5541,LJC05753,LJC05753.jpg,57-53,190,182,とうもろこし (玉蜀黍),LJC-M182Q190
5542,LJC05754,LJC05754.jpg,57-54,190,182,とうもろこし (玉蜀黍),LJC-M182Q190
5543,LJC05755,LJC05755.jpg,57-55,190,182,とうもろこし (玉蜀黍),LJC-M182Q190
5544,LJC05756,LJC05756.jpg,57-56,190,182,とうもろこし (玉蜀黍),LJC-M182Q190
5545,LJC05757,LJC05757.jpg,57-57,190,182,とうもろこし (玉蜀黍),LJC-M182Q190
5546,LJC05758,LJC05758.jpg,57-58,190,182,とうもろこし (玉蜀黍),LJC-M182Q190
5547,LJC05759,LJC05759.jpg,57-59,190,182,とうもろこし (玉蜀黍),LJC-M182Q190
5548,LJC05760,LJC05760.jpg,57-60,190,182,とうもろこし (玉蜀黍),LJC-M182Q190
5549,LJC05761,LJC05761.jpg,57-61,190,182,とうもろこし (玉蜀黍),LJC-M182Q190
5550,LJC05762,LJC05762.jpg,57-62,190,182,とうもろこし (玉蜀黍),LJC-M182Q190
5551,LJC05763,LJC05763.jpg,57-63,252,183,とうがらし (蕃椒),LJC-M183Q252
5552,LJC05764,LJC05764.jpg,57-64,252,183,とうがらし (蕃椒),LJC-M183Q252
5553,LJC05765,LJC05765.jpg,57-65,252,183,とうがらし (蕃椒),LJC-M183Q252
5554,LJC05766,LJC05766.jpg,57-66,252,183,とうがらし (蕃椒),LJC-M183Q252
5555,LJC05767,LJC05767.jpg,57-67,252,183,とうがらし (蕃椒),LJC-M183Q252
5556,LJC05768,LJC05768.jpg,57-68,252,183,とうがらし (蕃椒),LJC-M183Q252
5557,LJC05769,LJC05769.jpg,57-69,252,183,とうがらし (蕃椒),LJC-M183Q252
5558,LJC05770,LJC05770.jpg,57-70,252,183,とうがらし (蕃椒),LJC-M183Q252
5559,LJC05771,LJC05771.jpg,57-71,252,183,とうがらし (蕃椒),LJC-M183Q252
5560,LJC05772,LJC05772.jpg,57-72,252,183,とうがらし (蕃椒),LJC-M183Q252
5561,LJC05773,LJC05773.jpg,57-73,252,183,とうがらし (蕃椒),LJC-M183Q252
5562,LJC05774,LJC05774.jpg,57-74,252,183,とうがらし (蕃椒),LJC-M183Q252
5563,LJC05775,LJC05775.jpg,57-75,252,183,とうがらし (蕃椒),LJC-M183Q252
5564,LJC05776,LJC05776.jpg,57-76,252,183,とうがらし (蕃椒),LJC-M183Q252
5565,LJC05777,LJC05777.jpg,57-77,252,183,とうがらし (蕃椒),LJC-M183Q252
5566,LJC05778,LJC05778.jpg,57-78,252,183,とうがらし (蕃椒),LJC-M183Q252
5567,LJC05779,LJC05779.jpg,57-79,180,185,た (水田) ―一区画,LJC-M185Q180
5568,LJC05780,LJC05780.jpg,57-80,180,185,た (水田) ―一区画,LJC-M185Q180
5569,LJC05781,LJC05781.jpg,57-81,180,185,た (水田) ―一区画,LJC-M185Q180
5570,LJC05782,LJC05782.jpg,57-82,180,185,た (水田) ―一区画,LJC-M185Q180
5571,LJC05783,LJC05783.jpg,57-83,180,185,た (水田) ―一区画,LJC-M185Q180
5572,LJC05784,LJC05784.jpg,57-84,180,185,た (水田) ―一区画,LJC-M185Q180
5573,LJC05785,LJC05785.jpg,57-85,180,185,た (水田) ―一区画,LJC-M185Q180
5574,LJC05786,LJC05786.jpg,57-86,180,185,た (水田) ―一区画,LJC-M185Q180
5575,LJC05787,LJC05787.jpg,57-87,180,185,た (水田) ―一区画,LJC-M185Q180
5576,LJC05788,LJC05788.jpg,57-88,180,185,た (水田) ―一区画,LJC-M185Q180
5577,LJC05789,LJC05789.jpg,57-89,180,185,た (水田) ―一区画,LJC-M185Q180
5578,LJC05790,LJC05790.jpg,57-90,180,185,た (水田) ―一区画,LJC-M185Q180
5579,LJC05791,LJC05791.jpg,57-91,180,185,た (水田) ―一区画,LJC-M185Q180
5580,LJC05792,LJC05792.jpg,57-92,180,185,た (水田) ―一区画,LJC-M185Q180
5581,LJC05793,LJC05793.jpg,57-93,180,185,た (水田) ―一区画,LJC-M185Q180
5582,LJC05794,LJC05794.jpg,57-94,180,185,た (水田) ―一区画,LJC-M185Q180
5583,LJC05795,LJC05795.jpg,57-95,180,185,た (水田) ―一区画,LJC-M185Q180
5584,LJC05796,LJC05796.jpg,57-96,180,185,た (水田) ―一区画,LJC-M185Q180
5585,LJC05797,LJC05797.jpg,57-97,180,185,た (水田) ―一区画,LJC-M185Q180
5586,LJC05798,LJC05798.jpg,57-98,180,185,た (水田) ―一区画,LJC-M185Q180
5587,LJC05801,LJC05801.jpg,58-01,180,185,た (水田) ―一区画,LJC-M185Q180
5588,LJC05802,LJC05802.jpg,58-02,180,185,た (水田) ―一区画,LJC-M185Q180
5589,LJC05803,LJC05803.jpg,58-03,180,185,た (水田) ―一区画,LJC-M185Q180
5590,LJC05804,LJC05804.jpg,58-04,180,185,た (水田) ―一区画,LJC-M185Q180
5591,LJC05805,LJC05805.jpg,58-05,180,185,た (水田) ―一区画,LJC-M185Q180
5592,LJC05806,LJC05806.jpg,58-06,180,185,た (水田) ―一区画,LJC-M185Q180
5593,LJC05807,LJC05807.jpg,58-07,180,185,た (水田) ―一区画,LJC-M185Q180
5594,LJC05808,LJC05808.jpg,58-08,180,185,た (水田) ―一区画,LJC-M185Q180
5595,LJC05809,LJC05809.jpg,58-09,180,185,た (水田) ―一区画,LJC-M185Q180
5596,LJC05810,LJC05810.jpg,58-10,180,185,た (水田) ―一区画,LJC-M185Q180
5597,LJC05811,LJC05811.jpg,58-11,180,185,た (水田) ―一区画,LJC-M185Q180
5598,LJC05812,LJC05812.jpg,58-12,180,185,た (水田) ―一区画,LJC-M185Q180
5599,LJC05813,LJC05813.jpg,58-13,180,185,た (水田) ―一区画,LJC-M185Q180
5600,LJC05814,LJC05814.jpg,58-14,180,185,た (水田) ―一区画,LJC-M185Q180
5601,LJC05815,LJC05815.jpg,58-15,180,185,た (水田) ―一区画,LJC-M185Q180
5602,LJC05816,LJC05816.jpg,58-16,180,185,た (水田) ―一区画,LJC-M185Q180
5603,LJC05817,LJC05817.jpg,58-17,180,185,た (水田) ―一区画,LJC-M185Q180
5604,LJC05818,LJC05818.jpg,58-18,180,185,た (水田) ―一区画,LJC-M185Q180
5605,LJC05819,LJC05819.jpg,58-19,180,185,た (水田) ―一区画,LJC-M185Q180
5606,LJC05820,LJC05820.jpg,58-20,180,185,た (水田) ―一区画,LJC-M185Q180
5607,LJC05821,LJC05821.jpg,58-21,180,185,た (水田) ―一区画,LJC-M185Q180
5608,LJC05822,LJC05822.jpg,58-22,180,185,た (水田) ―一区画,LJC-M185Q180
5609,LJC05823,LJC05823.jpg,58-23,180,185,た (水田) ―一区画,LJC-M185Q180
5610,LJC05824,LJC05824.jpg,58-24,180,185,た (水田) ―一区画,LJC-M185Q180
5611,LJC05825,LJC05825.jpg,58-25,180,185,た (水田) ―一区画,LJC-M185Q180
5612,LJC05826,LJC05826.jpg,58-26,180,185,た (水田) ―一区画,LJC-M185Q180
5613,LJC05827,LJC05827.jpg,58-27,180,185,た (水田) ―一区画,LJC-M185Q180
5614,LJC05828,LJC05828.jpg,58-28,180,185,た (水田) ―一区画,LJC-M185Q180
5615,LJC05829,LJC05829.jpg,58-29,180,185,た (水田) ―一区画,LJC-M185Q180
5616,LJC05830,LJC05830.jpg,58-30,180,185,た (水田) ―一区画,LJC-M185Q180
5617,LJC05831,LJC05831.jpg,58-31,180,185,た (水田) ―一区画,LJC-M185Q180
5618,LJC05832,LJC05832.jpg,58-32,180,185,た (水田) ―一区画,LJC-M185Q180
5619,LJC05833,LJC05833.jpg,58-33,180,185,た (水田) ―一区画,LJC-M185Q180
5620,LJC05834,LJC05834.jpg,58-34,180,185,た (水田) ―一区画,LJC-M185Q180
5621,LJC05835,LJC05835.jpg,58-35,180,185,た (水田) ―一区画,LJC-M185Q180
5622,LJC05836,LJC05836.jpg,58-36,180,185,た (水田) ―一区画,LJC-M185Q180
5623,LJC05837,LJC05837.jpg,58-37,180,185,た (水田) ―一区画,LJC-M185Q180
5624,LJC05838,LJC05838.jpg,58-38,180,185,た (水田) ―一区画,LJC-M185Q180
5625,LJC05839,LJC05839.jpg,58-39,180,185,た (水田) ―一区画,LJC-M185Q180
5626,LJC05840,LJC05840.jpg,58-40,180,185,た (水田) ―一区画,LJC-M185Q180
5627,LJC05841,LJC05841.jpg,58-41,180,185,た (水田) ―一区画,LJC-M185Q180
5628,LJC05842,LJC05842.jpg,58-42,180,185,た (水田) ―一区画,LJC-M185Q180
5629,LJC05843,LJC05843.jpg,58-43,180,185,た (水田) ―一区画,LJC-M185Q180
5630,LJC05844,LJC05844.jpg,58-44,180,185,た (水田) ―一区画,LJC-M185Q180
5631,LJC05845,LJC05845.jpg,58-45,180,185,た (水田) ―一区画,LJC-M185Q180
5632,LJC05846,LJC05846.jpg,58-46,180,185,た (水田) ―一区画,LJC-M185Q180
5633,LJC05847,LJC05847.jpg,58-47,180,185,た (水田) ―一区画,LJC-M185Q180
5634,LJC05848,LJC05848.jpg,58-48,180,185,た (水田) ―一区画,LJC-M185Q180
5635,LJC05849,LJC05849.jpg,58-49,180,185,た (水田) ―一区画,LJC-M185Q180
5636,LJC05850,LJC05850.jpg,58-50,181,186,た (水田) ―集合,LJC-M18LJC-M187Q1826Q181
5637,LJC05851,LJC05851.jpg,58-51,181,186,た (水田) ―集合,LJC-M186Q181
5638,LJC05852,LJC05852.jpg,58-52,181,186,た (水田) ―集合,LJC-M186Q181
5639,LJC05853,LJC05853.jpg,58-53,181,186,た (水田) ―集合,LJC-M186Q181
5640,LJC05854,LJC05854.jpg,58-54,181,186,た (水田) ―集合,LJC-M186Q181
5641,LJC05855,LJC05855.jpg,58-55,181,186,た (水田) ―集合,LJC-M186Q181
5642,LJC05856,LJC05856.jpg,58-56,181,186,た (水田) ―集合,LJC-M186Q181
5643,LJC05857,LJC05857.jpg,58-57,181,186,た (水田) ―集合,LJC-M186Q181
5644,LJC05858,LJC05858.jpg,58-58,181,186,た (水田) ―集合,LJC-M186Q181
5645,LJC05859,LJC05859.jpg,58-59,181,186,た (水田) ―集合,LJC-M186Q181
5646,LJC05860,LJC05860.jpg,58-60,181,186,た (水田) ―集合,LJC-M186Q181
5647,LJC05861,LJC05861.jpg,58-61,181,186,た (水田) ―集合,LJC-M186Q181
5648,LJC05862,LJC05862.jpg,58-62,181,186,た (水田) ―集合,LJC-M186Q181
5649,LJC05863,LJC05863.jpg,58-63,181,186,た (水田) ―集合,LJC-M186Q181
5650,LJC05864,LJC05864.jpg,58-64,181,186,た (水田) ―集合,LJC-M186Q181
5651,LJC05865,LJC05865.jpg,58-65,181,186,た (水田) ―集合,LJC-M186Q181
5652,LJC05866,LJC05866.jpg,58-66,181,186,た (水田) ―集合,LJC-M186Q181
5653,LJC05867,LJC05867.jpg,58-67,181,186,た (水田) ―集合,LJC-M186Q181
5654,LJC05868,LJC05868.jpg,58-68,181,186,た (水田) ―集合,LJC-M186Q181
5655,LJC05869,LJC05869.jpg,58-69,181,186,た (水田) ―集合,LJC-M186Q181
5656,LJC05870,LJC05870.jpg,58-70,181,186,た (水田) ―集合,LJC-M186Q181
5657,LJC05871,LJC05871.jpg,58-71,181,186,た (水田) ―集合,LJC-M186Q181
5658,LJC05872,LJC05872.jpg,58-72,181,186,た (水田) ―集合,LJC-M186Q181
5659,LJC05873,LJC05873.jpg,58-73,181,186,た (水田) ―集合,LJC-M186Q181
5660,LJC05874,LJC05874.jpg,58-74,181,186,た (水田) ―集合,LJC-M186Q181
5661,LJC05875,LJC05875.jpg,58-75,181,186,た (水田) ―集合,LJC-M186Q181
5662,LJC05876,LJC05876.jpg,58-76,181,186,た (水田) ―集合,LJC-M186Q181
5663,LJC05877,LJC05877.jpg,58-77,181,186,た (水田) ―集合,LJC-M186Q181
5664,LJC05878,LJC05878.jpg,58-78,181,186,た (水田) ―集合,LJC-M186Q181
5665,LJC05879,LJC05879.jpg,58-79,181,186,た (水田) ―集合,LJC-M186Q181
5666,LJC05880,LJC05880.jpg,58-80,181,186,た (水田) ―集合,LJC-M186Q181
5667,LJC05881,LJC05881.jpg,58-81,181,186,た (水田) ―集合,LJC-M186Q181
5668,LJC05882,LJC05882.jpg,58-82,181,186,た (水田) ―集合,LJC-M186Q181
5669,LJC05883,LJC05883.jpg,58-83,181,186,た (水田) ―集合,LJC-M186Q181
5670,LJC05884,LJC05884.jpg,58-84,181,186,た (水田) ―集合,LJC-M186Q181
5671,LJC05885,LJC05885.jpg,58-85,181,186,た (水田) ―集合,LJC-M186Q181
5672,LJC05886,LJC05886.jpg,58-86,181,186,た (水田) ―集合,LJC-M186Q181
5673,LJC05887,LJC05887.jpg,58-87,181,186,た (水田) ―集合,LJC-M186Q181
5674,LJC05888,LJC05888.jpg,58-88,181,186,た (水田) ―集合,LJC-M186Q181
5675,LJC05889,LJC05889.jpg,58-89,181,186,た (水田) ―集合,LJC-M186Q181
5676,LJC05890,LJC05890.jpg,58-90,181,186,た (水田) ―集合,LJC-M186Q181
5677,LJC05891,LJC05891.jpg,58-91,181,186,た (水田) ―集合,LJC-M186Q181
5678,LJC05892,LJC05892.jpg,58-92,181,186,た (水田) ―集合,LJC-M186Q181
5679,LJC05893,LJC05893.jpg,58-93,181,186,た (水田) ―集合,LJC-M186Q181
5680,LJC05894,LJC05894.jpg,58-94,181,186,た (水田) ―集合,LJC-M186Q181
5681,LJC05895,LJC05895.jpg,58-95,181,186,た (水田) ―集合,LJC-M186Q181
5682,LJC05896,LJC05896.jpg,58-96,181,186,た (水田) ―集合,LJC-M186Q181
5683,LJC05897,LJC05897.jpg,58-97,181,186,た (水田) ―集合,LJC-M186Q181
5684,LJC05898,LJC05898.jpg,58-98,181,186,た (水田) ―集合,LJC-M186Q181
5685,LJC05901,LJC05901.jpg,59-01,181,186,た (水田) ―集合,LJC-M186Q181
5686,LJC05902,LJC05902.jpg,59-02,181,186,た (水田) ―集合,LJC-M186Q181
5687,LJC05903,LJC05903.jpg,59-03,181,186,た (水田) ―集合,LJC-M186Q181
5688,LJC05904,LJC05904.jpg,59-04,181,186,た (水田) ―集合,LJC-M186Q181
5689,LJC05905,LJC05905.jpg,59-05,181,186,た (水田) ―集合,LJC-M186Q181
5690,LJC05906,LJC05906.jpg,59-06,181,186,た (水田) ―集合,LJC-M186Q181
5691,LJC05907,LJC05907.jpg,59-07,182,187,あぜ (畦畔),LJC-M187Q182
5692,LJC05908,LJC05908.jpg,59-08,182,187,あぜ (畦畔),LJC-M187Q182
5693,LJC05909,LJC05909.jpg,59-09,182,187,あぜ (畦畔),LJC-M187Q182
5694,LJC05910,LJC05910.jpg,59-10,182,187,あぜ (畦畔),LJC-M187Q182
5695,LJC05911,LJC05911.jpg,59-11,182,187,あぜ (畦畔),LJC-M187Q182
5696,LJC05912,LJC05912.jpg,59-12,182,187,あぜ (畦畔),LJC-M187Q182
5697,LJC05913,LJC05913.jpg,59-13,182,187,あぜ (畦畔),LJC-M187Q182
5698,LJC05914,LJC05914.jpg,59-14,182,187,あぜ (畦畔),LJC-M187Q182
5699,LJC05915,LJC05915.jpg,59-15,182,187,あぜ (畦畔),LJC-M187Q182
5700,LJC05916,LJC05916.jpg,59-16,182,187,あぜ (畦畔),LJC-M187Q182
5701,LJC05917,LJC05917.jpg,59-17,182,187,あぜ (畦畔),LJC-M187Q182
5702,LJC05918,LJC05918.jpg,59-18,182,187,あぜ (畦畔),LJC-M187Q182
5703,LJC05919,LJC05919.jpg,59-19,182,187,あぜ (畦畔),LJC-M187Q182
5704,LJC05920,LJC05920.jpg,59-20,182,187,あぜ (畦畔),LJC-M187Q182
5705,LJC05921,LJC05921.jpg,59-21,182,187,あぜ (畦畔),LJC-M187Q182
5706,LJC05922,LJC05922.jpg,59-22,182,187,あぜ (畦畔),LJC-M187Q182
5707,LJC05923,LJC05923.jpg,59-23,182,187,あぜ (畦畔),LJC-M187Q182
5708,LJC05924,LJC05924.jpg,59-24,182,187,あぜ (畦畔),LJC-M187Q182
5709,LJC05925,LJC05925.jpg,59-25,182,187,あぜ (畦畔),LJC-M187Q182
5710,LJC05926,LJC05926.jpg,59-26,182,187,あぜ (畦畔),LJC-M187Q182
5711,LJC05927,LJC05927.jpg,59-27,182,187,あぜ (畦畔),LJC-M187Q182
5712,LJC05928,LJC05928.jpg,59-28,182,187,あぜ (畦畔),LJC-M187Q182
5713,LJC05929,LJC05929.jpg,59-29,182,187,あぜ (畦畔),LJC-M187Q182
5714,LJC05930,LJC05930.jpg,59-30,182,187,あぜ (畦畔),LJC-M187Q182
5715,LJC05931,LJC05931.jpg,59-31,182,187,あぜ (畦畔),LJC-M187Q182
5716,LJC05932,LJC05932.jpg,59-32,182,187,あぜ (畦畔),LJC-M187Q182
5717,LJC05933,LJC05933.jpg,59-33,182,187,あぜ (畦畔),LJC-M187Q182
5718,LJC05934,LJC05934.jpg,59-34,182,187,あぜ (畦畔),LJC-M187Q182
5719,LJC05935,LJC05935.jpg,59-35,182,187,あぜ (畦畔),LJC-M187Q182
5720,LJC05936,LJC05936.jpg,59-36,182,187,あぜ (畦畔),LJC-M187Q182
5721,LJC05937,LJC05937.jpg,59-37,182,187,あぜ (畦畔),LJC-M187Q182
5722,LJC05938,LJC05938.jpg,59-38,182,187,あぜ (畦畔),LJC-M187Q182
5723,LJC05939,LJC05939.jpg,59-39,182,187,あぜ (畦畔),LJC-M187Q182
5724,LJC05940,LJC05940.jpg,59-40,182,187,あぜ (畦畔),LJC-M187Q182
5725,LJC05941,LJC05941.jpg,59-41,182,187,あぜ (畦畔),LJC-M187Q182
5726,LJC05942,LJC05942.jpg,59-42,182,187,あぜ (畦畔),LJC-M187Q182
5727,LJC05943,LJC05943.jpg,59-43,182,187,あぜ (畦畔),LJC-M187Q182
5728,LJC05944,LJC05944.jpg,59-44,182,187,あぜ (畦畔),LJC-M187Q182
5729,LJC05945,LJC05945.jpg,59-45,182,187,あぜ (畦畔),LJC-M187Q182
5730,LJC05946,LJC05946.jpg,59-46,182,187,あぜ (畦畔),LJC-M187Q182
5731,LJC05947,LJC05947.jpg,59-47,182,187,あぜ (畦畔),LJC-M187Q182
5732,LJC05948,LJC05948.jpg,59-48,182,187,あぜ (畦畔),LJC-M187Q182
5733,LJC05949,LJC05949.jpg,59-49,182,187,あぜ (畦畔),LJC-M187Q182
5734,LJC05950,LJC05950.jpg,59-50,182,187,あぜ (畦畔),LJC-M187Q182
5735,LJC05951,LJC05951.jpg,59-51,182,187,あぜ (畦畔),LJC-M187Q182
5736,LJC05952,LJC05952.jpg,59-52,182,187,あぜ (畦畔),LJC-M187Q182
5737,LJC05953,LJC05953.jpg,59-53,182,187,あぜ (畦畔),LJC-M187Q182
5738,LJC05954,LJC05954.jpg,59-54,182,187,あぜ (畦畔),LJC-M187Q182
5739,LJC05955,LJC05955.jpg,59-55,182,187,あぜ (畦畔),LJC-M187Q182
5740,LJC05956,LJC05956.jpg,59-56,182,187,あぜ (畦畔),LJC-M187Q182
5741,LJC05957,LJC05957.jpg,59-57,182,187,あぜ (畦畔),LJC-M187Q182
5742,LJC05958,LJC05958.jpg,59-58,182,187,あぜ (畦畔),LJC-M187Q182
5743,LJC05959,LJC05959.jpg,59-59,182,187,あぜ (畦畔),LJC-M187Q182
5744,LJC05960,LJC05960.jpg,59-60,182,187,あぜ (畦畔),LJC-M187Q182
5745,LJC05961,LJC05961.jpg,59-61,182,187,あぜ (畦畔),LJC-M187Q182
5746,LJC05962,LJC05962.jpg,59-62,182,187,あぜ (畦畔),LJC-M187Q182
5747,LJC05963,LJC05963.jpg,59-63,182,187,あぜ (畦畔),LJC-M187Q182
5748,LJC05964,LJC05964.jpg,59-64,182,187,あぜ (畦畔),LJC-M187Q182
5749,LJC05965,LJC05965.jpg,59-65,182,187,あぜ (畦畔),LJC-M187Q182
5750,LJC05966,LJC05966.jpg,59-66,182,187,あぜ (畦畔),LJC-M187Q182
5751,LJC05967,LJC05967.jpg,59-67,182,187,あぜ (畦畔),LJC-M187Q182
5752,LJC05968,LJC05968.jpg,59-68,182,187,あぜ (畦畔),LJC-M187Q182
5753,LJC05969,LJC05969.jpg,59-69,182,187,あぜ (畦畔),LJC-M187Q182
5754,LJC05970,LJC05970.jpg,59-70,182,187,あぜ (畦畔),LJC-M187Q182
5755,LJC05971,LJC05971.jpg,59-71,182,187,あぜ (畦畔),LJC-M187Q182
5756,LJC05972,LJC05972.jpg,59-72,182,187,あぜ (畦畔),LJC-M187Q182
5757,LJC05973,LJC05973.jpg,59-73,182,187,あぜ (畦畔),LJC-M187Q182
5758,LJC05974,LJC05974.jpg,59-74,182,187,あぜ (畦畔),LJC-M187Q182
5759,LJC05975,LJC05975.jpg,59-75,182,187,あぜ (畦畔),LJC-M187Q182
5760,LJC05976,LJC05976.jpg,59-76,182,187,あぜ (畦畔),LJC-M187Q182
5761,LJC05977,LJC05977.jpg,59-77,182,187,あぜ (畦畔),LJC-M187Q182
5762,LJC05978,LJC05978.jpg,59-78,182,187,あぜ (畦畔),LJC-M187Q182
5763,LJC05979,LJC05979.jpg,59-79,64,122,ひとさしゆび (人差し指),LJC-M064Q261
5764,LJC05980,LJC05980.jpg,59-80,183,188,はたけ (畑),LJC-M188Q183
5765,LJC05981,LJC05981.jpg,59-81,183,188,はたけ (畑),LJC-M188Q183
5766,LJC05982,LJC05982.jpg,59-82,183,188,はたけ (畑),LJC-M188Q183
5767,LJC05983,LJC05983.jpg,59-83,183,188,はたけ (畑),LJC-M188Q183
5768,LJC05984,LJC05984.jpg,59-84,183,188,はたけ (畑),LJC-M188Q183
5769,LJC05985,LJC05985.jpg,59-85,183,188,はたけ (畑),LJC-M188Q183
5770,LJC05986,LJC05986.jpg,59-86,183,188,はたけ (畑),LJC-M188Q183
5771,LJC05987,LJC05987.jpg,59-87,183,188,はたけ (畑),LJC-M188Q183
5772,LJC05988,LJC05988.jpg,59-88,183,188,はたけ (畑),LJC-M188Q183
5773,LJC05989,LJC05989.jpg,59-89,183,188,はたけ (畑),LJC-M188Q183
5774,LJC05990,LJC05990.jpg,59-90,183,188,はたけ (畑),LJC-M188Q183
5775,LJC05991,LJC05991.jpg,59-91,183,188,はたけ (畑),LJC-M188Q183
5776,LJC05992,LJC05992.jpg,59-92,183,188,はたけ (畑),LJC-M188Q183
5777,LJC05993,LJC05993.jpg,59-93,184,189,とりおどし (鳥威),LJC-M189Q184
5778,LJC05994,LJC05994.jpg,59-94,184,189,とりおどし (鳥威),LJC-M189Q184
5779,LJC05995,LJC05995.jpg,59-95,184,189,とりおどし (鳥威),LJC-M189Q184
5780,LJC05996,LJC05996.jpg,59-96,184,189,とりおどし (鳥威),LJC-M189Q184
5781,LJC05997,LJC05997.jpg,59-97,184,189,とりおどし (鳥威),LJC-M189Q184
5782,LJC05998,LJC05998.jpg,59-98,184,189,とりおどし (鳥威),LJC-M189Q184
5783,LJC06001,LJC06001.jpg,60-01,184,189,とりおどし (鳥威),LJC-M189Q184
5784,LJC06002,LJC06002.jpg,60-02,184,189,とりおどし (鳥威),LJC-M189Q184
5785,LJC06003,LJC06003.jpg,60-03,184,189,とりおどし (鳥威),LJC-M189Q184
5786,LJC06004,LJC06004.jpg,60-04,184,189,とりおどし (鳥威),LJC-M189Q184
5787,LJC06005,LJC06005.jpg,60-05,184,189,とりおどし (鳥威),LJC-M189Q184
5788,LJC06006,LJC06006.jpg,60-06,184,189,とりおどし (鳥威),LJC-M189Q184
5789,LJC06007,LJC06007.jpg,60-07,184,189,とりおどし (鳥威),LJC-M189Q184
5790,LJC06008,LJC06008.jpg,60-08,184,189,とりおどし (鳥威),LJC-M189Q184
5791,LJC06009,LJC06009.jpg,60-09,184,189,とりおどし (鳥威),LJC-M189Q184
5792,LJC06010,LJC06010.jpg,60-10,184,189,とりおどし (鳥威),LJC-M189Q184
5793,LJC06011,LJC06011.jpg,60-11,184,189,とりおどし (鳥威),LJC-M189Q184
5794,LJC06012,LJC06012.jpg,60-12,184,189,とりおどし (鳥威),LJC-M189Q184
5795,LJC06013,LJC06013.jpg,60-13,184,189,とりおどし (鳥威),LJC-M189Q184
5796,LJC06014,LJC06014.jpg,60-14,184,189,とりおどし (鳥威),LJC-M189Q184
5797,LJC06015,LJC06015.jpg,60-15,184,189,とりおどし (鳥威),LJC-M189Q184
5798,LJC06016,LJC06016.jpg,60-16,184,189,とりおどし (鳥威),LJC-M189Q184
5799,LJC06017,LJC06017.jpg,60-17,184,189,とりおどし (鳥威),LJC-M189Q184
5800,LJC06018,LJC06018.jpg,60-18,184,189,とりおどし (鳥威),LJC-M189Q184
5801,LJC06019,LJC06019.jpg,60-19,184,189,とりおどし (鳥威),LJC-M189Q184
5802,LJC06020,LJC06020.jpg,60-20,184,189,とりおどし (鳥威),LJC-M189Q184
5803,LJC06021,LJC06021.jpg,60-21,184,189,とりおどし (鳥威),LJC-M189Q184
5804,LJC06022,LJC06022.jpg,60-22,184,189,とりおどし (鳥威),LJC-M189Q184
5805,LJC06023,LJC06023.jpg,60-23,184,189,とりおどし (鳥威),LJC-M189Q184
5806,LJC06024,LJC06024.jpg,60-24,184,189,とりおどし (鳥威),LJC-M189Q184
5807,LJC06025,LJC06025.jpg,60-25,184,189,とりおどし (鳥威),LJC-M189Q184
5808,LJC06026,LJC06026.jpg,60-26,184,189,とりおどし (鳥威),LJC-M189Q184
5809,LJC06027,LJC06027.jpg,60-27,184,189,とりおどし (鳥威),LJC-M189Q184
5810,LJC06028,LJC06028.jpg,60-28,184,189,とりおどし (鳥威),LJC-M189Q184
5811,LJC06029,LJC06029.jpg,60-29,184,189,とりおどし (鳥威),LJC-M189Q184
5812,LJC06030,LJC06030.jpg,60-30,184,189,とりおどし (鳥威),LJC-M189Q184
5813,LJC06031,LJC06031.jpg,60-31,184,189,とりおどし (鳥威),LJC-M189Q184
5814,LJC06032,LJC06032.jpg,60-32,184,189,とりおどし (鳥威),LJC-M189Q184
5815,LJC06033,LJC06033.jpg,60-33,184,189,とりおどし (鳥威),LJC-M189Q184
5816,LJC06034,LJC06034.jpg,60-34,184,189,とりおどし (鳥威),LJC-M189Q184
5817,LJC06035,LJC06035.jpg,60-35,184,189,とりおどし (鳥威),LJC-M189Q184
5818,LJC06036,LJC06036.jpg,60-36,184,189,とりおどし (鳥威),LJC-M189Q184
5819,LJC06037,LJC06037.jpg,60-37,184,189,とりおどし (鳥威),LJC-M189Q184
5820,LJC06038,LJC06038.jpg,60-38,184,189,とりおどし (鳥威),LJC-M189Q184
5821,LJC06039,LJC06039.jpg,60-39,184,189,とりおどし (鳥威),LJC-M189Q184
5822,LJC06040,LJC06040.jpg,60-40,185,190,かかし (案山子),LJC-M190Q185
5823,LJC06041,LJC06041.jpg,60-41,185,190,かかし (案山子),LJC-M190Q185
5824,LJC06042,LJC06042.jpg,60-42,185,190,かかし (案山子),LJC-M190Q185
5825,LJC06043,LJC06043.jpg,60-43,185,190,かかし (案山子),LJC-M190Q185
5826,LJC06044,LJC06044.jpg,60-44,185,190,かかし (案山子),LJC-M190Q185
5827,LJC06045,LJC06045.jpg,60-45,185,190,かかし (案山子),LJC-M190Q185
5828,LJC06046,LJC06046.jpg,60-46,185,190,かかし (案山子),LJC-M190Q185
5829,LJC06047,LJC06047.jpg,60-47,185,190,かかし (案山子),LJC-M190Q185
5830,LJC06048,LJC06048.jpg,60-48,185,190,かかし (案山子),LJC-M190Q185
5831,LJC06049,LJC06049.jpg,60-49,185,190,かかし (案山子),LJC-M190Q185
5832,LJC06050,LJC06050.jpg,60-50,185,190,かかし (案山子),LJC-M190Q185
5833,LJC06051,LJC06051.jpg,60-51,185,190,かかし (案山子),LJC-M190Q185
5834,LJC06052,LJC06052.jpg,60-52,185,190,かかし (案山子),LJC-M190Q185
5835,LJC06053,LJC06053.jpg,60-53,185,190,かかし (案山子),LJC-M190Q185
5836,LJC06054,LJC06054.jpg,60-54,185,190,かかし (案山子),LJC-M190Q185
5837,LJC06055,LJC06055.jpg,60-55,185,190,かかし (案山子),LJC-M190Q185
5838,LJC06056,LJC06056.jpg,60-56,185,190,かかし (案山子),LJC-M190Q185
5839,LJC06057,LJC06057.jpg,60-57,185,190,かかし (案山子),LJC-M190Q185
5840,LJC06058,LJC06058.jpg,60-58,185,190,かかし (案山子),LJC-M190Q185
5841,LJC06059,LJC06059.jpg,60-59,185,190,かかし (案山子),LJC-M190Q185
5842,LJC06060,LJC06060.jpg,60-60,185,190,かかし (案山子),LJC-M190Q185
5843,LJC06061,LJC06061.jpg,60-61,185,190,かかし (案山子),LJC-M190Q185
5844,LJC06062,LJC06062.jpg,60-62,185,190,かかし (案山子),LJC-M190Q185
5845,LJC06063,LJC06063.jpg,60-63,185,190,かかし (案山子),LJC-M190Q185
5846,LJC06064,LJC06064.jpg,60-64,185,190,かかし (案山子),LJC-M190Q185
5847,LJC06065,LJC06065.jpg,60-65,185,190,かかし (案山子),LJC-M190Q185
5848,LJC06066,LJC06066.jpg,60-66,185,190,かかし (案山子),LJC-M190Q185
5849,LJC06067,LJC06067.jpg,60-67,185,190,かかし (案山子),LJC-M190Q185
5850,LJC06068,LJC06068.jpg,60-68,185,190,かかし (案山子),LJC-M190Q185
5851,LJC06069,LJC06069.jpg,60-69,185,190,かかし (案山子),LJC-M190Q185
5852,LJC06070,LJC06070.jpg,60-70,185,190,かかし (案山子),LJC-M190Q185
5853,LJC06071,LJC06071.jpg,60-71,185,190,かかし (案山子),LJC-M190Q185
5854,LJC06072,LJC06072.jpg,60-72,185,190,かかし (案山子),LJC-M190Q185
5855,LJC06073,LJC06073.jpg,60-73,185,190,かかし (案山子),LJC-M190Q185
5856,LJC06074,LJC06074.jpg,60-74,185,190,かかし (案山子),LJC-M190Q185
5857,LJC06075,LJC06075.jpg,60-75,185,190,かかし (案山子),LJC-M190Q185
5858,LJC06076,LJC06076.jpg,60-76,185,190,かかし (案山子),LJC-M190Q185
5859,LJC06077,LJC06077.jpg,60-77,185,190,かかし (案山子),LJC-M190Q185
5860,LJC06078,LJC06078.jpg,60-78,185,190,かかし (案山子),LJC-M190Q185
5861,LJC06079,LJC06079.jpg,60-79,185,190,かかし (案山子),LJC-M190Q185
5862,LJC06080,LJC06080.jpg,60-80,185,190,かかし (案山子),LJC-M190Q185
5863,LJC06081,LJC06081.jpg,60-81,185,190,かかし (案山子),LJC-M190Q185
5864,LJC06082,LJC06082.jpg,60-82,185,190,かかし (案山子),LJC-M190Q185
5865,LJC06083,LJC06083.jpg,60-83,185,190,かかし (案山子),LJC-M190Q185
5866,LJC06084,LJC06084.jpg,60-84,185,190,かかし (案山子),LJC-M190Q185
5867,LJC06085,LJC06085.jpg,60-85,185,190,かかし (案山子),LJC-M190Q185
5868,LJC06086,LJC06086.jpg,60-86,185,190,かかし (案山子),LJC-M190Q185
5869,LJC06087,LJC06087.jpg,60-87,185,190,かかし (案山子),LJC-M190Q185
5870,LJC06088,LJC06088.jpg,60-88,185,190,かかし (案山子),LJC-M190Q185
5871,LJC06089,LJC06089.jpg,60-89,185,190,かかし (案山子),LJC-M190Q185
5872,LJC06090,LJC06090.jpg,60-90,185,190,かかし (案山子),LJC-M190Q185
5873,LJC06091,LJC06091.jpg,60-91,185,190,かかし (案山子),LJC-M190Q185
5874,LJC06092,LJC06092.jpg,60-92,185,190,かかし (案山子),LJC-M190Q185
5875,LJC06093,LJC06093.jpg,60-93,185,190,かかし (案山子),LJC-M190Q185
5876,LJC06094,LJC06094.jpg,60-94,185,190,かかし (案山子),LJC-M190Q185
5877,LJC06095,LJC06095.jpg,60-95,185,190,かかし (案山子),LJC-M190Q185
5878,LJC06096,LJC06096.jpg,60-96,185,190,かかし (案山子),LJC-M190Q185
5879,LJC06097,LJC06097.jpg,60-97,185,190,かかし (案山子),LJC-M190Q185
5880,LJC06098,LJC06098.jpg,60-98,185,190,かかし (案山子),LJC-M190Q185
5881,LJC06101,LJC06101.jpg,61-01,185,190,かかし (案山子),LJC-M190Q185
5882,LJC06102,LJC06102.jpg,61-02,185,190,かかし (案山子),LJC-M190Q185
5883,LJC06103,LJC06103.jpg,61-03,185,190,かかし (案山子),LJC-M190Q185
5884,LJC06104,LJC06104.jpg,61-04,185,190,かかし (案山子),LJC-M190Q185
5885,LJC06105,LJC06105.jpg,61-05,185,190,かかし (案山子),LJC-M190Q185
5886,LJC06106,LJC06106.jpg,61-06,244,191,いえ (家屋),LJC-M191Q244
5887,LJC06107,LJC06107.jpg,61-07,244,191,いえ (家屋),LJC-M191Q244
5888,LJC06108,LJC06108.jpg,61-08,244,191,いえ (家屋),LJC-M191Q244
5889,LJC06109,LJC06109.jpg,61-09,244,191,いえ (家屋),LJC-M191Q244
5890,LJC06110,LJC06110.jpg,61-10,244,191,いえ (家屋),LJC-M191Q244
5891,LJC06111,LJC06111.jpg,61-11,244,191,いえ (家屋),LJC-M191Q244
5892,LJC06112,LJC06112.jpg,61-12,244,191,いえ (家屋),LJC-M191Q244
5893,LJC06113,LJC06113.jpg,61-13,244,191,いえ (家屋),LJC-M191Q244
5894,LJC06114,LJC06114.jpg,61-14,244,191,いえ (家屋),LJC-M191Q244
5895,LJC06115,LJC06115.jpg,61-15,244,191,いえ (家屋),LJC-M191Q244
5896,LJC06116,LJC06116.jpg,61-16,244,191,いえ (家屋),LJC-M191Q244
5897,LJC06117,LJC06117.jpg,61-17,244,191,いえ (家屋),LJC-M191Q244
5898,LJC06118,LJC06118.jpg,61-18,244,191,いえ (家屋),LJC-M191Q244
5899,LJC06119,LJC06119.jpg,61-19,244,191,いえ (家屋),LJC-M191Q244
5900,LJC06120,LJC06120.jpg,61-20,244,191,いえ (家屋),LJC-M191Q244
5901,LJC06121,LJC06121.jpg,61-21,244,191,いえ (家屋),LJC-M191Q244
5902,LJC06122,LJC06122.jpg,61-22,244,191,いえ (家屋),LJC-M191Q244
5903,LJC06123,LJC06123.jpg,61-23,248,192,ふすま (襖障子),LJC-M192Q248
5904,LJC06124,LJC06124.jpg,61-24,248,192,ふすま (襖障子),LJC-M192Q248
5905,LJC06125,LJC06125.jpg,61-25,248,192,ふすま (襖障子),LJC-M192Q248
5906,LJC06126,LJC06126.jpg,61-26,248,192,ふすま (襖障子),LJC-M192Q248
5907,LJC06127,LJC06127.jpg,61-27,248,192,ふすま (襖障子),LJC-M192Q248
5908,LJC06128,LJC06128.jpg,61-28,248,192,ふすま (襖障子),LJC-M192Q248
5909,LJC06129,LJC06129.jpg,61-29,248,192,ふすま (襖障子),LJC-M192Q248
5910,LJC06130,LJC06130.jpg,61-30,248,192,ふすま (襖障子),LJC-M192Q248
5911,LJC06131,LJC06131.jpg,61-31,248,192,ふすま (襖障子),LJC-M192Q248
5912,LJC06132,LJC06132.jpg,61-32,248,192,ふすま (襖障子),LJC-M192Q248
5913,LJC06133,LJC06133.jpg,61-33,248,192,ふすま (襖障子),LJC-M192Q248
5914,LJC06134,LJC06134.jpg,61-34,248,192,ふすま (襖障子),LJC-M192Q248
5915,LJC06135,LJC06135.jpg,61-35,248,192,ふすま (襖障子),LJC-M192Q248
5916,LJC06136,LJC06136.jpg,61-36,248,192,ふすま (襖障子),LJC-M192Q248
5917,LJC06137,LJC06137.jpg,61-37,248,192,ふすま (襖障子),LJC-M192Q248
5918,LJC06138,LJC06138.jpg,61-38,248,192,ふすま (襖障子),LJC-M192Q248
5919,LJC06139,LJC06139.jpg,61-39,248,192,ふすま (襖障子),LJC-M192Q248
5920,LJC06140,LJC06140.jpg,61-40,248,192,ふすま (襖障子),LJC-M192Q248
5921,LJC06141,LJC06141.jpg,61-41,248,192,ふすま (襖障子),LJC-M192Q248
5922,LJC06142,LJC06142.jpg,61-42,248,192,ふすま (襖障子),LJC-M192Q248
5923,LJC06143,LJC06143.jpg,61-43,248,192,ふすま (襖障子),LJC-M192Q248
5924,LJC06144,LJC06144.jpg,61-44,248,192,ふすま (襖障子),LJC-M192Q248
5925,LJC06145,LJC06145.jpg,61-45,248,192,ふすま (襖障子),LJC-M192Q248
5926,LJC06146,LJC06146.jpg,61-46,247,193,にわ (庭園),LJC-M193Q247
5927,LJC06147,LJC06147.jpg,61-47,247,193,にわ (庭園),LJC-M193Q247
5928,LJC06148,LJC06148.jpg,61-48,247,193,にわ (庭園),LJC-M193Q247
5929,LJC06149,LJC06149.jpg,61-49,247,193,にわ (庭園),LJC-M193Q247
5930,LJC06150,LJC06150.jpg,61-50,247,193,にわ (庭園),LJC-M193Q247
5931,LJC06151,LJC06151.jpg,61-51,247,193,にわ (庭園),LJC-M193Q247
5932,LJC06152,LJC06152.jpg,61-52,247,193,にわ (庭園),LJC-M193Q247
5933,LJC06153,LJC06153.jpg,61-53,247,193,にわ (庭園),LJC-M193Q247
5934,LJC06154,LJC06154.jpg,61-54,247,193,にわ (庭園),LJC-M193Q247
5935,LJC06155,LJC06155.jpg,61-55,247,193,にわ (庭園),LJC-M193Q247
5936,LJC06156,LJC06156.jpg,61-56,247,193,にわ (庭園),LJC-M193Q247
5937,LJC06157,LJC06157.jpg,61-57,247,193,にわ (庭園),LJC-M193Q247
5938,LJC06158,LJC06158.jpg,61-58,247,193,にわ (庭園),LJC-M193Q247
5939,LJC06159,LJC06159.jpg,61-59,247,193,にわ (庭園),LJC-M193Q247
5940,LJC06160,LJC06160.jpg,61-60,247,193,にわ (庭園),LJC-M193Q247
5941,LJC06161,LJC06161.jpg,61-61,247,193,にわ (庭園),LJC-M193Q247
5942,LJC06162,LJC06162.jpg,61-62,247,193,にわ (庭園),LJC-M193Q247
5943,LJC06163,LJC06163.jpg,61-63,247,193,にわ (庭園),LJC-M193Q247
5944,LJC06164,LJC06164.jpg,61-64,247,193,にわ (庭園),LJC-M193Q247
5945,LJC06165,LJC06165.jpg,61-65,247,193,にわ (庭園),LJC-M193Q247
5946,LJC06166,LJC06166.jpg,61-66,247,193,にわ (庭園),LJC-M193Q247
5947,LJC06167,LJC06167.jpg,61-67,247,193,にわ (庭園),LJC-M193Q247
5948,LJC06168,LJC06168.jpg,61-68,247,193,にわ (庭園),LJC-M193Q247
5949,LJC06169,LJC06169.jpg,61-69,247,193,にわ (庭園),LJC-M193Q247
5950,LJC06170,LJC06170.jpg,61-70,247,193,にわ (庭園),LJC-M193Q247
5951,LJC06171,LJC06171.jpg,61-71,247,193,にわ (庭園),LJC-M193Q247
5952,LJC06172,LJC06172.jpg,61-72,247,193,にわ (庭園),LJC-M193Q247
5953,LJC06173,LJC06173.jpg,61-73,247,193,にわ (庭園),LJC-M193Q247
5954,LJC06174,LJC06174.jpg,61-74,247,193,にわ (庭園),LJC-M193Q247
5955,LJC06175,LJC06175.jpg,61-75,247,193,にわ (庭園),LJC-M193Q247
5956,LJC06176,LJC06176.jpg,61-76,247,193,にわ (庭園),LJC-M193Q247
5957,LJC06177,LJC06177.jpg,61-77,247,193,にわ (庭園),LJC-M193Q247
5958,LJC06178,LJC06178.jpg,61-78,247,193,にわ (庭園),LJC-M193Q247
5959,LJC06179,LJC06179.jpg,61-79,247,193,にわ (庭園),LJC-M193Q247
5960,LJC06180,LJC06180.jpg,61-80,247,193,にわ (庭園),LJC-M193Q247
5961,LJC06181,LJC06181.jpg,61-81,247,193,にわ (庭園),LJC-M193Q247
5962,LJC06182,LJC06182.jpg,61-82,247,193,にわ (庭園),LJC-M193Q247
5963,LJC06183,LJC06183.jpg,61-83,247,193,にわ (庭園),LJC-M193Q247
5964,LJC06184,LJC06184.jpg,61-84,247,193,にわ (庭園),LJC-M193Q247
5965,LJC06185,LJC06185.jpg,61-85,247,193,にわ (庭園),LJC-M193Q247
5966,LJC06186,LJC06186.jpg,61-86,247,193,にわ (庭園),LJC-M193Q247
5967,LJC06187,LJC06187.jpg,61-87,247,193,にわ (庭園),LJC-M193Q247
5968,LJC06188,LJC06188.jpg,61-88,247,193,にわ (庭園),LJC-M193Q247
5969,LJC06189,LJC06189.jpg,61-89,247,193,にわ (庭園),LJC-M193Q247
5970,LJC06190,LJC06190.jpg,61-90,247,193,にわ (庭園),LJC-M193Q247
5971,LJC06191,LJC06191.jpg,61-91,247,193,にわ (庭園),LJC-M193Q247
5972,LJC06192,LJC06192.jpg,61-92,247,193,にわ (庭園),LJC-M193Q247
5973,LJC06193,LJC06193.jpg,61-93,247,193,にわ (庭園),LJC-M193Q247
5974,LJC06194,LJC06194.jpg,61-94,247,193,にわ (庭園),LJC-M193Q247
5975,LJC06195,LJC06195.jpg,61-95,247,193,にわ (庭園),LJC-M193Q247
5976,LJC06196,LJC06196.jpg,61-96,247,193,にわ (庭園),LJC-M193Q247
5977,LJC06197,LJC06197.jpg,61-97,247,193,にわ (庭園),LJC-M193Q247
5978,LJC06198,LJC06198.jpg,61-98,247,193,にわ (庭園),LJC-M193Q247
5979,LJC06201,LJC06201.jpg,62-01,247,193,にわ (庭園),LJC-M193Q247
5980,LJC06202,LJC06202.jpg,62-02,247,193,にわ (庭園),LJC-M193Q247
5981,LJC06203,LJC06203.jpg,62-03,247,193,にわ (庭園),LJC-M193Q247
5982,LJC06204,LJC06204.jpg,62-04,247,193,にわ (庭園),LJC-M193Q247
5983,LJC06205,LJC06205.jpg,62-05,247,193,にわ (庭園),LJC-M193Q247
5984,LJC06206,LJC06206.jpg,62-06,247,193,にわ (庭園),LJC-M193Q247
5985,LJC06207,LJC06207.jpg,62-07,247,193,にわ (庭園),LJC-M193Q247
5986,LJC06208,LJC06208.jpg,62-08,247,193,にわ (庭園),LJC-M193Q247
5987,LJC06209,LJC06209.jpg,62-09,247,193,にわ (庭園),LJC-M193Q247
5988,LJC06210,LJC06210.jpg,62-10,247,193,にわ (庭園),LJC-M193Q247
5989,LJC06211,LJC06211.jpg,62-11,247,193,にわ (庭園),LJC-M193Q247
5990,LJC06212,LJC06212.jpg,62-12,247,193,にわ (庭園),LJC-M193Q247
5991,LJC06213,LJC06213.jpg,62-13,247,193,にわ (庭園),LJC-M193Q247
5992,LJC06214,LJC06214.jpg,62-14,247,193,にわ (庭園),LJC-M193Q247
5993,LJC06215,LJC06215.jpg,62-15,247,193,にわ (庭園),LJC-M193Q247
5994,LJC06216,LJC06216.jpg,62-16,247,193,にわ (庭園),LJC-M193Q247
5995,LJC06217,LJC06217.jpg,62-17,247,193,にわ (庭園),LJC-M193Q247
5996,LJC06218,LJC06218.jpg,62-18,247,193,にわ (庭園),LJC-M193Q247
5997,LJC06219,LJC06219.jpg,62-19,247,193,にわ (庭園),LJC-M193Q247
5998,LJC06220,LJC06220.jpg,62-20,247,193,にわ (庭園),LJC-M193Q247
5999,LJC06221,LJC06221.jpg,62-21,247,193,にわ (庭園),LJC-M193Q247
6000,LJC06222,LJC06222.jpg,62-22,247,193,にわ (庭園),LJC-M193Q247
6001,LJC06223,LJC06223.jpg,62-23,247,193,にわ (庭園),LJC-M193Q247
6002,LJC06224,LJC06224.jpg,62-24,247,193,にわ (庭園),LJC-M193Q247
6003,LJC06225,LJC06225.jpg,62-25,247,193,にわ (庭園),LJC-M193Q247
6004,LJC06226,LJC06226.jpg,62-26,247,193,にわ (庭園),LJC-M193Q247
6005,LJC06227,LJC06227.jpg,62-27,247,193,にわ (庭園),LJC-M193Q247
6006,LJC06228,LJC06228.jpg,62-28,142,194,ニワを“土間”の意味で使うか,LJC-M194Q142
6007,LJC06229,LJC06229.jpg,62-29,142,194,ニワを“土間”の意味で使うか,LJC-M194Q142
6008,LJC06230,LJC06230.jpg,62-30,142,194,ニワを“土間”の意味で使うか,LJC-M194Q142
6009,LJC06231,LJC06231.jpg,62-31,142,194,ニワを“土間”の意味で使うか,LJC-M194Q142
6010,LJC06232,LJC06232.jpg,62-32,142,194,ニワを“土間”の意味で使うか,LJC-M194Q142
6011,LJC06233,LJC06233.jpg,62-33,142,194,ニワを“土間”の意味で使うか,LJC-M194Q142
6012,LJC06234,LJC06234.jpg,62-34,142,194,ニワを“土間”の意味で使うか,LJC-M194Q142
6013,LJC06235,LJC06235.jpg,62-35,142,194,ニワを“土間”の意味で使うか,LJC-M194Q142
6014,LJC06236,LJC06236.jpg,62-36,142,194,ニワを“土間”の意味で使うか,LJC-M194Q142
6015,LJC06237,LJC06237.jpg,62-37,142,194,ニワを“土間”の意味で使うか,LJC-M194Q142
6016,LJC06238,LJC06238.jpg,62-38,142,194,ニワを“土間”の意味で使うか,LJC-M194Q142
6017,LJC06239,LJC06239.jpg,62-39,142,194,ニワを“土間”の意味で使うか,LJC-M194Q142
6018,LJC06240,LJC06240.jpg,62-40,142,194,ニワを“土間”の意味で使うか,LJC-M194Q142
6019,LJC06241,LJC06241.jpg,62-41,142,194,ニワを“土間”の意味で使うか,LJC-M194Q142
6020,LJC06242,LJC06242.jpg,62-42,142,194,ニワを“土間”の意味で使うか,LJC-M194Q142
6021,LJC06243,LJC06243.jpg,62-43,142,194,ニワを“土間”の意味で使うか,LJC-M194Q142
6022,LJC06244,LJC06244.jpg,62-44,142,194,ニワを“土間”の意味で使うか,LJC-M194Q142
6023,LJC06245,LJC06245.jpg,62-45,142,194,ニワを“土間”の意味で使うか,LJC-M194Q142
6024,LJC06246,LJC06246.jpg,62-46,142,194,ニワを“土間”の意味で使うか,LJC-M194Q142
6025,LJC06247,LJC06247.jpg,62-47,142,194,ニワを“土間”の意味で使うか,LJC-M194Q142
6026,LJC06248,LJC06248.jpg,62-48,142,194,ニワを“土間”の意味で使うか,LJC-M194Q142
6027,LJC06249,LJC06249.jpg,62-49,142,194,ニワを“土間”の意味で使うか,LJC-M194Q142
6028,LJC06250,LJC06250.jpg,62-50,142,194,ニワを“土間”の意味で使うか,LJC-M194Q142
6029,LJC06251,LJC06251.jpg,62-51,142,194,ニワを“土間”の意味で使うか,LJC-M194Q142
6030,LJC06252,LJC06252.jpg,62-52,142,194,ニワを“土間”の意味で使うか,LJC-M194Q142
6031,LJC06253,LJC06253.jpg,62-53,142,194,ニワを“土間”の意味で使うか,LJC-M194Q142
6032,LJC06254,LJC06254.jpg,62-54,142,194,ニワを“土間”の意味で使うか,LJC-M194Q142
6033,LJC06255,LJC06255.jpg,62-55,142,194,ニワを“土間”の意味で使うか,LJC-M194Q142
6034,LJC06256,LJC06256.jpg,62-56,142,194,ニワを“土間”の意味で使うか,LJC-M194Q142
6035,LJC06257,LJC06257.jpg,62-57,142,194,ニワを“土間”の意味で使うか,LJC-M194Q142
6036,LJC06258,LJC06258.jpg,62-58,142,194,ニワを“土間”の意味で使うか,LJC-M194Q142
6037,LJC06259,LJC06259.jpg,62-59,142,194,ニワを“土間”の意味で使うか,LJC-M194Q142
6038,LJC06260,LJC06260.jpg,62-60,142,194,ニワを“土間”の意味で使うか,LJC-M194Q142
6039,LJC06261,LJC06261.jpg,62-61,142,194,ニワを“土間”の意味で使うか,LJC-M194Q142
6040,LJC06262,LJC06262.jpg,62-62,142,194,ニワを“土間”の意味で使うか,LJC-M194Q142
6041,LJC06263,LJC06263.jpg,62-63,142,194,ニワを“土間”の意味で使うか,LJC-M194Q142
6042,LJC06264,LJC06264.jpg,62-64,142,194,ニワを“土間”の意味で使うか,LJC-M194Q142
6043,LJC06265,LJC06265.jpg,62-65,142,194,ニワを“土間”の意味で使うか,LJC-M194Q142
6044,LJC06266,LJC06266.jpg,62-66,142,194,ニワを“土間”の意味で使うか,LJC-M194Q142
6045,LJC06267,LJC06267.jpg,62-67,142,194,ニワを“土間”の意味で使うか,LJC-M194Q142
6046,LJC06268,LJC06268.jpg,62-68,142,194,ニワを“土間”の意味で使うか,LJC-M194Q142
6047,LJC06269,LJC06269.jpg,62-69,142,194,ニワを“土間”の意味で使うか,LJC-M194Q142
6048,LJC06270,LJC06270.jpg,62-70,142,194,ニワを“土間”の意味で使うか,LJC-M194Q142
6049,LJC06271,LJC06271.jpg,62-71,142,194,ニワを“土間”の意味で使うか,LJC-M194Q142
6050,LJC06272,LJC06272.jpg,62-72,142,194,ニワを“土間”の意味で使うか,LJC-M194Q142
6051,LJC06273,LJC06273.jpg,62-73,142,194,ニワを“土間”の意味で使うか,LJC-M194Q142
6052,LJC06274,LJC06274.jpg,62-74,142,194,ニワを“土間”の意味で使うか,LJC-M194Q142
6053,LJC06275,LJC06275.jpg,62-75,142,194,ニワを“土間”の意味で使うか,LJC-M194Q142
6054,LJC06276,LJC06276.jpg,62-76,142,194,ニワを“土間”の意味で使うか,LJC-M194Q142
6055,LJC06277,LJC06277.jpg,62-77,142,194,ニワを“土間”の意味で使うか,LJC-M194Q142
6056,LJC06278,LJC06278.jpg,62-78,142,194,ニワを“土間”の意味で使うか,LJC-M194Q142
6057,LJC06279,LJC06279.jpg,62-79,142,194,ニワを“土間”の意味で使うか,LJC-M194Q142
6058,LJC06280,LJC06280.jpg,62-80,142,194,ニワを“土間”の意味で使うか,LJC-M194Q142
6059,LJC06281,LJC06281.jpg,62-81,142,194,ニワを“土間”の意味で使うか,LJC-M194Q142
6060,LJC06282,LJC06282.jpg,62-82,142,194,ニワを“土間”の意味で使うか,LJC-M194Q142
6061,LJC06283,LJC06283.jpg,62-83,142,194,ニワを“土間”の意味で使うか,LJC-M194Q142
6062,LJC06284,LJC06284.jpg,62-84,142,194,ニワを“土間”の意味で使うか,LJC-M194Q142
6063,LJC06285,LJC06285.jpg,62-85,143,195,ニワを“前庭―仕事場”の意味で使うか,LJC-M195Q143
6064,LJC06286,LJC06286.jpg,62-86,143,195,ニワを“前庭―仕事場”の意味で使うか,LJC-M195Q143
6065,LJC06287,LJC06287.jpg,62-87,143,195,ニワを“前庭―仕事場”の意味で使うか,LJC-M195Q143
6066,LJC06288,LJC06288.jpg,62-88,143,195,ニワを“前庭―仕事場”の意味で使うか,LJC-M195Q143
6067,LJC06289,LJC06289.jpg,62-89,143,195,ニワを“前庭―仕事場”の意味で使うか,LJC-M195Q143
6068,LJC06290,LJC06290.jpg,62-90,143,195,ニワを“前庭―仕事場”の意味で使うか,LJC-M195Q143
6069,LJC06291,LJC06291.jpg,62-91,143,195,ニワを“前庭―仕事場”の意味で使うか,LJC-M195Q143
6070,LJC06292,LJC06292.jpg,62-92,143,195,ニワを“前庭―仕事場”の意味で使うか,LJC-M195Q143
6071,LJC06293,LJC06293.jpg,62-93,143,195,ニワを“前庭―仕事場”の意味で使うか,LJC-M195Q143
6072,LJC06294,LJC06294.jpg,62-94,143,195,ニワを“前庭―仕事場”の意味で使うか,LJC-M195Q143
6073,LJC06295,LJC06295.jpg,62-95,143,195,ニワを“前庭―仕事場”の意味で使うか,LJC-M195Q143
6074,LJC06296,LJC06296.jpg,62-96,143,195,ニワを“前庭―仕事場”の意味で使うか,LJC-M195Q143
6075,LJC06297,LJC06297.jpg,62-97,143,195,ニワを“前庭―仕事場”の意味で使うか,LJC-M195Q143
6076,LJC06298,LJC06298.jpg,62-98,143,195,ニワを“前庭―仕事場”の意味で使うか,LJC-M195Q143
6077,LJC06301,LJC06301.jpg,63-01,143,195,ニワを“前庭―仕事場”の意味で使うか,LJC-M195Q143
6078,LJC06302,LJC06302.jpg,63-02,143,195,ニワを“前庭―仕事場”の意味で使うか,LJC-M195Q143
6079,LJC06303,LJC06303.jpg,63-03,143,195,ニワを“前庭―仕事場”の意味で使うか,LJC-M195Q143
6080,LJC06304,LJC06304.jpg,63-04,143,195,ニワを“前庭―仕事場”の意味で使うか,LJC-M195Q143
6081,LJC06305,LJC06305.jpg,63-05,143,195,ニワを“前庭―仕事場”の意味で使うか,LJC-M195Q143
6082,LJC06306,LJC06306.jpg,63-06,143,195,ニワを“前庭―仕事場”の意味で使うか,LJC-M195Q143
6083,LJC06307,LJC06307.jpg,63-07,143,195,ニワを“前庭―仕事場”の意味で使うか,LJC-M195Q143
6084,LJC06308,LJC06308.jpg,63-08,143,195,ニワを“前庭―仕事場”の意味で使うか,LJC-M195Q143
6085,LJC06309,LJC06309.jpg,63-09,143,195,ニワを“前庭―仕事場”の意味で使うか,LJC-M195Q143
6086,LJC06310,LJC06310.jpg,63-10,143,195,ニワを“前庭―仕事場”の意味で使うか,LJC-M195Q143
6087,LJC06311,LJC06311.jpg,63-11,143,195,ニワを“前庭―仕事場”の意味で使うか,LJC-M195Q143
6088,LJC06312,LJC06312.jpg,63-12,143,195,ニワを“前庭―仕事場”の意味で使うか,LJC-M195Q143
6089,LJC06313,LJC06313.jpg,63-13,143,195,ニワを“前庭―仕事場”の意味で使うか,LJC-M195Q143
6090,LJC06314,LJC06314.jpg,63-14,143,195,ニワを“前庭―仕事場”の意味で使うか,LJC-M195Q143
6091,LJC06315,LJC06315.jpg,63-15,143,195,ニワを“前庭―仕事場”の意味で使うか,LJC-M195Q143
6092,LJC06316,LJC06316.jpg,63-16,143,195,ニワを“前庭―仕事場”の意味で使うか,LJC-M195Q143
6093,LJC06317,LJC06317.jpg,63-17,143,195,ニワを“前庭―仕事場”の意味で使うか,LJC-M195Q143
6094,LJC06318,LJC06318.jpg,63-18,143,195,ニワを“前庭―仕事場”の意味で使うか,LJC-M195Q143
6095,LJC06319,LJC06319.jpg,63-19,143,195,ニワを“前庭―仕事場”の意味で使うか,LJC-M195Q143
6096,LJC06320,LJC06320.jpg,63-20,143,195,ニワを“前庭―仕事場”の意味で使うか,LJC-M195Q143
6097,LJC06321,LJC06321.jpg,63-21,143,195,ニワを“前庭―仕事場”の意味で使うか,LJC-M195Q143
6098,LJC06322,LJC06322.jpg,63-22,143,195,ニワを“前庭―仕事場”の意味で使うか,LJC-M195Q143
6099,LJC06323,LJC06323.jpg,63-23,143,195,ニワを“前庭―仕事場”の意味で使うか,LJC-M195Q143
6100,LJC06324,LJC06324.jpg,63-24,143,195,ニワを“前庭―仕事場”の意味で使うか,LJC-M195Q143
6101,LJC06325,LJC06325.jpg,63-25,143,195,ニワを“前庭―仕事場”の意味で使うか,LJC-M195Q143
6102,LJC06326,LJC06326.jpg,63-26,143,195,ニワを“前庭―仕事場”の意味で使うか,LJC-M195Q143
6103,LJC06327,LJC06327.jpg,63-27,143,195,ニワを“前庭―仕事場”の意味で使うか,LJC-M195Q143
6104,LJC06328,LJC06328.jpg,63-28,143,195,ニワを“前庭―仕事場”の意味で使うか,LJC-M195Q143
6105,LJC06329,LJC06329.jpg,63-29,143,195,ニワを“前庭―仕事場”の意味で使うか,LJC-M195Q143
6106,LJC06330,LJC06330.jpg,63-30,143,195,ニワを“前庭―仕事場”の意味で使うか,LJC-M195Q143
6107,LJC06331,LJC06331.jpg,63-31,143,195,ニワを“前庭―仕事場”の意味で使うか,LJC-M195Q143
6108,LJC06332,LJC06332.jpg,63-32,143,195,ニワを“前庭―仕事場”の意味で使うか,LJC-M195Q143
6109,LJC06333,LJC06333.jpg,63-33,143,195,ニワを“前庭―仕事場”の意味で使うか,LJC-M195Q143
6110,LJC06334,LJC06334.jpg,63-34,143,195,ニワを“前庭―仕事場”の意味で使うか,LJC-M195Q143
6111,LJC06335,LJC06335.jpg,63-35,143,195,ニワを“前庭―仕事場”の意味で使うか,LJC-M195Q143
6112,LJC06336,LJC06336.jpg,63-36,143,195,ニワを“前庭―仕事場”の意味で使うか,LJC-M195Q143
6113,LJC06337,LJC06337.jpg,63-37,143,195,ニワを“前庭―仕事場”の意味で使うか,LJC-M195Q143
6114,LJC06338,LJC06338.jpg,63-38,143,195,ニワを“前庭―仕事場”の意味で使うか,LJC-M195Q143
6115,LJC06339,LJC06339.jpg,63-39,143,195,ニワを“前庭―仕事場”の意味で使うか,LJC-M195Q143
6116,LJC06340,LJC06340.jpg,63-40,143,195,ニワを“前庭―仕事場”の意味で使うか,LJC-M195Q143
6117,LJC06341,LJC06341.jpg,63-41,143,195,ニワを“前庭―仕事場”の意味で使うか,LJC-M195Q143
6118,LJC06342,LJC06342.jpg,63-42,143,195,ニワを“前庭―仕事場”の意味で使うか,LJC-M195Q143
6119,LJC06343,LJC06343.jpg,63-43,143,195,ニワを“前庭―仕事場”の意味で使うか,LJC-M195Q143
6120,LJC06344,LJC06344.jpg,63-44,143,195,ニワを“前庭―仕事場”の意味で使うか,LJC-M195Q143
6121,LJC06345,LJC06345.jpg,63-45,143,195,ニワを“前庭―仕事場”の意味で使うか,LJC-M195Q143
6122,LJC06346,LJC06346.jpg,63-46,143,195,ニワを“前庭―仕事場”の意味で使うか,LJC-M195Q143
6123,LJC06347,LJC06347.jpg,63-47,143,195,ニワを“前庭―仕事場”の意味で使うか,LJC-M195Q143
6124,LJC06348,LJC06348.jpg,63-48,143,195,ニワを“前庭―仕事場”の意味で使うか,LJC-M195Q143
6125,LJC06349,LJC06349.jpg,63-49,143,195,ニワを“前庭―仕事場”の意味で使うか,LJC-M195Q143
6126,LJC06350,LJC06350.jpg,63-50,143,195,ニワを“前庭―仕事場”の意味で使うか,LJC-M195Q143
6127,LJC06351,LJC06351.jpg,63-51,143,195,ニワを“前庭―仕事場”の意味で使うか,LJC-M195Q143
6128,LJC06352,LJC06352.jpg,63-52,143,195,ニワを“前庭―仕事場”の意味で使うか,LJC-M195Q143
6129,LJC06353,LJC06353.jpg,63-53,143,195,ニワを“前庭―仕事場”の意味で使うか,LJC-M195Q143
6130,LJC06354,LJC06354.jpg,63-54,143,195,ニワを“前庭―仕事場”の意味で使うか,LJC-M195Q143
6131,LJC06355,LJC06355.jpg,63-55,143,195,ニワを“前庭―仕事場”の意味で使うか,LJC-M195Q143
6132,LJC06356,LJC06356.jpg,63-56,143,195,ニワを“前庭―仕事場”の意味で使うか,LJC-M195Q143
6133,LJC06357,LJC06357.jpg,63-57,143,195,ニワを“前庭―仕事場”の意味で使うか,LJC-M195Q143
6134,LJC06358,LJC06358.jpg,63-58,143,195,ニワを“前庭―仕事場”の意味で使うか,LJC-M195Q143
6135,LJC06359,LJC06359.jpg,63-59,143,195,ニワを“前庭―仕事場”の意味で使うか,LJC-M195Q143
6136,LJC06360,LJC06360.jpg,63-60,143,195,ニワを“前庭―仕事場”の意味で使うか,LJC-M195Q143
6137,LJC06361,LJC06361.jpg,63-61,143,195,ニワを“前庭―仕事場”の意味で使うか,LJC-M195Q143
6138,LJC06362,LJC06362.jpg,63-62,143,195,ニワを“前庭―仕事場”の意味で使うか,LJC-M195Q143
6139,LJC06363,LJC06363.jpg,63-63,143,195,ニワを“前庭―仕事場”の意味で使うか,LJC-M195Q143
6140,LJC06364,LJC06364.jpg,63-64,143,195,ニワを“前庭―仕事場”の意味で使うか,LJC-M195Q143
6141,LJC06365,LJC06365.jpg,63-65,143,195,ニワを“前庭―仕事場”の意味で使うか,LJC-M195Q143
6142,LJC06366,LJC06366.jpg,63-66,143,195,ニワを“前庭―仕事場”の意味で使うか,LJC-M195Q143
6143,LJC06367,LJC06367.jpg,63-67,143,195,ニワを“前庭―仕事場”の意味で使うか,LJC-M195Q143
6144,LJC06368,LJC06368.jpg,63-68,143,195,ニワを“前庭―仕事場”の意味で使うか,LJC-M195Q143
6145,LJC06369,LJC06369.jpg,63-69,143,195,ニワを“前庭―仕事場”の意味で使うか,LJC-M195Q143
6146,LJC06370,LJC06370.jpg,63-70,143,195,ニワを“前庭―仕事場”の意味で使うか,LJC-M195Q143
6147,LJC06371,LJC06371.jpg,63-71,143,195,ニワを“前庭―仕事場”の意味で使うか,LJC-M195Q143
6148,LJC06372,LJC06372.jpg,63-72,143,195,ニワを“前庭―仕事場”の意味で使うか,LJC-M195Q143
6149,LJC06373,LJC06373.jpg,63-73,143,195,ニワを“前庭―仕事場”の意味で使うか,LJC-M195Q143
6150,LJC06374,LJC06374.jpg,63-74,143,195,ニワを“前庭―仕事場”の意味で使うか,LJC-M195Q143
6151,LJC06375,LJC06375.jpg,63-75,143,195,ニワを“前庭―仕事場”の意味で使うか,LJC-M195Q143
6152,LJC06376,LJC06376.jpg,63-76,143,195,ニワを“前庭―仕事場”の意味で使うか,LJC-M195Q143
6153,LJC06377,LJC06377.jpg,63-77,143,195,ニワを“前庭―仕事場”の意味で使うか,LJC-M195Q143
6154,LJC06378,LJC06378.jpg,63-78,143,195,ニワを“前庭―仕事場”の意味で使うか,LJC-M195Q143
6155,LJC06379,LJC06379.jpg,63-79,143,195,ニワを“前庭―仕事場”の意味で使うか,LJC-M195Q143
6156,LJC06380,LJC06380.jpg,63-80,143,195,ニワを“前庭―仕事場”の意味で使うか,LJC-M195Q143
6157,LJC06381,LJC06381.jpg,63-81,143,195,ニワを“前庭―仕事場”の意味で使うか,LJC-M195Q143
6158,LJC06382,LJC06382.jpg,63-82,143,195,ニワを“前庭―仕事場”の意味で使うか,LJC-M195Q143
6159,LJC06383,LJC06383.jpg,63-83,143,195,ニワを“前庭―仕事場”の意味で使うか,LJC-M195Q143
6160,LJC06384,LJC06384.jpg,63-84,143,195,ニワを“前庭―仕事場”の意味で使うか,LJC-M195Q143
6161,LJC06385,LJC06385.jpg,63-85,143,195,ニワを“前庭―仕事場”の意味で使うか,LJC-M195Q143
6162,LJC06386,LJC06386.jpg,63-86,143,195,ニワを“前庭―仕事場”の意味で使うか,LJC-M195Q143
6163,LJC06387,LJC06387.jpg,63-87,143,195,ニワを“前庭―仕事場”の意味で使うか,LJC-M195Q143
6164,LJC06388,LJC06388.jpg,63-88,143,195,ニワを“前庭―仕事場”の意味で使うか,LJC-M195Q143
6165,LJC06389,LJC06389.jpg,63-89,143,195,ニワを“前庭―仕事場”の意味で使うか,LJC-M195Q143
6166,LJC06390,LJC06390.jpg,63-90,143,195,ニワを“前庭―仕事場”の意味で使うか,LJC-M195Q143
6167,LJC06391,LJC06391.jpg,63-91,143,195,ニワを“前庭―仕事場”の意味で使うか,LJC-M195Q143
6168,LJC06392,LJC06392.jpg,63-92,143,195,ニワを“前庭―仕事場”の意味で使うか,LJC-M195Q143
6169,LJC06393,LJC06393.jpg,63-93,143,195,ニワを“前庭―仕事場”の意味で使うか,LJC-M195Q143
6170,LJC06394,LJC06394.jpg,63-94,143,195,ニワを“前庭―仕事場”の意味で使うか,LJC-M195Q143
6171,LJC06395,LJC06395.jpg,63-95,143,195,ニワを“前庭―仕事場”の意味で使うか,LJC-M195Q143
6172,LJC06396,LJC06396.jpg,63-96,143,195,ニワを“前庭―仕事場”の意味で使うか,LJC-M195Q143
6173,LJC06397,LJC06397.jpg,63-97,143,195,ニワを“前庭―仕事場”の意味で使うか,LJC-M195Q143
6174,LJC06398,LJC06398.jpg,63-98,143,195,ニワを“前庭―仕事場”の意味で使うか,LJC-M195Q143
6175,LJC06401,LJC06401.jpg,64-01,143,195,ニワを“前庭―仕事場”の意味で使うか,LJC-M195Q143
6176,LJC06402,LJC06402.jpg,64-02,143,195,ニワを“前庭―仕事場”の意味で使うか,LJC-M195Q143
6177,LJC06403,LJC06403.jpg,64-03,143,195,ニワを“前庭―仕事場”の意味で使うか,LJC-M195Q143
6178,LJC06404,LJC06404.jpg,64-04,143,195,ニワを“前庭―仕事場”の意味で使うか,LJC-M195Q143
6179,LJC06405,LJC06405.jpg,64-05,143,195,ニワを“前庭―仕事場”の意味で使うか,LJC-M195Q143
6180,LJC06406,LJC06406.jpg,64-06,143,195,ニワを“前庭―仕事場”の意味で使うか,LJC-M195Q143
6181,LJC06407,LJC06407.jpg,64-07,143,195,ニワを“前庭―仕事場”の意味で使うか,LJC-M195Q143
6182,LJC06408,LJC06408.jpg,64-08,143,195,ニワを“前庭―仕事場”の意味で使うか,LJC-M195Q143
6183,LJC06409,LJC06409.jpg,64-09,143,195,ニワを“前庭―仕事場”の意味で使うか,LJC-M195Q143
6184,LJC06410,LJC06410.jpg,64-10,146,196,カドを“前庭―仕事場”の意味で使うか,LJC-M196Q146
6185,LJC06411,LJC06411.jpg,64-11,146,196,カドを“前庭―仕事場”の意味で使うか,LJC-M196Q146
6186,LJC06412,LJC06412.jpg,64-12,146,196,カドを“前庭―仕事場”の意味で使うか,LJC-M196Q146
6187,LJC06413,LJC06413.jpg,64-13,146,196,カドを“前庭―仕事場”の意味で使うか,LJC-M196Q146
6188,LJC06414,LJC06414.jpg,64-14,146,196,カドを“前庭―仕事場”の意味で使うか,LJC-M196Q146
6189,LJC06415,LJC06415.jpg,64-15,146,196,カドを“前庭―仕事場”の意味で使うか,LJC-M196Q146
6190,LJC06416,LJC06416.jpg,64-16,146,196,カドを“前庭―仕事場”の意味で使うか,LJC-M196Q146
6191,LJC06417,LJC06417.jpg,64-17,146,196,カドを“前庭―仕事場”の意味で使うか,LJC-M196Q146
6192,LJC06418,LJC06418.jpg,64-18,146,196,カドを“前庭―仕事場”の意味で使うか,LJC-M196Q146
6193,LJC06419,LJC06419.jpg,64-19,146,196,カドを“前庭―仕事場”の意味で使うか,LJC-M196Q146
6194,LJC06420,LJC06420.jpg,64-20,146,196,カドを“前庭―仕事場”の意味で使うか,LJC-M196Q146
6195,LJC06421,LJC06421.jpg,64-21,146,196,カドを“前庭―仕事場”の意味で使うか,LJC-M196Q146
6196,LJC06422,LJC06422.jpg,64-22,146,196,カドを“前庭―仕事場”の意味で使うか,LJC-M196Q146
6197,LJC06423,LJC06423.jpg,64-23,146,196,カドを“前庭―仕事場”の意味で使うか,LJC-M196Q146
6198,LJC06424,LJC06424.jpg,64-24,146,196,カドを“前庭―仕事場”の意味で使うか,LJC-M196Q146
6199,LJC06425,LJC06425.jpg,64-25,146,196,カドを“前庭―仕事場”の意味で使うか,LJC-M196Q146
6200,LJC06426,LJC06426.jpg,64-26,146,196,カドを“前庭―仕事場”の意味で使うか,LJC-M196Q146
6201,LJC06427,LJC06427.jpg,64-27,146,196,カドを“前庭―仕事場”の意味で使うか,LJC-M196Q146
6202,LJC06428,LJC06428.jpg,64-28,146,196,カドを“前庭―仕事場”の意味で使うか,LJC-M196Q146
6203,LJC06429,LJC06429.jpg,64-29,146,196,カドを“前庭―仕事場”の意味で使うか,LJC-M196Q146
6204,LJC06430,LJC06430.jpg,64-30,146,196,カドを“前庭―仕事場”の意味で使うか,LJC-M196Q146
6205,LJC06431,LJC06431.jpg,64-31,146,196,カドを“前庭―仕事場”の意味で使うか,LJC-M196Q146
6206,LJC06432,LJC06432.jpg,64-32,146,196,カドを“前庭―仕事場”の意味で使うか,LJC-M196Q146
6207,LJC06433,LJC06433.jpg,64-33,146,196,カドを“前庭―仕事場”の意味で使うか,LJC-M196Q146
6208,LJC06434,LJC06434.jpg,64-34,146,196,カドを“前庭―仕事場”の意味で使うか,LJC-M196Q146
6209,LJC06435,LJC06435.jpg,64-35,146,196,カドを“前庭―仕事場”の意味で使うか,LJC-M196Q146
6210,LJC06436,LJC06436.jpg,64-36,146,196,カドを“前庭―仕事場”の意味で使うか,LJC-M196Q146
6211,LJC06437,LJC06437.jpg,64-37,146,196,カドを“前庭―仕事場”の意味で使うか,LJC-M196Q146
6212,LJC06438,LJC06438.jpg,64-38,146,196,カドを“前庭―仕事場”の意味で使うか,LJC-M196Q146
6213,LJC06439,LJC06439.jpg,64-39,146,196,カドを“前庭―仕事場”の意味で使うか,LJC-M196Q146
6214,LJC06440,LJC06440.jpg,64-40,146,196,カドを“前庭―仕事場”の意味で使うか,LJC-M196Q146
6215,LJC06441,LJC06441.jpg,64-41,146,196,カドを“前庭―仕事場”の意味で使うか,LJC-M196Q146
6216,LJC06442,LJC06442.jpg,64-42,146,196,カドを“前庭―仕事場”の意味で使うか,LJC-M196Q146
6217,LJC06443,LJC06443.jpg,64-43,146,196,カドを“前庭―仕事場”の意味で使うか,LJC-M196Q146
6218,LJC06444,LJC06444.jpg,64-44,146,196,カドを“前庭―仕事場”の意味で使うか,LJC-M196Q146
6219,LJC06445,LJC06445.jpg,64-45,146,196,カドを“前庭―仕事場”の意味で使うか,LJC-M196Q146
6220,LJC06446,LJC06446.jpg,64-46,146,196,カドを“前庭―仕事場”の意味で使うか,LJC-M196Q146
6221,LJC06447,LJC06447.jpg,64-47,146,196,カドを“前庭―仕事場”の意味で使うか,LJC-M196Q146
6222,LJC06448,LJC06448.jpg,64-48,146,196,カドを“前庭―仕事場”の意味で使うか,LJC-M196Q146
6223,LJC06449,LJC06449.jpg,64-49,146,196,カドを“前庭―仕事場”の意味で使うか,LJC-M196Q146
6224,LJC06450,LJC06450.jpg,64-50,146,196,カドを“前庭―仕事場”の意味で使うか,LJC-M196Q146
6225,LJC06451,LJC06451.jpg,64-51,146,196,カドを“前庭―仕事場”の意味で使うか,LJC-M196Q146
6226,LJC06452,LJC06452.jpg,64-52,146,196,カドを“前庭―仕事場”の意味で使うか,LJC-M196Q146
6227,LJC06453,LJC06453.jpg,64-53,146,196,カドを“前庭―仕事場”の意味で使うか,LJC-M196Q146
6228,LJC06454,LJC06454.jpg,64-54,146,196,カドを“前庭―仕事場”の意味で使うか,LJC-M196Q146
6229,LJC06455,LJC06455.jpg,64-55,146,196,カドを“前庭―仕事場”の意味で使うか,LJC-M196Q146
6230,LJC06456,LJC06456.jpg,64-56,146,196,カドを“前庭―仕事場”の意味で使うか,LJC-M196Q146
6231,LJC06457,LJC06457.jpg,64-57,146,196,カドを“前庭―仕事場”の意味で使うか,LJC-M196Q146
6232,LJC06458,LJC06458.jpg,64-58,146,196,カドを“前庭―仕事場”の意味で使うか,LJC-M196Q146
6233,LJC06459,LJC06459.jpg,64-59,146,196,カドを“前庭―仕事場”の意味で使うか,LJC-M196Q146
6234,LJC06460,LJC06460.jpg,64-60,147,197,いど (井戸),LJC-M197Q147
6235,LJC06461,LJC06461.jpg,64-61,147,197,いど (井戸),LJC-M197Q147
6236,LJC06462,LJC06462.jpg,64-62,147,197,いど (井戸),LJC-M197Q147
6237,LJC06463,LJC06463.jpg,64-63,147,197,いど (井戸),LJC-M197Q147
6238,LJC06464,LJC06464.jpg,64-64,147,197,いど (井戸),LJC-M197Q147
6239,LJC06465,LJC06465.jpg,64-65,147,197,いど (井戸),LJC-M197Q147
6240,LJC06466,LJC06466.jpg,64-66,147,197,いど (井戸),LJC-M197Q147
6241,LJC06467,LJC06467.jpg,64-67,147,197,いど (井戸),LJC-M197Q147
6242,LJC06468,LJC06468.jpg,64-68,147,197,いど (井戸),LJC-M197Q147
6243,LJC06469,LJC06469.jpg,64-69,147,197,いど (井戸),LJC-M197Q147
6244,LJC06470,LJC06470.jpg,64-70,147,197,いど (井戸),LJC-M197Q147
6245,LJC06471,LJC06471.jpg,64-71,147,197,いど (井戸),LJC-M197Q147
6246,LJC06472,LJC06472.jpg,64-72,147,197,いど (井戸),LJC-M197Q147
6247,LJC06473,LJC06473.jpg,64-73,147,197,いど (井戸),LJC-M197Q147
6248,LJC06474,LJC06474.jpg,64-74,147,197,いど (井戸),LJC-M197Q147
6249,LJC06475,LJC06475.jpg,64-75,147,197,いど (井戸),LJC-M197Q147
6250,LJC06476,LJC06476.jpg,64-76,147,197,いど (井戸),LJC-M197Q147
6251,LJC06477,LJC06477.jpg,64-77,147,197,いど (井戸),LJC-M197Q147
6252,LJC06478,LJC06478.jpg,64-78,147,197,いど (井戸),LJC-M197Q147
6253,LJC06479,LJC06479.jpg,64-79,147,197,いど (井戸),LJC-M197Q147
6254,LJC06480,LJC06480.jpg,64-80,147,197,いど (井戸),LJC-M197Q147
6255,LJC06481,LJC06481.jpg,64-81,147,197,いど (井戸),LJC-M197Q147
6256,LJC06482,LJC06482.jpg,64-82,147,197,いど (井戸),LJC-M197Q147
6257,LJC06483,LJC06483.jpg,64-83,147,197,いど (井戸),LJC-M197Q147
6258,LJC06484,LJC06484.jpg,64-84,147,197,いど (井戸),LJC-M197Q147
6259,LJC06485,LJC06485.jpg,64-85,147,197,いど (井戸),LJC-M197Q147
6260,LJC06486,LJC06486.jpg,64-86,147,197,いど (井戸),LJC-M197Q147
6261,LJC06487,LJC06487.jpg,64-87,147,197,いど (井戸),LJC-M197Q147
6262,LJC06488,LJC06488.jpg,64-88,147,197,いど (井戸),LJC-M197Q147
6263,LJC06489,LJC06489.jpg,64-89,147,197,いど (井戸),LJC-M197Q147
6264,LJC06490,LJC06490.jpg,64-90,147,197,いど (井戸),LJC-M197Q147
6265,LJC06491,LJC06491.jpg,64-91,147,197,いど (井戸),LJC-M197Q147
6266,LJC06492,LJC06492.jpg,64-92,147,197,いど (井戸),LJC-M197Q147
6267,LJC06493,LJC06493.jpg,64-93,147,197,いど (井戸),LJC-M197Q147
6268,LJC06494,LJC06494.jpg,64-94,147,197,いど (井戸),LJC-M197Q147
6269,LJC06495,LJC06495.jpg,64-95,147,197,いど (井戸),LJC-M197Q147
6270,LJC06496,LJC06496.jpg,64-96,147,197,いど (井戸),LJC-M197Q147
6271,LJC06497,LJC06497.jpg,64-97,147,197,いど (井戸),LJC-M197Q147
6272,LJC06498,LJC06498.jpg,64-98,147,197,いど (井戸),LJC-M197Q147
6273,LJC06501,LJC06501.jpg,65-01,147,197,いど (井戸),LJC-M197Q147
6274,LJC06502,LJC06502.jpg,65-02,147,197,いど (井戸),LJC-M197Q147
6275,LJC06503,LJC06503.jpg,65-03,147,197,いど (井戸),LJC-M197Q147
6276,LJC06504,LJC06504.jpg,65-04,147,197,いど (井戸),LJC-M197Q147
6277,LJC06505,LJC06505.jpg,65-05,147,197,いど (井戸),LJC-M197Q147
6278,LJC06506,LJC06506.jpg,65-06,147,197,いど (井戸),LJC-M197Q147
6279,LJC06507,LJC06507.jpg,65-07,147,197,いど (井戸),LJC-M197Q147
6280,LJC06508,LJC06508.jpg,65-08,147,197,いど (井戸),LJC-M197Q147
6281,LJC06509,LJC06509.jpg,65-09,147,197,いど (井戸),LJC-M197Q147
6282,LJC06510,LJC06510.jpg,65-10,147,197,いど (井戸),LJC-M197Q147
6283,LJC06511,LJC06511.jpg,65-11,147,197,いど (井戸),LJC-M197Q147
6284,LJC06512,LJC06512.jpg,65-12,147,197,いど (井戸),LJC-M197Q147
6285,LJC06513,LJC06513.jpg,65-13,147,197,いど (井戸),LJC-M197Q147
6286,LJC06514,LJC06514.jpg,65-14,147,197,いど (井戸),LJC-M197Q147
6287,LJC06515,LJC06515.jpg,65-15,147,197,いど (井戸),LJC-M197Q147
6288,LJC06516,LJC06516.jpg,65-16,147,197,いど (井戸),LJC-M197Q147
6289,LJC06517,LJC06517.jpg,65-17,147,197,いど (井戸),LJC-M197Q147
6290,LJC06518,LJC06518.jpg,65-18,147,197,いど (井戸),LJC-M197Q147
6291,LJC06519,LJC06519.jpg,65-19,147,197,いど (井戸),LJC-M197Q147
6292,LJC06520,LJC06520.jpg,65-20,147,197,いど (井戸),LJC-M197Q147
6293,LJC06521,LJC06521.jpg,65-21,147,197,いど (井戸),LJC-M197Q147
6294,LJC06522,LJC06522.jpg,65-22,147,197,いど (井戸),LJC-M197Q147
6295,LJC06523,LJC06523.jpg,65-23,138,198,もり (森),LJC-M198Q138
6296,LJC06524,LJC06524.jpg,65-24,138,198,もり (森),LJC-M198Q138
6297,LJC06525,LJC06525.jpg,65-25,138,198,もり (森),LJC-M198Q138
6298,LJC06526,LJC06526.jpg,65-26,138,198,もり (森),LJC-M198Q138
6299,LJC06527,LJC06527.jpg,65-27,138,198,もり (森),LJC-M198Q138
6300,LJC06528,LJC06528.jpg,65-28,138,198,もり (森),LJC-M198Q138
6301,LJC06529,LJC06529.jpg,65-29,138,198,もり (森),LJC-M198Q138
6302,LJC06530,LJC06530.jpg,65-30,138,198,もり (森),LJC-M198Q138
6303,LJC06531,LJC06531.jpg,65-31,138,198,もり (森),LJC-M198Q138
6304,LJC06532,LJC06532.jpg,65-32,138,198,もり (森),LJC-M198Q138
6305,LJC06533,LJC06533.jpg,65-33,138,198,もり (森),LJC-M198Q138
6306,LJC06534,LJC06534.jpg,65-34,138,198,もり (森),LJC-M198Q138
6307,LJC06535,LJC06535.jpg,65-35,138,198,もり (森),LJC-M198Q138
6308,LJC06536,LJC06536.jpg,65-36,138,198,もり (森),LJC-M198Q138
6309,LJC06537,LJC06537.jpg,65-37,138,198,もり (森),LJC-M198Q138
6310,LJC06538,LJC06538.jpg,65-38,138,198,もり (森),LJC-M198Q138
6311,LJC06539,LJC06539.jpg,65-39,138,198,もり (森),LJC-M198Q138
6312,LJC06540,LJC06540.jpg,65-40,138,198,もり (森),LJC-M198Q138
6313,LJC06541,LJC06541.jpg,65-41,138,198,もり (森),LJC-M198Q138
6314,LJC06542,LJC06542.jpg,65-42,138,198,もり (森),LJC-M198Q138
6315,LJC06543,LJC06543.jpg,65-43,138,198,もり (森),LJC-M198Q138
6316,LJC06544,LJC06544.jpg,65-44,138,198,もり (森),LJC-M198Q138
6317,LJC06545,LJC06545.jpg,65-45,138,198,もり (森),LJC-M198Q138
6318,LJC06546,LJC06546.jpg,65-46,138,198,もり (森),LJC-M198Q138
6319,LJC06547,LJC06547.jpg,65-47,138,198,もり (森),LJC-M198Q138
6320,LJC06548,LJC06548.jpg,65-48,138,198,もり (森),LJC-M198Q138
6321,LJC06549,LJC06549.jpg,65-49,138,198,もり (森),LJC-M198Q138
6322,LJC06550,LJC06550.jpg,65-50,138,198,もり (森),LJC-M198Q138
6323,LJC06551,LJC06551.jpg,65-51,138,198,もり (森),LJC-M198Q138
6324,LJC06552,LJC06552.jpg,65-52,138,198,もり (森),LJC-M198Q138
6325,LJC06553,LJC06553.jpg,65-53,138,198,もり (森),LJC-M198Q138
6326,LJC06554,LJC06554.jpg,65-54,138,198,もり (森),LJC-M198Q138
6327,LJC06555,LJC06555.jpg,65-55,138,198,もり (森),LJC-M198Q138
6328,LJC06556,LJC06556.jpg,65-56,138,198,もり (森),LJC-M198Q138
6329,LJC06557,LJC06557.jpg,65-57,138,198,もり (森),LJC-M198Q138
6330,LJC06558,LJC06558.jpg,65-58,138,198,もり (森),LJC-M198Q138
6331,LJC06559,LJC06559.jpg,65-59,138,198,もり (森),LJC-M198Q138
6332,LJC06560,LJC06560.jpg,65-60,138,198,もり (森),LJC-M198Q138
6333,LJC06561,LJC06561.jpg,65-61,138,198,もり (森),LJC-M198Q138
6334,LJC06562,LJC06562.jpg,65-62,138,198,もり (森),LJC-M198Q138
6335,LJC06563,LJC06563.jpg,65-63,138,198,もり (森),LJC-M198Q138
6336,LJC06564,LJC06564.jpg,65-64,138,198,もり (森),LJC-M198Q138
6337,LJC06565,LJC06565.jpg,65-65,138,198,もり (森),LJC-M198Q138
6338,LJC06566,LJC06566.jpg,65-66,138,198,もり (森),LJC-M198Q138
6339,LJC06567,LJC06567.jpg,65-67,138,198,もり (森),LJC-M198Q138
6340,LJC06568,LJC06568.jpg,65-68,138,198,もり (森),LJC-M198Q138
6341,LJC06569,LJC06569.jpg,65-69,138,198,もり (森),LJC-M198Q138
6342,LJC06570,LJC06570.jpg,65-70,138,198,もり (森),LJC-M198Q138
6343,LJC06571,LJC06571.jpg,65-71,138,198,もり (森),LJC-M198Q138
6344,LJC06572,LJC06572.jpg,65-72,138,198,もり (森),LJC-M198Q138
6345,LJC06573,LJC06573.jpg,65-73,138,198,もり (森),LJC-M198Q138
6346,LJC06574,LJC06574.jpg,65-74,138,198,もり (森),LJC-M198Q138
6347,LJC06575,LJC06575.jpg,65-75,138,198,もり (森),LJC-M198Q138
6348,LJC06576,LJC06576.jpg,65-76,138,198,もり (森),LJC-M198Q138
6349,LJC06577,LJC06577.jpg,65-77,138,198,もり (森),LJC-M198Q138
6350,LJC06578,LJC06578.jpg,65-78,138,198,もり (森),LJC-M198Q138
6351,LJC06579,LJC06579.jpg,65-79,138,198,もり (森),LJC-M198Q138
6352,LJC06580,LJC06580.jpg,65-80,138,198,もり (森),LJC-M198Q138
6353,LJC06581,LJC06581.jpg,65-81,138,198,もり (森),LJC-M198Q138
6354,LJC06582,LJC06582.jpg,65-82,138,198,もり (森),LJC-M198Q138
6355,LJC06583,LJC06583.jpg,65-83,138,198,もり (森),LJC-M198Q138
6356,LJC06584,LJC06584.jpg,65-84,136,199,はやし (林),LJC-M199Q136
6357,LJC06585,LJC06585.jpg,65-85,136,199,はやし (林),LJC-M199Q136
6358,LJC06586,LJC06586.jpg,65-86,136,199,はやし (林),LJC-M199Q136
6359,LJC06587,LJC06587.jpg,65-87,136,199,はやし (林),LJC-M199Q136
6360,LJC06588,LJC06588.jpg,65-88,136,199,はやし (林),LJC-M199Q136
6361,LJC06589,LJC06589.jpg,65-89,136,199,はやし (林),LJC-M199Q136
6362,LJC06590,LJC06590.jpg,65-90,136,199,はやし (林),LJC-M199Q136
6363,LJC06591,LJC06591.jpg,65-91,136,199,はやし (林),LJC-M199Q136
6364,LJC06592,LJC06592.jpg,65-92,136,199,はやし (林),LJC-M199Q136
6365,LJC06593,LJC06593.jpg,65-93,136,199,はやし (林),LJC-M199Q136
6366,LJC06594,LJC06594.jpg,65-94,136,199,はやし (林),LJC-M199Q136
6367,LJC06595,LJC06595.jpg,65-95,136,199,はやし (林),LJC-M199Q136
6368,LJC06596,LJC06596.jpg,65-96,136,199,はやし (林),LJC-M199Q136
6369,LJC06597,LJC06597.jpg,65-97,136,199,はやし (林),LJC-M199Q136
6370,LJC06598,LJC06598.jpg,65-98,136,199,はやし (林),LJC-M199Q136
6371,LJC06601,LJC06601.jpg,66-01,136,199,はやし (林),LJC-M199Q136
6372,LJC06602,LJC06602.jpg,66-02,136,199,はやし (林),LJC-M199Q136
6373,LJC06603,LJC06603.jpg,66-03,136,199,はやし (林),LJC-M199Q136
6374,LJC06604,LJC06604.jpg,66-04,136,199,はやし (林),LJC-M199Q136
6375,LJC06605,LJC06605.jpg,66-05,136,199,はやし (林),LJC-M199Q136
6376,LJC06606,LJC06606.jpg,66-06,136,199,はやし (林),LJC-M199Q136
6377,LJC06607,LJC06607.jpg,66-07,136,199,はやし (林),LJC-M199Q136
6378,LJC06608,LJC06608.jpg,66-08,136,199,はやし (林),LJC-M199Q136
6379,LJC06609,LJC06609.jpg,66-09,136,199,はやし (林),LJC-M199Q136
6380,LJC06610,LJC06610.jpg,66-10,136,199,はやし (林),LJC-M199Q136
6381,LJC06611,LJC06611.jpg,66-11,136,199,はやし (林),LJC-M199Q136
6382,LJC06612,LJC06612.jpg,66-12,136,199,はやし (林),LJC-M199Q136
6383,LJC06613,LJC06613.jpg,66-13,136,199,はやし (林),LJC-M199Q136
6384,LJC06614,LJC06614.jpg,66-14,136,199,はやし (林),LJC-M199Q136
6385,LJC06615,LJC06615.jpg,66-15,136,199,はやし (林),LJC-M199Q136
6386,LJC06616,LJC06616.jpg,66-16,136,199,はやし (林),LJC-M199Q136
6387,LJC06617,LJC06617.jpg,66-17,136,199,はやし (林),LJC-M199Q136
6388,LJC06618,LJC06618.jpg,66-18,136,199,はやし (林),LJC-M199Q136
6389,LJC06619,LJC06619.jpg,66-19,136,199,はやし (林),LJC-M199Q136
6390,LJC06620,LJC06620.jpg,66-20,136,199,はやし (林),LJC-M199Q136
6391,LJC06621,LJC06621.jpg,66-21,136,199,はやし (林),LJC-M199Q136
6392,LJC06622,LJC06622.jpg,66-22,136,199,はやし (林),LJC-M199Q136
6393,LJC06623,LJC06623.jpg,66-23,136,199,はやし (林),LJC-M199Q136
6394,LJC06624,LJC06624.jpg,66-24,136,199,はやし (林),LJC-M199Q136
6395,LJC06625,LJC06625.jpg,66-25,136,199,はやし (林),LJC-M199Q136
6396,LJC06626,LJC06626.jpg,66-26,136,199,はやし (林),LJC-M199Q136
6397,LJC06627,LJC06627.jpg,66-27,136,199,はやし (林),LJC-M199Q136
6398,LJC06628,LJC06628.jpg,66-28,136,199,はやし (林),LJC-M199Q136
6399,LJC06629,LJC06629.jpg,66-29,136,199,はやし (林),LJC-M199Q136
6400,LJC06630,LJC06630.jpg,66-30,136,199,はやし (林),LJC-M199Q136
6401,LJC06631,LJC06631.jpg,66-31,136,199,はやし (林),LJC-M199Q136
6402,LJC06632,LJC06632.jpg,66-32,136,199,はやし (林),LJC-M199Q136
6403,LJC06633,LJC06633.jpg,66-33,136,199,はやし (林),LJC-M199Q136
6404,LJC06634,LJC06634.jpg,66-34,136,199,はやし (林),LJC-M199Q136
6405,LJC06635,LJC06635.jpg,66-35,136,199,はやし (林),LJC-M199Q136
6406,LJC06636,LJC06636.jpg,66-36,136,199,はやし (林),LJC-M199Q136
6407,LJC06637,LJC06637.jpg,66-37,136,199,はやし (林),LJC-M199Q136
6408,LJC06638,LJC06638.jpg,66-38,136,199,はやし (林),LJC-M199Q136
6409,LJC06639,LJC06639.jpg,66-39,136,199,はやし (林),LJC-M199Q136
6410,LJC06640,LJC06640.jpg,66-40,136,199,はやし (林),LJC-M199Q136
6411,LJC06641,LJC06641.jpg,66-41,136,199,はやし (林),LJC-M199Q136
6412,LJC06642,LJC06642.jpg,66-42,136,199,はやし (林),LJC-M199Q136
6413,LJC06643,LJC06643.jpg,66-43,136,199,はやし (林),LJC-M199Q136
6414,LJC06644,LJC06644.jpg,66-44,136,199,はやし (林),LJC-M199Q136
6415,LJC06645,LJC06645.jpg,66-45,136,199,はやし (林),LJC-M199Q136
6416,LJC06646,LJC06646.jpg,66-46,136,199,はやし (林),LJC-M199Q136
6417,LJC06647,LJC06647.jpg,66-47,136,199,はやし (林),LJC-M199Q136
6418,LJC06648,LJC06648.jpg,66-48,136,199,はやし (林),LJC-M199Q136
6419,LJC06649,LJC06649.jpg,66-49,136,199,はやし (林),LJC-M199Q136
6420,LJC06650,LJC06650.jpg,66-50,136,199,はやし (林),LJC-M199Q136
6421,LJC06651,LJC06651.jpg,66-51,136,199,はやし (林),LJC-M199Q136
6422,LJC06652,LJC06652.jpg,66-52,136,199,はやし (林),LJC-M199Q136
6423,LJC06653,LJC06653.jpg,66-53,136,199,はやし (林),LJC-M199Q136
6424,LJC06654,LJC06654.jpg,66-54,136,199,はやし (林),LJC-M199Q136
6425,LJC06655,LJC06655.jpg,66-55,136,199,はやし (林),LJC-M199Q136
6426,LJC06656,LJC06656.jpg,66-56,136,199,はやし (林),LJC-M199Q136
6427,LJC06657,LJC06657.jpg,66-57,136,199,はやし (林),LJC-M199Q136
6428,LJC06658,LJC06658.jpg,66-58,136,199,はやし (林),LJC-M199Q136
6429,LJC06659,LJC06659.jpg,66-59,136,199,はやし (林),LJC-M199Q136
6430,LJC06660,LJC06660.jpg,66-60,136,199,はやし (林),LJC-M199Q136
6431,LJC06661,LJC06661.jpg,66-61,136,199,はやし (林),LJC-M199Q136
6432,LJC06662,LJC06662.jpg,66-62,136,199,はやし (林),LJC-M199Q136
6433,LJC06663,LJC06663.jpg,66-63,136,199,はやし (林),LJC-M199Q136
6434,LJC06664,LJC06664.jpg,66-64,136,199,はやし (林),LJC-M199Q136
6435,LJC06665,LJC06665.jpg,66-65,136,199,はやし (林),LJC-M199Q136
6436,LJC06666,LJC06666.jpg,66-66,136,199,はやし (林),LJC-M199Q136
6437,LJC06667,LJC06667.jpg,66-67,136,199,はやし (林),LJC-M199Q136
6438,LJC06668,LJC06668.jpg,66-68,136,199,はやし (林),LJC-M199Q136
6439,LJC06669,LJC06669.jpg,66-69,136,199,はやし (林),LJC-M199Q136
6440,LJC06670,LJC06670.jpg,66-70,137,200,ハヤシ・ヤマの意味,LJC-M200Q137
6441,LJC06671,LJC06671.jpg,66-71,137,200,ハヤシ・ヤマの意味,LJC-M200Q137
6442,LJC06672,LJC06672.jpg,66-72,137,200,ハヤシ・ヤマの意味,LJC-M200Q137
6443,LJC06673,LJC06673.jpg,66-73,137,200,ハヤシ・ヤマの意味,LJC-M200Q137
6444,LJC06674,LJC06674.jpg,66-74,137,200,ハヤシ・ヤマの意味,LJC-M200Q137
6445,LJC06675,LJC06675.jpg,66-75,137,200,ハヤシ・ヤマの意味,LJC-M200Q137
6446,LJC06676,LJC06676.jpg,66-76,137,200,ハヤシ・ヤマの意味,LJC-M200Q137
6447,LJC06677,LJC06677.jpg,66-77,137,200,ハヤシ・ヤマの意味,LJC-M200Q137
6448,LJC06678,LJC06678.jpg,66-78,137,200,ハヤシ・ヤマの意味,LJC-M200Q137
6449,LJC06679,LJC06679.jpg,66-79,137,200,ハヤシ・ヤマの意味,LJC-M200Q137
6450,LJC06680,LJC06680.jpg,66-80,137,200,ハヤシ・ヤマの意味,LJC-M200Q137
6451,LJC06681,LJC06681.jpg,66-81,137,200,ハヤシ・ヤマの意味,LJC-M200Q137
6452,LJC06682,LJC06682.jpg,66-82,137,200,ハヤシ・ヤマの意味,LJC-M200Q137
6453,LJC06683,LJC06683.jpg,66-83,137,200,ハヤシ・ヤマの意味,LJC-M200Q137
6454,LJC06684,LJC06684.jpg,66-84,137,200,ハヤシ・ヤマの意味,LJC-M200Q137
6455,LJC06685,LJC06685.jpg,66-85,137,200,ハヤシ・ヤマの意味,LJC-M200Q137
6456,LJC06686,LJC06686.jpg,66-86,137,200,ハヤシ・ヤマの意味,LJC-M200Q137
6457,LJC06687,LJC06687.jpg,66-87,137,200,ハヤシ・ヤマの意味,LJC-M200Q137
6458,LJC06688,LJC06688.jpg,66-88,137,200,ハヤシ・ヤマの意味,LJC-M200Q137
6459,LJC06689,LJC06689.jpg,66-89,137,200,ハヤシ・ヤマの意味,LJC-M200Q137
6460,LJC06690,LJC06690.jpg,66-90,137,200,ハヤシ・ヤマの意味,LJC-M200Q137
6461,LJC06691,LJC06691.jpg,66-91,137,200,ハヤシ・ヤマの意味,LJC-M200Q137
6462,LJC06692,LJC06692.jpg,66-92,137,200,ハヤシ・ヤマの意味,LJC-M200Q137
6463,LJC06693,LJC06693.jpg,66-93,137,200,ハヤシ・ヤマの意味,LJC-M200Q137
6464,LJC06694,LJC06694.jpg,66-94,137,200,ハヤシ・ヤマの意味,LJC-M200Q137
6465,LJC06695,LJC06695.jpg,66-95,137,200,ハヤシ・ヤマの意味,LJC-M200Q137
6466,LJC06696,LJC06696.jpg,66-96,137,200,ハヤシ・ヤマの意味,LJC-M200Q137
6467,LJC06697,LJC06697.jpg,66-97,137,200,ハヤシ・ヤマの意味,LJC-M200Q137
6468,LJC06698,LJC06698.jpg,66-98,137,200,ハヤシ・ヤマの意味,LJC-M200Q137
6469,LJC06701,LJC06701.jpg,67-01,137,200,ハヤシ・ヤマの意味,LJC-M200Q137
6470,LJC06702,LJC06702.jpg,67-02,137,200,ハヤシ・ヤマの意味,LJC-M200Q137
6471,LJC06703,LJC06703.jpg,67-03,137,200,ハヤシ・ヤマの意味,LJC-M200Q137
6472,LJC06704,LJC06704.jpg,67-04,137,200,ハヤシ・ヤマの意味,LJC-M200Q137
6473,LJC06705,LJC06705.jpg,67-05,137,200,ハヤシ・ヤマの意味,LJC-M200Q137
6474,LJC06706,LJC06706.jpg,67-06,137,200,ハヤシ・ヤマの意味,LJC-M200Q137
6475,LJC06707,LJC06707.jpg,67-07,137,200,ハヤシ・ヤマの意味,LJC-M200Q137
6476,LJC06708,LJC06708.jpg,67-08,137,200,ハヤシ・ヤマの意味,LJC-M200Q137
6477,LJC06709,LJC06709.jpg,67-09,137,200,ハヤシ・ヤマの意味,LJC-M200Q137
6478,LJC06710,LJC06710.jpg,67-10,137,200,ハヤシ・ヤマの意味,LJC-M200Q137
6479,LJC06711,LJC06711.jpg,67-11,137,200,ハヤシ・ヤマの意味,LJC-M200Q137
6480,LJC06712,LJC06712.jpg,67-12,137,200,ハヤシ・ヤマの意味,LJC-M200Q137
6481,LJC06713,LJC06713.jpg,67-13,137,200,ハヤシ・ヤマの意味,LJC-M200Q137
6482,LJC06714,LJC06714.jpg,67-14,137,200,ハヤシ・ヤマの意味,LJC-M200Q137
6483,LJC06715,LJC06715.jpg,67-15,137,200,ハヤシ・ヤマの意味,LJC-M200Q137
6484,LJC06716,LJC06716.jpg,67-16,213,201,うま (馬),LJC-M201Q213
6485,LJC06717,LJC06717.jpg,67-17,213,201,うま (馬),LJC-M201Q213
6486,LJC06718,LJC06718.jpg,67-18,213,201,うま (馬),LJC-M201Q213
6487,LJC06719,LJC06719.jpg,67-19,213,201,うま (馬),LJC-M201Q213
6488,LJC06720,LJC06720.jpg,67-20,213,201,うま (馬),LJC-M201Q213
6489,LJC06721,LJC06721.jpg,67-21,213,201,うま (馬),LJC-M201Q213
6490,LJC06722,LJC06722.jpg,67-22,213,201,うま (馬),LJC-M201Q213
6491,LJC06723,LJC06723.jpg,67-23,213,201,うま (馬),LJC-M201Q213
6492,LJC06724,LJC06724.jpg,67-24,213,201,うま (馬),LJC-M201Q213
6493,LJC06725,LJC06725.jpg,67-25,213,201,うま (馬),LJC-M201Q213
6494,LJC06726,LJC06726.jpg,67-26,213,201,うま (馬),LJC-M201Q213
6495,LJC06727,LJC06727.jpg,67-27,213,201,うま (馬),LJC-M201Q213
6496,LJC06728,LJC06728.jpg,67-28,213,201,うま (馬),LJC-M201Q213
6497,LJC06729,LJC06729.jpg,67-29,213,201,うま (馬),LJC-M201Q213
6498,LJC06730,LJC06730.jpg,67-30,213,201,うま (馬),LJC-M201Q213
6499,LJC06731,LJC06731.jpg,67-31,213,201,うま (馬),LJC-M201Q213
6500,LJC06732,LJC06732.jpg,67-32,213,201,うま (馬),LJC-M201Q213
6501,LJC06733,LJC06733.jpg,67-33,213,201,うま (馬),LJC-M201Q213
6502,LJC06734,LJC06734.jpg,67-34,213,201,うま (馬),LJC-M201Q213
6503,LJC06735,LJC06735.jpg,67-35,213,201,うま (馬),LJC-M201Q213
6504,LJC06736,LJC06736.jpg,67-36,213,201,うま (馬),LJC-M201Q213
6505,LJC06737,LJC06737.jpg,67-37,213,201,うま (馬),LJC-M201Q213
6506,LJC06738,LJC06738.jpg,67-38,213,201,うま (馬),LJC-M201Q213
6507,LJC06739,LJC06739.jpg,67-39,213,201,うま (馬),LJC-M201Q213
6508,LJC06740,LJC06740.jpg,67-40,213,201,うま (馬),LJC-M201Q213
6509,LJC06741,LJC06741.jpg,67-41,213,201,うま (馬),LJC-M201Q213
6510,LJC06742,LJC06742.jpg,67-42,213,201,うま (馬),LJC-M201Q213
6511,LJC06743,LJC06743.jpg,67-43,214,202,おうま (牡馬),LJC-M202Q214
6512,LJC06744,LJC06744.jpg,67-44,214,202,おうま (牡馬),LJC-M202Q214
6513,LJC06745,LJC06745.jpg,67-45,214,202,おうま (牡馬),LJC-M202Q214
6514,LJC06746,LJC06746.jpg,67-46,214,202,おうま (牡馬),LJC-M202Q214
6515,LJC06747,LJC06747.jpg,67-47,214,202,おうま (牡馬),LJC-M202Q214
6516,LJC06748,LJC06748.jpg,67-48,214,202,おうま (牡馬),LJC-M202Q214
6517,LJC06749,LJC06749.jpg,67-49,214,202,おうま (牡馬),LJC-M202Q214
6518,LJC06750,LJC06750.jpg,67-50,214,202,おうま (牡馬),LJC-M202Q214
6519,LJC06751,LJC06751.jpg,67-51,214,202,おうま (牡馬),LJC-M202Q214
6520,LJC06752,LJC06752.jpg,67-52,214,202,おうま (牡馬),LJC-M202Q214
6521,LJC06753,LJC06753.jpg,67-53,214,202,おうま (牡馬),LJC-M202Q214
6522,LJC06754,LJC06754.jpg,67-54,214,202,おうま (牡馬),LJC-M202Q214
6523,LJC06755,LJC06755.jpg,67-55,214,202,おうま (牡馬),LJC-M202Q214
6524,LJC06756,LJC06756.jpg,67-56,214,202,おうま (牡馬),LJC-M202Q214
6525,LJC06757,LJC06757.jpg,67-57,214,202,おうま (牡馬),LJC-M202Q214
6526,LJC06758,LJC06758.jpg,67-58,214,202,おうま (牡馬),LJC-M202Q214
6527,LJC06759,LJC06759.jpg,67-59,214,202,おうま (牡馬),LJC-M202Q214
6528,LJC06760,LJC06760.jpg,67-60,214,202,おうま (牡馬),LJC-M202Q214
6529,LJC06761,LJC06761.jpg,67-61,214,202,おうま (牡馬),LJC-M202Q214
6530,LJC06762,LJC06762.jpg,67-62,214,202,おうま (牡馬),LJC-M202Q214
6531,LJC06763,LJC06763.jpg,67-63,214,202,おうま (牡馬),LJC-M202Q214
6532,LJC06764,LJC06764.jpg,67-64,214,202,おうま (牡馬),LJC-M202Q214
6533,LJC06765,LJC06765.jpg,67-65,214,202,おうま (牡馬),LJC-M202Q214
6534,LJC06766,LJC06766.jpg,67-66,214,202,おうま (牡馬),LJC-M202Q214
6535,LJC06767,LJC06767.jpg,67-67,214,202,おうま (牡馬),LJC-M202Q214
6536,LJC06768,LJC06768.jpg,67-68,214,202,おうま (牡馬),LJC-M202Q214
6537,LJC06769,LJC06769.jpg,67-69,214,202,おうま (牡馬),LJC-M202Q214
6538,LJC06770,LJC06770.jpg,67-70,214,202,おうま (牡馬),LJC-M202Q214
6539,LJC06771,LJC06771.jpg,67-71,214,202,おうま (牡馬),LJC-M202Q214
6540,LJC06772,LJC06772.jpg,67-72,214,202,おうま (牡馬),LJC-M202Q214
6541,LJC06773,LJC06773.jpg,67-73,214,202,おうま (牡馬),LJC-M202Q214
6542,LJC06774,LJC06774.jpg,67-74,214,202,おうま (牡馬),LJC-M202Q214
6543,LJC06775,LJC06775.jpg,67-75,214,202,おうま (牡馬),LJC-M202Q214
6544,LJC06776,LJC06776.jpg,67-76,214,202,おうま (牡馬),LJC-M202Q214
6545,LJC06777,LJC06777.jpg,67-77,214,202,おうま (牡馬),LJC-M202Q214
6546,LJC06778,LJC06778.jpg,67-78,214,202,おうま (牡馬),LJC-M202Q214
6547,LJC06779,LJC06779.jpg,67-79,214,202,おうま (牡馬),LJC-M202Q214
6548,LJC06780,LJC06780.jpg,67-80,214,202,おうま (牡馬),LJC-M202Q214
6549,LJC06781,LJC06781.jpg,67-81,214,202,おうま (牡馬),LJC-M202Q214
6550,LJC06782,LJC06782.jpg,67-82,214,202,おうま (牡馬),LJC-M202Q214
6551,LJC06783,LJC06783.jpg,67-83,214,202,おうま (牡馬),LJC-M202Q214
6552,LJC06784,LJC06784.jpg,67-84,215,203,めうま (牝馬),LJC-M203Q215
6553,LJC06785,LJC06785.jpg,67-85,215,203,めうま (牝馬),LJC-M203Q215
6554,LJC06786,LJC06786.jpg,67-86,215,203,めうま (牝馬),LJC-M203Q215
6555,LJC06787,LJC06787.jpg,67-87,215,203,めうま (牝馬),LJC-M203Q215
6556,LJC06788,LJC06788.jpg,67-88,215,203,めうま (牝馬),LJC-M203Q215
6557,LJC06789,LJC06789.jpg,67-89,215,203,めうま (牝馬),LJC-M203Q215
6558,LJC06790,LJC06790.jpg,67-90,215,203,めうま (牝馬),LJC-M203Q215
6559,LJC06791,LJC06791.jpg,67-91,215,203,めうま (牝馬),LJC-M203Q215
6560,LJC06792,LJC06792.jpg,67-92,215,203,めうま (牝馬),LJC-M203Q215
6561,LJC06793,LJC06793.jpg,67-93,215,203,めうま (牝馬),LJC-M203Q215
6562,LJC06794,LJC06794.jpg,67-94,215,203,めうま (牝馬),LJC-M203Q215
6563,LJC06795,LJC06795.jpg,67-95,215,203,めうま (牝馬),LJC-M203Q215
6564,LJC06796,LJC06796.jpg,67-96,215,203,めうま (牝馬),LJC-M203Q215
6565,LJC06797,LJC06797.jpg,67-97,215,203,めうま (牝馬),LJC-M203Q215
6566,LJC06798,LJC06798.jpg,67-98,215,203,めうま (牝馬),LJC-M203Q215
6567,LJC06801,LJC06801.jpg,68-01,215,203,めうま (牝馬),LJC-M203Q215
6568,LJC06802,LJC06802.jpg,68-02,215,203,めうま (牝馬),LJC-M203Q215
6569,LJC06803,LJC06803.jpg,68-03,215,203,めうま (牝馬),LJC-M203Q215
6570,LJC06804,LJC06804.jpg,68-04,215,203,めうま (牝馬),LJC-M203Q215
6571,LJC06805,LJC06805.jpg,68-05,215,203,めうま (牝馬),LJC-M203Q215
6572,LJC06806,LJC06806.jpg,68-06,215,203,めうま (牝馬),LJC-M203Q215
6573,LJC06807,LJC06807.jpg,68-07,215,203,めうま (牝馬),LJC-M203Q215
6574,LJC06808,LJC06808.jpg,68-08,215,203,めうま (牝馬),LJC-M203Q215
6575,LJC06809,LJC06809.jpg,68-09,215,203,めうま (牝馬),LJC-M203Q215
6576,LJC06810,LJC06810.jpg,68-10,215,203,めうま (牝馬),LJC-M203Q215
6577,LJC06811,LJC06811.jpg,68-11,215,203,めうま (牝馬),LJC-M203Q215
6578,LJC06812,LJC06812.jpg,68-12,215,203,めうま (牝馬),LJC-M203Q215
6579,LJC06813,LJC06813.jpg,68-13,215,203,めうま (牝馬),LJC-M203Q215
6580,LJC06814,LJC06814.jpg,68-14,215,203,めうま (牝馬),LJC-M203Q215
6581,LJC06815,LJC06815.jpg,68-15,215,203,めうま (牝馬),LJC-M203Q215
6582,LJC06816,LJC06816.jpg,68-16,215,203,めうま (牝馬),LJC-M203Q215
6583,LJC06817,LJC06817.jpg,68-17,215,203,めうま (牝馬),LJC-M203Q215
6584,LJC06818,LJC06818.jpg,68-18,215,203,めうま (牝馬),LJC-M203Q215
6585,LJC06819,LJC06819.jpg,68-19,215,203,めうま (牝馬),LJC-M203Q215
6586,LJC06820,LJC06820.jpg,68-20,215,203,めうま (牝馬),LJC-M203Q215
6587,LJC06821,LJC06821.jpg,68-21,215,203,めうま (牝馬),LJC-M203Q215
6588,LJC06822,LJC06822.jpg,68-22,216,204,こうま (子馬),LJC-M204LJC-M205Q217Q216
6589,LJC06823,LJC06823.jpg,68-23,216,204,こうま (子馬),LJC-M204Q216
6590,LJC06824,LJC06824.jpg,68-24,216,204,こうま (子馬),LJC-M204Q216
6591,LJC06825,LJC06825.jpg,68-25,216,204,こうま (子馬),LJC-M204Q216
6592,LJC06826,LJC06826.jpg,68-26,216,204,こうま (子馬),LJC-M204Q216
6593,LJC06827,LJC06827.jpg,68-27,216,204,こうま (子馬),LJC-M204Q216
6594,LJC06828,LJC06828.jpg,68-28,216,204,こうま (子馬),LJC-M204Q216
6595,LJC06829,LJC06829.jpg,68-29,216,204,こうま (子馬),LJC-M204Q216
6596,LJC06830,LJC06830.jpg,68-30,216,204,こうま (子馬),LJC-M204Q216
6597,LJC06831,LJC06831.jpg,68-31,216,204,こうま (子馬),LJC-M204Q216
6598,LJC06832,LJC06832.jpg,68-32,216,204,こうま (子馬),LJC-M204Q216
6599,LJC06833,LJC06833.jpg,68-33,216,204,こうま (子馬),LJC-M204Q216
6600,LJC06834,LJC06834.jpg,68-34,216,204,こうま (子馬),LJC-M204Q216
6601,LJC06835,LJC06835.jpg,68-35,216,204,こうま (子馬),LJC-M204Q216
6602,LJC06836,LJC06836.jpg,68-36,216,204,こうま (子馬),LJC-M204Q216
6603,LJC06837,LJC06837.jpg,68-37,216,204,こうま (子馬),LJC-M204Q216
6604,LJC06838,LJC06838.jpg,68-38,216,204,こうま (子馬),LJC-M204Q216
6605,LJC06839,LJC06839.jpg,68-39,216,204,こうま (子馬),LJC-M204Q216
6606,LJC06840,LJC06840.jpg,68-40,216,204,こうま (子馬),LJC-M204Q216
6607,LJC06841,LJC06841.jpg,68-41,216,204,こうま (子馬),LJC-M204Q216
6608,LJC06842,LJC06842.jpg,68-42,216,204,こうま (子馬),LJC-M204Q216
6609,LJC06843,LJC06843.jpg,68-43,216,204,こうま (子馬),LJC-M204Q216
6610,LJC06844,LJC06844.jpg,68-44,216,204,こうま (子馬),LJC-M204Q216
6611,LJC06845,LJC06845.jpg,68-45,216,204,こうま (子馬),LJC-M204Q216
6612,LJC06846,LJC06846.jpg,68-46,216,204,こうま (子馬),LJC-M204Q216
6613,LJC06847,LJC06847.jpg,68-47,216,204,こうま (子馬),LJC-M204Q216
6614,LJC06848,LJC06848.jpg,68-48,216,204,こうま (子馬),LJC-M204Q216
6615,LJC06849,LJC06849.jpg,68-49,216,204,こうま (子馬),LJC-M204Q216
6616,LJC06850,LJC06850.jpg,68-50,216,204,こうま (子馬),LJC-M204Q216
6617,LJC06851,LJC06851.jpg,68-51,216,204,こうま (子馬),LJC-M204Q216
6618,LJC06852,LJC06852.jpg,68-52,216,204,こうま (子馬),LJC-M204Q216
6619,LJC06853,LJC06853.jpg,68-53,216,204,こうま (子馬),LJC-M204Q216
6620,LJC06854,LJC06854.jpg,68-54,216,204,こうま (子馬),LJC-M204Q216
6621,LJC06855,LJC06855.jpg,68-55,216,204,こうま (子馬),LJC-M204Q216
6622,LJC06856,LJC06856.jpg,68-56,216,204,こうま (子馬),LJC-M204Q216
6623,LJC06857,LJC06857.jpg,68-57,216,204,こうま (子馬),LJC-M204Q216
6624,LJC06858,LJC06858.jpg,68-58,216,204,こうま (子馬),LJC-M204Q216
6625,LJC06859,LJC06859.jpg,68-59,216,204,こうま (子馬),LJC-M204Q216
6626,LJC06860,LJC06860.jpg,68-60,216,204,こうま (子馬),LJC-M204Q216
6627,LJC06861,LJC06861.jpg,68-61,216,204,こうま (子馬),LJC-M204Q216
6628,LJC06862,LJC06862.jpg,68-62,216,204,こうま (子馬),LJC-M204Q216
6629,LJC06863,LJC06863.jpg,68-63,216,204,こうま (子馬),LJC-M204Q216
6630,LJC06864,LJC06864.jpg,68-64,216,204,こうま (子馬),LJC-M204Q216
6631,LJC06865,LJC06865.jpg,68-65,216,204,こうま (子馬),LJC-M204Q216
6632,LJC06866,LJC06866.jpg,68-66,216,204,こうま (子馬),LJC-M204Q216
6633,LJC06867,LJC06867.jpg,68-67,216,204,こうま (子馬),LJC-M204Q216
6634,LJC06868,LJC06868.jpg,68-68,217,205,たてがみ (鬣),LJC-M205Q217
6635,LJC06869,LJC06869.jpg,68-69,217,205,たてがみ (鬣),LJC-M205Q217
6636,LJC06870,LJC06870.jpg,68-70,217,205,たてがみ (鬣),LJC-M205Q217
6637,LJC06871,LJC06871.jpg,68-71,217,205,たてがみ (鬣),LJC-M205Q217
6638,LJC06872,LJC06872.jpg,68-72,217,205,たてがみ (鬣),LJC-M205Q217
6639,LJC06873,LJC06873.jpg,68-73,217,205,たてがみ (鬣),LJC-M205Q217
6640,LJC06874,LJC06874.jpg,68-74,217,205,たてがみ (鬣),LJC-M205Q217
6641,LJC06875,LJC06875.jpg,68-75,217,205,たてがみ (鬣),LJC-M205Q217
6642,LJC06876,LJC06876.jpg,68-76,217,205,たてがみ (鬣),LJC-M205Q217
6643,LJC06877,LJC06877.jpg,68-77,217,205,たてがみ (鬣),LJC-M205Q217
6644,LJC06878,LJC06878.jpg,68-78,217,205,たてがみ (鬣),LJC-M205Q217
6645,LJC06879,LJC06879.jpg,68-79,217,205,たてがみ (鬣),LJC-M205Q217
6646,LJC06880,LJC06880.jpg,68-80,217,205,たてがみ (鬣),LJC-M205Q217
6647,LJC06881,LJC06881.jpg,68-81,217,205,たてがみ (鬣),LJC-M205Q217
6648,LJC06882,LJC06882.jpg,68-82,217,205,たてがみ (鬣),LJC-M205Q217
6649,LJC06883,LJC06883.jpg,68-83,217,205,たてがみ (鬣),LJC-M205Q217
6650,LJC06884,LJC06884.jpg,68-84,217,205,たてがみ (鬣),LJC-M205Q217
6651,LJC06885,LJC06885.jpg,68-85,217,205,たてがみ (鬣),LJC-M205Q217
6652,LJC06886,LJC06886.jpg,68-86,217,205,たてがみ (鬣),LJC-M205Q217
6653,LJC06887,LJC06887.jpg,68-87,217,205,たてがみ (鬣),LJC-M205Q217
6654,LJC06888,LJC06888.jpg,68-88,217,205,たてがみ (鬣),LJC-M205Q217
6655,LJC06889,LJC06889.jpg,68-89,217,205,たてがみ (鬣),LJC-M205Q217
6656,LJC06890,LJC06890.jpg,68-90,217,205,たてがみ (鬣),LJC-M205Q217
6657,LJC06891,LJC06891.jpg,68-91,217,205,たてがみ (鬣),LJC-M205Q217
6658,LJC06892,LJC06892.jpg,68-92,217,205,たてがみ (鬣),LJC-M205Q217
6659,LJC06893,LJC06893.jpg,68-93,217,205,たてがみ (鬣),LJC-M205Q217
6660,LJC06894,LJC06894.jpg,68-94,217,205,たてがみ (鬣),LJC-M205Q217
6661,LJC06895,LJC06895.jpg,68-95,217,205,たてがみ (鬣),LJC-M205Q217
6662,LJC06896,LJC06896.jpg,68-96,217,205,たてがみ (鬣),LJC-M205Q217
6663,LJC06897,LJC06897.jpg,68-97,217,205,たてがみ (鬣),LJC-M205Q217
6664,LJC06898,LJC06898.jpg,68-98,217,205,たてがみ (鬣),LJC-M205Q217
6665,LJC06901,LJC06901.jpg,69-01,217,205,たてがみ (鬣),LJC-M205Q217
6666,LJC06902,LJC06902.jpg,69-02,217,205,たてがみ (鬣),LJC-M205Q217
6667,LJC06903,LJC06903.jpg,69-03,217,205,たてがみ (鬣),LJC-M205Q217
6668,LJC06904,LJC06904.jpg,69-04,218,206,うし (牛),LJC-M206Q218
6669,LJC06905,LJC06905.jpg,69-05,218,206,うし (牛),LJC-M206Q218
6670,LJC06906,LJC06906.jpg,69-06,218,206,うし (牛),LJC-M206Q218
6671,LJC06907,LJC06907.jpg,69-07,218,206,うし (牛),LJC-M206Q218
6672,LJC06908,LJC06908.jpg,69-08,218,206,うし (牛),LJC-M206Q218
6673,LJC06909,LJC06909.jpg,69-09,218,206,うし (牛),LJC-M206Q218
6674,LJC06910,LJC06910.jpg,69-10,218,206,うし (牛),LJC-M206Q218
6675,LJC06911,LJC06911.jpg,69-11,218,206,うし (牛),LJC-M206Q218
6676,LJC06912,LJC06912.jpg,69-12,218,206,うし (牛),LJC-M206Q218
6677,LJC06913,LJC06913.jpg,69-13,218,206,うし (牛),LJC-M206Q218
6678,LJC06914,LJC06914.jpg,69-14,218,206,うし (牛),LJC-M206Q218
6679,LJC06915,LJC06915.jpg,69-15,218,206,うし (牛),LJC-M206Q218
6680,LJC06916,LJC06916.jpg,69-16,218,206,うし (牛),LJC-M206Q218
6681,LJC06917,LJC06917.jpg,69-17,218,206,うし (牛),LJC-M206Q218
6682,LJC06918,LJC06918.jpg,69-18,218,206,うし (牛),LJC-M206Q218
6683,LJC06919,LJC06919.jpg,69-19,218,206,うし (牛),LJC-M206Q218
6684,LJC06920,LJC06920.jpg,69-20,218,206,うし (牛),LJC-M206Q218
6685,LJC06921,LJC06921.jpg,69-21,218,206,うし (牛),LJC-M206Q218
6686,LJC06922,LJC06922.jpg,69-22,218,206,うし (牛),LJC-M206Q218
6687,LJC06923,LJC06923.jpg,69-23,218,206,うし (牛),LJC-M206Q218
6688,LJC06924,LJC06924.jpg,69-24,218,206,うし (牛),LJC-M206Q218
6689,LJC06925,LJC06925.jpg,69-25,218,206,うし (牛),LJC-M206Q218
6690,LJC06926,LJC06926.jpg,69-26,218,206,うし (牛),LJC-M206Q218
6691,LJC06927,LJC06927.jpg,69-27,218,206,うし (牛),LJC-M206Q218
6692,LJC06928,LJC06928.jpg,69-28,218,206,うし (牛),LJC-M206Q218
6693,LJC06929,LJC06929.jpg,69-29,218,206,うし (牛),LJC-M206Q218
6694,LJC06930,LJC06930.jpg,69-30,218,206,うし (牛),LJC-M206Q218
6695,LJC06931,LJC06931.jpg,69-31,218,206,うし (牛),LJC-M206Q218
6696,LJC06932,LJC06932.jpg,69-32,218,206,うし (牛),LJC-M206Q218
6697,LJC06933,LJC06933.jpg,69-33,218,206,うし (牛),LJC-M206Q218
6698,LJC06934,LJC06934.jpg,69-34,218,206,うし (牛),LJC-M206Q218
6699,LJC06935,LJC06935.jpg,69-35,218,206,うし (牛),LJC-M206Q218
6700,LJC06936,LJC06936.jpg,69-36,218,206,うし (牛),LJC-M206Q218
6701,LJC06937,LJC06937.jpg,69-37,218,206,うし (牛),LJC-M206Q218
6702,LJC06938,LJC06938.jpg,69-38,218,206,うし (牛),LJC-M206Q218
6703,LJC06939,LJC06939.jpg,69-39,218,206,うし (牛),LJC-M206Q218
6704,LJC06940,LJC06940.jpg,69-40,218,206,うし (牛),LJC-M206Q218
6705,LJC06941,LJC06941.jpg,69-41,218,206,うし (牛),LJC-M206Q218
6706,LJC06942,LJC06942.jpg,69-42,218,206,うし (牛),LJC-M206Q218
6707,LJC06943,LJC06943.jpg,69-43,218,206,うし (牛),LJC-M206Q218
6708,LJC06944,LJC06944.jpg,69-44,218,206,うし (牛),LJC-M206Q218
6709,LJC06945,LJC06945.jpg,69-45,218,206,うし (牛),LJC-M206Q218
6710,LJC06946,LJC06946.jpg,69-46,218,206,うし (牛),LJC-M206Q218
6711,LJC06947,LJC06947.jpg,69-47,218,206,うし (牛),LJC-M206Q218
6712,LJC06948,LJC06948.jpg,69-48,218,206,うし (牛),LJC-M206Q218
6713,LJC06949,LJC06949.jpg,69-49,218,206,うし (牛),LJC-M206Q218
6714,LJC06950,LJC06950.jpg,69-50,218,206,うし (牛),LJC-M206Q218
6715,LJC06951,LJC06951.jpg,69-51,218,206,うし (牛),LJC-M206Q218
6716,LJC06952,LJC06952.jpg,69-52,218,206,うし (牛),LJC-M206Q218
6717,LJC06953,LJC06953.jpg,69-53,218,206,うし (牛),LJC-M206Q218
6718,LJC06954,LJC06954.jpg,69-54,218,206,うし (牛),LJC-M206Q218
6719,LJC06955,LJC06955.jpg,69-55,218,206,うし (牛),LJC-M206Q218
6720,LJC06956,LJC06956.jpg,69-56,218,206,うし (牛),LJC-M206Q218
6721,LJC06957,LJC06957.jpg,69-57,218,206,うし (牛),LJC-M206Q218
6722,LJC06958,LJC06958.jpg,69-58,218,206,うし (牛),LJC-M206Q218
6723,LJC06959,LJC06959.jpg,69-59,218,206,うし (牛),LJC-M206Q218
6724,LJC06960,LJC06960.jpg,69-60,218,206,うし (牛),LJC-M206Q218
6725,LJC06961,LJC06961.jpg,69-61,218,206,うし (牛),LJC-M206Q218
6726,LJC06962,LJC06962.jpg,69-62,218,206,うし (牛),LJC-M206Q218
6727,LJC06963,LJC06963.jpg,69-63,218,206,うし (牛),LJC-M206Q218
6728,LJC06964,LJC06964.jpg,69-64,218,206,うし (牛),LJC-M206Q218
6729,LJC06965,LJC06965.jpg,69-65,218,206,うし (牛),LJC-M206Q218
6730,LJC06966,LJC06966.jpg,69-66,218,206,うし (牛),LJC-M206Q218
6731,LJC06967,LJC06967.jpg,69-67,218,206,うし (牛),LJC-M206Q218
6732,LJC06968,LJC06968.jpg,69-68,218,206,うし (牛),LJC-M206Q218
6733,LJC06969,LJC06969.jpg,69-69,218,206,うし (牛),LJC-M206Q218
6734,LJC06970,LJC06970.jpg,69-70,218,206,うし (牛),LJC-M206Q218
6735,LJC06971,LJC06971.jpg,69-71,218,206,うし (牛),LJC-M206Q218
6736,LJC06972,LJC06972.jpg,69-72,219,207,おうし (牡牛),LJC-M207Q219
6737,LJC06973,LJC06973.jpg,69-73,219,207,おうし (牡牛),LJC-M207Q219
6738,LJC06974,LJC06974.jpg,69-74,219,207,おうし (牡牛),LJC-M207Q219
6739,LJC06975,LJC06975.jpg,69-75,219,207,おうし (牡牛),LJC-M207Q219
6740,LJC06976,LJC06976.jpg,69-76,219,207,おうし (牡牛),LJC-M207Q219
6741,LJC06977,LJC06977.jpg,69-77,219,207,おうし (牡牛),LJC-M207Q219
6742,LJC06978,LJC06978.jpg,69-78,219,207,おうし (牡牛),LJC-M207Q219
6743,LJC06979,LJC06979.jpg,69-79,219,207,おうし (牡牛),LJC-M207Q219
6744,LJC06980,LJC06980.jpg,69-80,219,207,おうし (牡牛),LJC-M207Q219
6745,LJC06981,LJC06981.jpg,69-81,219,207,おうし (牡牛),LJC-M207Q219
6746,LJC06982,LJC06982.jpg,69-82,219,207,おうし (牡牛),LJC-M207Q219
6747,LJC06983,LJC06983.jpg,69-83,219,207,おうし (牡牛),LJC-M207Q219
6748,LJC06984,LJC06984.jpg,69-84,219,207,おうし (牡牛),LJC-M207Q219
6749,LJC06985,LJC06985.jpg,69-85,219,207,おうし (牡牛),LJC-M207Q219
6750,LJC06986,LJC06986.jpg,69-86,219,207,おうし (牡牛),LJC-M207Q219
6751,LJC06987,LJC06987.jpg,69-87,219,207,おうし (牡牛),LJC-M207Q219
6752,LJC06988,LJC06988.jpg,69-88,219,207,おうし (牡牛),LJC-M207Q219
6753,LJC06989,LJC06989.jpg,69-89,219,207,おうし (牡牛),LJC-M207Q219
6754,LJC06990,LJC06990.jpg,69-90,219,207,おうし (牡牛),LJC-M207Q219
6755,LJC06991,LJC06991.jpg,69-91,219,207,おうし (牡牛),LJC-M207Q219
6756,LJC06992,LJC06992.jpg,69-92,219,207,おうし (牡牛),LJC-M207Q219
6757,LJC06993,LJC06993.jpg,69-93,219,207,おうし (牡牛),LJC-M207Q219
6758,LJC06994,LJC06994.jpg,69-94,219,207,おうし (牡牛),LJC-M207Q219
6759,LJC06995,LJC06995.jpg,69-95,219,207,おうし (牡牛),LJC-M207Q219
6760,LJC06996,LJC06996.jpg,69-96,219,207,おうし (牡牛),LJC-M207Q219
6761,LJC06997,LJC06997.jpg,69-97,219,207,おうし (牡牛),LJC-M207Q219
6762,LJC06998,LJC06998.jpg,69-98,219,207,おうし (牡牛),LJC-M207Q219
6763,LJC07001,LJC07001.jpg,70-01,219,207,おうし (牡牛),LJC-M207Q219
6764,LJC07002,LJC07002.jpg,70-02,219,207,おうし (牡牛),LJC-M207Q219
6765,LJC07003,LJC07003.jpg,70-03,219,207,おうし (牡牛),LJC-M207Q219
6766,LJC07004,LJC07004.jpg,70-04,219,207,おうし (牡牛),LJC-M207Q219
6767,LJC07005,LJC07005.jpg,70-05,219,207,おうし (牡牛),LJC-M207Q219
6768,LJC07006,LJC07006.jpg,70-06,219,207,おうし (牡牛),LJC-M207Q219
6769,LJC07007,LJC07007.jpg,70-07,219,207,おうし (牡牛),LJC-M207Q219
6770,LJC07008,LJC07008.jpg,70-08,219,207,おうし (牡牛),LJC-M207Q219
6771,LJC07009,LJC07009.jpg,70-09,219,207,おうし (牡牛),LJC-M207Q219
6772,LJC07010,LJC07010.jpg,70-10,219,207,おうし (牡牛),LJC-M207Q219
6773,LJC07011,LJC07011.jpg,70-11,219,207,おうし (牡牛),LJC-M207Q219
6774,LJC07012,LJC07012.jpg,70-12,219,207,おうし (牡牛),LJC-M207Q219
6775,LJC07013,LJC07013.jpg,70-13,219,207,おうし (牡牛),LJC-M207Q219
6776,LJC07014,LJC07014.jpg,70-14,219,207,おうし (牡牛),LJC-M207Q219
6777,LJC07015,LJC07015.jpg,70-15,219,207,おうし (牡牛),LJC-M207Q219
6778,LJC07016,LJC07016.jpg,70-16,219,207,おうし (牡牛),LJC-M207Q219
6779,LJC07017,LJC07017.jpg,70-17,219,207,おうし (牡牛),LJC-M207Q219
6780,LJC07018,LJC07018.jpg,70-18,219,207,おうし (牡牛),LJC-M207Q219
6781,LJC07019,LJC07019.jpg,70-19,219,207,おうし (牡牛),LJC-M207Q219
6782,LJC07020,LJC07020.jpg,70-20,219,207,おうし (牡牛),LJC-M207Q219
6783,LJC07021,LJC07021.jpg,70-21,219,207,おうし (牡牛),LJC-M207Q219
6784,LJC07022,LJC07022.jpg,70-22,219,207,おうし (牡牛),LJC-M207Q219
6785,LJC07023,LJC07023.jpg,70-23,219,207,おうし (牡牛),LJC-M207Q219
6786,LJC07024,LJC07024.jpg,70-24,219,207,おうし (牡牛),LJC-M207Q219
6787,LJC07025,LJC07025.jpg,70-25,219,207,おうし (牡牛),LJC-M207Q219
6788,LJC07026,LJC07026.jpg,70-26,219,207,おうし (牡牛),LJC-M207Q219
6789,LJC07027,LJC07027.jpg,70-27,219,207,おうし (牡牛),LJC-M207Q219
6790,LJC07028,LJC07028.jpg,70-28,219,207,おうし (牡牛),LJC-M207Q219
6791,LJC07029,LJC07029.jpg,70-29,219,207,おうし (牡牛),LJC-M207Q219
6792,LJC07030,LJC07030.jpg,70-30,219,207,おうし (牡牛),LJC-M207Q219
6793,LJC07031,LJC07031.jpg,70-31,219,207,おうし (牡牛),LJC-M207Q219
6794,LJC07032,LJC07032.jpg,70-32,219,207,おうし (牡牛),LJC-M207Q219
6795,LJC07033,LJC07033.jpg,70-33,219,207,おうし (牡牛),LJC-M207Q219
6796,LJC07034,LJC07034.jpg,70-34,219,207,おうし (牡牛),LJC-M207Q219
6797,LJC07035,LJC07035.jpg,70-35,219,207,おうし (牡牛),LJC-M207Q219
6798,LJC07036,LJC07036.jpg,70-36,219,207,おうし (牡牛),LJC-M207Q219
6799,LJC07037,LJC07037.jpg,70-37,219,207,おうし (牡牛),LJC-M207Q219
6800,LJC07038,LJC07038.jpg,70-38,219,207,おうし (牡牛),LJC-M207Q219
6801,LJC07039,LJC07039.jpg,70-39,219,207,おうし (牡牛),LJC-M207Q219
6802,LJC07040,LJC07040.jpg,70-40,219,207,おうし (牡牛),LJC-M207Q219
6803,LJC07041,LJC07041.jpg,70-41,220,208,めうし (牝牛),LJC-M208Q220
6804,LJC07042,LJC07042.jpg,70-42,220,208,めうし (牝牛),LJC-M208Q220
6805,LJC07043,LJC07043.jpg,70-43,220,208,めうし (牝牛),LJC-M208Q220
6806,LJC07044,LJC07044.jpg,70-44,220,208,めうし (牝牛),LJC-M208Q220
6807,LJC07045,LJC07045.jpg,70-45,220,208,めうし (牝牛),LJC-M208Q220
6808,LJC07046,LJC07046.jpg,70-46,220,208,めうし (牝牛),LJC-M208Q220
6809,LJC07047,LJC07047.jpg,70-47,220,208,めうし (牝牛),LJC-M208Q220
6810,LJC07048,LJC07048.jpg,70-48,220,208,めうし (牝牛),LJC-M208Q220
6811,LJC07049,LJC07049.jpg,70-49,220,208,めうし (牝牛),LJC-M208Q220
6812,LJC07050,LJC07050.jpg,70-50,220,208,めうし (牝牛),LJC-M208Q220
6813,LJC07051,LJC07051.jpg,70-51,220,208,めうし (牝牛),LJC-M208Q220
6814,LJC07052,LJC07052.jpg,70-52,220,208,めうし (牝牛),LJC-M208Q220
6815,LJC07053,LJC07053.jpg,70-53,220,208,めうし (牝牛),LJC-M208Q220
6816,LJC07054,LJC07054.jpg,70-54,220,208,めうし (牝牛),LJC-M208Q220
6817,LJC07055,LJC07055.jpg,70-55,220,208,めうし (牝牛),LJC-M208Q220
6818,LJC07056,LJC07056.jpg,70-56,220,208,めうし (牝牛),LJC-M208Q220
6819,LJC07057,LJC07057.jpg,70-57,220,208,めうし (牝牛),LJC-M208Q220
6820,LJC07058,LJC07058.jpg,70-58,220,208,めうし (牝牛),LJC-M208Q220
6821,LJC07059,LJC07059.jpg,70-59,220,208,めうし (牝牛),LJC-M208Q220
6822,LJC07060,LJC07060.jpg,70-60,220,208,めうし (牝牛),LJC-M208Q220
6823,LJC07061,LJC07061.jpg,70-61,220,208,めうし (牝牛),LJC-M208Q220
6824,LJC07062,LJC07062.jpg,70-62,220,208,めうし (牝牛),LJC-M208Q220
6825,LJC07063,LJC07063.jpg,70-63,220,208,めうし (牝牛),LJC-M208Q220
6826,LJC07064,LJC07064.jpg,70-64,220,208,めうし (牝牛),LJC-M208Q220
6827,LJC07065,LJC07065.jpg,70-65,220,208,めうし (牝牛),LJC-M208Q220
6828,LJC07066,LJC07066.jpg,70-66,220,208,めうし (牝牛),LJC-M208Q220
6829,LJC07067,LJC07067.jpg,70-67,220,208,めうし (牝牛),LJC-M208Q220
6830,LJC07068,LJC07068.jpg,70-68,220,208,めうし (牝牛),LJC-M208Q220
6831,LJC07069,LJC07069.jpg,70-69,220,208,めうし (牝牛),LJC-M208Q220
6832,LJC07070,LJC07070.jpg,70-70,220,208,めうし (牝牛),LJC-M208Q220
6833,LJC07071,LJC07071.jpg,70-71,220,208,めうし (牝牛),LJC-M208Q220
6834,LJC07072,LJC07072.jpg,70-72,220,208,めうし (牝牛),LJC-M208Q220
6835,LJC07073,LJC07073.jpg,70-73,220,208,めうし (牝牛),LJC-M208Q220
6836,LJC07074,LJC07074.jpg,70-74,220,208,めうし (牝牛),LJC-M208Q220
6837,LJC07075,LJC07075.jpg,70-75,220,208,めうし (牝牛),LJC-M208Q220
6838,LJC07076,LJC07076.jpg,70-76,220,208,めうし (牝牛),LJC-M208Q220
6839,LJC07077,LJC07077.jpg,70-77,220,208,めうし (牝牛),LJC-M208Q220
6840,LJC07078,LJC07078.jpg,70-78,220,208,めうし (牝牛),LJC-M208Q220
6841,LJC07079,LJC07079.jpg,70-79,220,208,めうし (牝牛),LJC-M208Q220
6842,LJC07080,LJC07080.jpg,70-80,220,208,めうし (牝牛),LJC-M208Q220
6843,LJC07081,LJC07081.jpg,70-81,220,208,めうし (牝牛),LJC-M208Q220
6844,LJC07082,LJC07082.jpg,70-82,220,208,めうし (牝牛),LJC-M208Q220
6845,LJC07083,LJC07083.jpg,70-83,220,208,めうし (牝牛),LJC-M208Q220
6846,LJC07084,LJC07084.jpg,70-84,220,208,めうし (牝牛),LJC-M208Q220
6847,LJC07085,LJC07085.jpg,70-85,220,208,めうし (牝牛),LJC-M208Q220
6848,LJC07086,LJC07086.jpg,70-86,220,208,めうし (牝牛),LJC-M208Q220
6849,LJC07087,LJC07087.jpg,70-87,221,209,こうし (子牛),LJC-M209Q221
6850,LJC07088,LJC07088.jpg,70-88,221,209,こうし (子牛),LJC-M209Q221
6851,LJC07089,LJC07089.jpg,70-89,221,209,こうし (子牛),LJC-M209Q221
6852,LJC07090,LJC07090.jpg,70-90,221,209,こうし (子牛),LJC-M209Q221
6853,LJC07091,LJC07091.jpg,70-91,221,209,こうし (子牛),LJC-M209Q221
6854,LJC07092,LJC07092.jpg,70-92,221,209,こうし (子牛),LJC-M209Q221
6855,LJC07093,LJC07093.jpg,70-93,221,209,こうし (子牛),LJC-M209Q221
6856,LJC07094,LJC07094.jpg,70-94,221,209,こうし (子牛),LJC-M209Q221
6857,LJC07095,LJC07095.jpg,70-95,221,209,こうし (子牛),LJC-M209Q221
6858,LJC07096,LJC07096.jpg,70-96,221,209,こうし (子牛),LJC-M209Q221
6859,LJC07097,LJC07097.jpg,70-97,221,209,こうし (子牛),LJC-M209Q221
6860,LJC07098,LJC07098.jpg,70-98,221,209,こうし (子牛),LJC-M209Q221
6861,LJC07101,LJC07101.jpg,71-01,221,209,こうし (子牛),LJC-M209Q221
6862,LJC07102,LJC07102.jpg,71-02,221,209,こうし (子牛),LJC-M209Q221
6863,LJC07103,LJC07103.jpg,71-03,221,209,こうし (子牛),LJC-M209Q221
6864,LJC07104,LJC07104.jpg,71-04,221,209,こうし (子牛),LJC-M209Q221
6865,LJC07105,LJC07105.jpg,71-05,221,209,こうし (子牛),LJC-M209Q221
6866,LJC07106,LJC07106.jpg,71-06,221,209,こうし (子牛),LJC-M209Q221
6867,LJC07107,LJC07107.jpg,71-07,221,209,こうし (子牛),LJC-M209Q221
6868,LJC07108,LJC07108.jpg,71-08,221,209,こうし (子牛),LJC-M209Q221
6869,LJC07109,LJC07109.jpg,71-09,221,209,こうし (子牛),LJC-M209Q221
6870,LJC07110,LJC07110.jpg,71-10,221,209,こうし (子牛),LJC-M209Q221
6871,LJC07111,LJC07111.jpg,71-11,221,209,こうし (子牛),LJC-M209Q221
6872,LJC07112,LJC07112.jpg,71-12,221,209,こうし (子牛),LJC-M209Q221
6873,LJC07113,LJC07113.jpg,71-13,221,209,こうし (子牛),LJC-M209Q221
6874,LJC07114,LJC07114.jpg,71-14,221,209,こうし (子牛),LJC-M209Q221
6875,LJC07115,LJC07115.jpg,71-15,221,209,こうし (子牛),LJC-M209Q221
6876,LJC07116,LJC07116.jpg,71-16,221,209,こうし (子牛),LJC-M209Q221
6877,LJC07117,LJC07117.jpg,71-17,221,209,こうし (子牛),LJC-M209Q221
6878,LJC07118,LJC07118.jpg,71-18,221,209,こうし (子牛),LJC-M209Q221
6879,LJC07119,LJC07119.jpg,71-19,221,209,こうし (子牛),LJC-M209Q221
6880,LJC07120,LJC07120.jpg,71-20,221,209,こうし (子牛),LJC-M209Q221
6881,LJC07121,LJC07121.jpg,71-21,221,209,こうし (子牛),LJC-M209Q221
6882,LJC07122,LJC07122.jpg,71-22,221,209,こうし (子牛),LJC-M209Q221
6883,LJC07123,LJC07123.jpg,71-23,221,209,こうし (子牛),LJC-M209Q221
6884,LJC07124,LJC07124.jpg,71-24,221,209,こうし (子牛),LJC-M209Q221
6885,LJC07125,LJC07125.jpg,71-25,221,209,こうし (子牛),LJC-M209Q221
6886,LJC07126,LJC07126.jpg,71-26,221,209,こうし (子牛),LJC-M209Q221
6887,LJC07127,LJC07127.jpg,71-27,221,209,こうし (子牛),LJC-M209Q221
6888,LJC07128,LJC07128.jpg,71-28,221,209,こうし (子牛),LJC-M209Q221
6889,LJC07129,LJC07129.jpg,71-29,221,209,こうし (子牛),LJC-M209Q221
6890,LJC07130,LJC07130.jpg,71-30,221,209,こうし (子牛),LJC-M209Q221
6891,LJC07131,LJC07131.jpg,71-31,221,209,こうし (子牛),LJC-M209Q221
6892,LJC07132,LJC07132.jpg,71-32,221,209,こうし (子牛),LJC-M209Q221
6893,LJC07133,LJC07133.jpg,71-33,221,209,こうし (子牛),LJC-M209Q221
6894,LJC07134,LJC07134.jpg,71-34,221,209,こうし (子牛),LJC-M209Q221
6895,LJC07135,LJC07135.jpg,71-35,221,209,こうし (子牛),LJC-M209Q221
6896,LJC07136,LJC07136.jpg,71-36,221,209,こうし (子牛),LJC-M209Q221
6897,LJC07137,LJC07137.jpg,71-37,221,209,こうし (子牛),LJC-M209Q221
6898,LJC07138,LJC07138.jpg,71-38,221,209,こうし (子牛),LJC-M209Q221
6899,LJC07139,LJC07139.jpg,71-39,221,209,こうし (子牛),LJC-M209Q221
6900,LJC07140,LJC07140.jpg,71-40,221,209,こうし (子牛),LJC-M209Q221
6901,LJC07141,LJC07141.jpg,71-41,221,209,こうし (子牛),LJC-M209Q221
6902,LJC07142,LJC07142.jpg,71-42,221,209,こうし (子牛),LJC-M209Q221
6903,LJC07143,LJC07143.jpg,71-43,222,210,もうもう (牛の鳴き声),LJC-M210Q222
6904,LJC07144,LJC07144.jpg,71-44,222,210,もうもう (牛の鳴き声),LJC-M210Q222
6905,LJC07145,LJC07145.jpg,71-45,222,210,もうもう (牛の鳴き声),LJC-M210Q222
6906,LJC07146,LJC07146.jpg,71-46,222,210,もうもう (牛の鳴き声),LJC-M210Q222
6907,LJC07147,LJC07147.jpg,71-47,222,210,もうもう (牛の鳴き声),LJC-M210Q222
6908,LJC07148,LJC07148.jpg,71-48,222,210,もうもう (牛の鳴き声),LJC-M210Q222
6909,LJC07149,LJC07149.jpg,71-49,222,210,もうもう (牛の鳴き声),LJC-M210Q222
6910,LJC07150,LJC07150.jpg,71-50,222,210,もうもう (牛の鳴き声),LJC-M210Q222
6911,LJC07151,LJC07151.jpg,71-51,222,210,もうもう (牛の鳴き声),LJC-M210Q222
6912,LJC07152,LJC07152.jpg,71-52,222,210,もうもう (牛の鳴き声),LJC-M210Q222
6913,LJC07153,LJC07153.jpg,71-53,222,210,もうもう (牛の鳴き声),LJC-M210Q222
6914,LJC07154,LJC07154.jpg,71-54,222,210,もうもう (牛の鳴き声),LJC-M210Q222
6915,LJC07155,LJC07155.jpg,71-55,222,210,もうもう (牛の鳴き声),LJC-M210Q222
6916,LJC07156,LJC07156.jpg,71-56,222,210,もうもう (牛の鳴き声),LJC-M210Q222
6917,LJC07157,LJC07157.jpg,71-57,222,210,もうもう (牛の鳴き声),LJC-M210Q222
6918,LJC07158,LJC07158.jpg,71-58,222,210,もうもう (牛の鳴き声),LJC-M210Q222
6919,LJC07159,LJC07159.jpg,71-59,222,210,もうもう (牛の鳴き声),LJC-M210Q222
6920,LJC07160,LJC07160.jpg,71-60,222,210,もうもう (牛の鳴き声),LJC-M210Q222
6921,LJC07161,LJC07161.jpg,71-61,222,210,もうもう (牛の鳴き声),LJC-M210Q222
6922,LJC07162,LJC07162.jpg,71-62,222,210,もうもう (牛の鳴き声),LJC-M210Q222
6923,LJC07163,LJC07163.jpg,71-63,222,210,もうもう (牛の鳴き声),LJC-M210Q222
6924,LJC07164,LJC07164.jpg,71-64,222,210,もうもう (牛の鳴き声),LJC-M210Q222
6925,LJC07165,LJC07165.jpg,71-65,222,210,もうもう (牛の鳴き声),LJC-M210Q222
6926,LJC07166,LJC07166.jpg,71-66,222,210,もうもう (牛の鳴き声),LJC-M210Q222
6927,LJC07167,LJC07167.jpg,71-67,222,210,もうもう (牛の鳴き声),LJC-M210Q222
6928,LJC07168,LJC07168.jpg,71-68,222,210,もうもう (牛の鳴き声),LJC-M210Q222
6929,LJC07169,LJC07169.jpg,71-69,222,210,もうもう (牛の鳴き声),LJC-M210Q222
6930,LJC07170,LJC07170.jpg,71-70,222,210,もうもう (牛の鳴き声),LJC-M210Q222
6931,LJC07171,LJC07171.jpg,71-71,222,210,もうもう (牛の鳴き声),LJC-M210Q222
6932,LJC07172,LJC07172.jpg,71-72,222,210,もうもう (牛の鳴き声),LJC-M210Q222
6933,LJC07173,LJC07173.jpg,71-73,222,210,もうもう (牛の鳴き声),LJC-M210Q222
6934,LJC07174,LJC07174.jpg,71-74,222,210,もうもう (牛の鳴き声),LJC-M210Q222
6935,LJC07175,LJC07175.jpg,71-75,222,210,もうもう (牛の鳴き声),LJC-M210Q222
6936,LJC07176,LJC07176.jpg,71-76,222,210,もうもう (牛の鳴き声),LJC-M210Q222
6937,LJC07177,LJC07177.jpg,71-77,222,210,もうもう (牛の鳴き声),LJC-M210Q222
6938,LJC07178,LJC07178.jpg,71-78,222,210,もうもう (牛の鳴き声),LJC-M210Q222
6939,LJC07179,LJC07179.jpg,71-79,222,210,もうもう (牛の鳴き声),LJC-M210Q222
6940,LJC07180,LJC07180.jpg,71-80,222,210,もうもう (牛の鳴き声),LJC-M210Q222
6941,LJC07181,LJC07181.jpg,71-81,222,210,もうもう (牛の鳴き声),LJC-M210Q222
6942,LJC07182,LJC07182.jpg,71-82,222,210,もうもう (牛の鳴き声),LJC-M210Q222
6943,LJC07183,LJC07183.jpg,71-83,222,210,もうもう (牛の鳴き声),LJC-M210Q222
6944,LJC07184,LJC07184.jpg,71-84,222,210,もうもう (牛の鳴き声),LJC-M210Q222
6945,LJC07185,LJC07185.jpg,71-85,222,210,もうもう (牛の鳴き声),LJC-M210Q222
6946,LJC07186,LJC07186.jpg,71-86,222,210,もうもう (牛の鳴き声),LJC-M210Q222
6947,LJC07187,LJC07187.jpg,71-87,222,210,もうもう (牛の鳴き声),LJC-M210Q222
6948,LJC07188,LJC07188.jpg,71-88,222,210,もうもう (牛の鳴き声),LJC-M210Q222
6949,LJC07189,LJC07189.jpg,71-89,222,210,もうもう (牛の鳴き声),LJC-M210Q222
6950,LJC07190,LJC07190.jpg,71-90,222,210,もうもう (牛の鳴き声),LJC-M210Q222
6951,LJC07191,LJC07191.jpg,71-91,222,210,もうもう (牛の鳴き声),LJC-M210Q222
6952,LJC07192,LJC07192.jpg,71-92,222,210,もうもう (牛の鳴き声),LJC-M210Q222
6953,LJC07193,LJC07193.jpg,71-93,222,210,もうもう (牛の鳴き声),LJC-M210Q222
6954,LJC07194,LJC07194.jpg,71-94,222,210,もうもう (牛の鳴き声),LJC-M210Q222
6955,LJC07195,LJC07195.jpg,71-95,222,210,もうもう (牛の鳴き声),LJC-M210Q222
6956,LJC07196,LJC07196.jpg,71-96,222,210,もうもう (牛の鳴き声),LJC-M210Q222
6957,LJC07197,LJC07197.jpg,71-97,222,210,もうもう (牛の鳴き声),LJC-M210Q222
6958,LJC07198,LJC07198.jpg,71-98,222,210,もうもう (牛の鳴き声),LJC-M210Q222
6959,LJC07201,LJC07201.jpg,72-01,222,210,もうもう (牛の鳴き声),LJC-M210Q222
6960,LJC07202,LJC07202.jpg,72-02,222,210,もうもう (牛の鳴き声),LJC-M210Q222
6961,LJC07203,LJC07203.jpg,72-03,222,210,もうもう (牛の鳴き声),LJC-M210Q222
6962,LJC07204,LJC07204.jpg,72-04,222,210,もうもう (牛の鳴き声),LJC-M210Q222
6963,LJC07205,LJC07205.jpg,72-05,222,210,もうもう (牛の鳴き声),LJC-M210Q222
6964,LJC07206,LJC07206.jpg,72-06,222,210,もうもう (牛の鳴き声),LJC-M210Q222
6965,LJC07207,LJC07207.jpg,72-07,222,210,もうもう (牛の鳴き声),LJC-M210Q222
6966,LJC07208,LJC07208.jpg,72-08,222,210,もうもう (牛の鳴き声),LJC-M210Q222
6967,LJC07209,LJC07209.jpg,72-09,222,210,もうもう (牛の鳴き声),LJC-M210Q222
6968,LJC07210,LJC07210.jpg,72-10,222,210,もうもう (牛の鳴き声),LJC-M210Q222
6969,LJC07211,LJC07211.jpg,72-11,222,210,もうもう (牛の鳴き声),LJC-M210Q222
6970,LJC07212,LJC07212.jpg,72-12,222,210,もうもう (牛の鳴き声),LJC-M210Q222
6971,LJC07213,LJC07213.jpg,72-13,222,210,もうもう (牛の鳴き声),LJC-M210Q222
6972,LJC07214,LJC07214.jpg,72-14,222,210,もうもう (牛の鳴き声),LJC-M210Q222
6973,LJC07215,LJC07215.jpg,72-15,222,210,もうもう (牛の鳴き声),LJC-M210Q222
6974,LJC07216,LJC07216.jpg,72-16,222,210,もうもう (牛の鳴き声),LJC-M210Q222
6975,LJC07217,LJC07217.jpg,72-17,222,210,もうもう (牛の鳴き声),LJC-M210Q222
6976,LJC07218,LJC07218.jpg,72-18,222,210,もうもう (牛の鳴き声),LJC-M210Q222
6977,LJC07219,LJC07219.jpg,72-19,222,210,もうもう (牛の鳴き声),LJC-M210Q222
6978,LJC07220,LJC07220.jpg,72-20,222,210,もうもう (牛の鳴き声),LJC-M210Q222
6979,LJC07221,LJC07221.jpg,72-21,222,210,もうもう (牛の鳴き声),LJC-M210Q222
6980,LJC07222,LJC07222.jpg,72-22,222,210,もうもう (牛の鳴き声),LJC-M210Q222
6981,LJC07223,LJC07223.jpg,72-23,222,210,もうもう (牛の鳴き声),LJC-M210Q222
6982,LJC07224,LJC07224.jpg,72-24,222,210,もうもう (牛の鳴き声),LJC-M210Q222
6983,LJC07225,LJC07225.jpg,72-25,222,210,もうもう (牛の鳴き声),LJC-M210Q222
6984,LJC07226,LJC07226.jpg,72-26,222,210,もうもう (牛の鳴き声),LJC-M210Q222
6985,LJC07227,LJC07227.jpg,72-27,222,210,もうもう (牛の鳴き声),LJC-M210Q222
6986,LJC07228,LJC07228.jpg,72-28,222,210,もうもう (牛の鳴き声),LJC-M210Q222
6987,LJC07229,LJC07229.jpg,72-29,222,210,もうもう (牛の鳴き声),LJC-M210Q222
6988,LJC07230,LJC07230.jpg,72-30,222,210,もうもう (牛の鳴き声),LJC-M210Q222
6989,LJC07231,LJC07231.jpg,72-31,222,210,もうもう (牛の鳴き声),LJC-M210Q222
6990,LJC07232,LJC07232.jpg,72-32,222,210,もうもう (牛の鳴き声),LJC-M210Q222
6991,LJC07233,LJC07233.jpg,72-33,223,211,もぐら (土竜・〓鼠),LJC-M211Q223
6992,LJC07234,LJC07234.jpg,72-34,223,211,もぐら (土竜・〓鼠),LJC-M211Q223
6993,LJC07235,LJC07235.jpg,72-35,223,211,もぐら (土竜・〓鼠),LJC-M211Q223
6994,LJC07236,LJC07236.jpg,72-36,223,211,もぐら (土竜・〓鼠),LJC-M211Q223
6995,LJC07237,LJC07237.jpg,72-37,223,211,もぐら (土竜・〓鼠),LJC-M211Q223
6996,LJC07238,LJC07238.jpg,72-38,223,211,もぐら (土竜・〓鼠),LJC-M211Q223
6997,LJC07239,LJC07239.jpg,72-39,223,211,もぐら (土竜・〓鼠),LJC-M211Q223
6998,LJC07240,LJC07240.jpg,72-40,223,211,もぐら (土竜・〓鼠),LJC-M211Q223
6999,LJC07241,LJC07241.jpg,72-41,223,211,もぐら (土竜・〓鼠),LJC-M211Q223
7000,LJC07242,LJC07242.jpg,72-42,223,211,もぐら (土竜・〓鼠),LJC-M211Q223
7001,LJC07243,LJC07243.jpg,72-43,223,211,もぐら (土竜・〓鼠),LJC-M211Q223
7002,LJC07244,LJC07244.jpg,72-44,223,211,もぐら (土竜・〓鼠),LJC-M211Q223
7003,LJC07245,LJC07245.jpg,72-45,223,211,もぐら (土竜・〓鼠),LJC-M211Q223
7004,LJC07246,LJC07246.jpg,72-46,223,211,もぐら (土竜・〓鼠),LJC-M211Q223
7005,LJC07247,LJC07247.jpg,72-47,223,211,もぐら (土竜・〓鼠),LJC-M211Q223
7006,LJC07248,LJC07248.jpg,72-48,223,211,もぐら (土竜・〓鼠),LJC-M211Q223
7007,LJC07249,LJC07249.jpg,72-49,223,211,もぐら (土竜・〓鼠),LJC-M211Q223
7008,LJC07250,LJC07250.jpg,72-50,223,211,もぐら (土竜・〓鼠),LJC-M211Q223
7009,LJC07251,LJC07251.jpg,72-51,223,211,もぐら (土竜・〓鼠),LJC-M211Q223
7010,LJC07252,LJC07252.jpg,72-52,223,211,もぐら (土竜・〓鼠),LJC-M211Q223
7011,LJC07253,LJC07253.jpg,72-53,223,211,もぐら (土竜・〓鼠),LJC-M211Q223
7012,LJC07254,LJC07254.jpg,72-54,223,211,もぐら (土竜・〓鼠),LJC-M211Q223
7013,LJC07255,LJC07255.jpg,72-55,223,211,もぐら (土竜・〓鼠),LJC-M211Q223
7014,LJC07256,LJC07256.jpg,72-56,223,211,もぐら (土竜・〓鼠),LJC-M211Q223
7015,LJC07257,LJC07257.jpg,72-57,223,211,もぐら (土竜・〓鼠),LJC-M211Q223
7016,LJC07258,LJC07258.jpg,72-58,223,211,もぐら (土竜・〓鼠),LJC-M211Q223
7017,LJC07259,LJC07259.jpg,72-59,223,211,もぐら (土竜・〓鼠),LJC-M211Q223
7018,LJC07260,LJC07260.jpg,72-60,223,211,もぐら (土竜・〓鼠),LJC-M211Q223
7019,LJC07261,LJC07261.jpg,72-61,223,211,もぐら (土竜・〓鼠),LJC-M211Q223
7020,LJC07262,LJC07262.jpg,72-62,223,211,もぐら (土竜・〓鼠),LJC-M211Q223
7021,LJC07263,LJC07263.jpg,72-63,223,211,もぐら (土竜・〓鼠),LJC-M211Q223
7022,LJC07264,LJC07264.jpg,72-64,223,211,もぐら (土竜・〓鼠),LJC-M211Q223
7023,LJC07265,LJC07265.jpg,72-65,223,211,もぐら (土竜・〓鼠),LJC-M211Q223
7024,LJC07266,LJC07266.jpg,72-66,223,211,もぐら (土竜・〓鼠),LJC-M211Q223
7025,LJC07267,LJC07267.jpg,72-67,223,211,もぐら (土竜・〓鼠),LJC-M211Q223
7026,LJC07268,LJC07268.jpg,72-68,223,211,もぐら (土竜・〓鼠),LJC-M211Q223
7027,LJC07269,LJC07269.jpg,72-69,223,211,もぐら (土竜・〓鼠),LJC-M211Q223
7028,LJC07270,LJC07270.jpg,72-70,223,211,もぐら (土竜・〓鼠),LJC-M211Q223
7029,LJC07271,LJC07271.jpg,72-71,223,211,もぐら (土竜・〓鼠),LJC-M211Q223
7030,LJC07272,LJC07272.jpg,72-72,224,212,ふくろう (梟),LJC-M212Q224
7031,LJC07273,LJC07273.jpg,72-73,224,212,ふくろう (梟),LJC-M212Q224
7032,LJC07274,LJC07274.jpg,72-74,224,212,ふくろう (梟),LJC-M212Q224
7033,LJC07275,LJC07275.jpg,72-75,224,212,ふくろう (梟),LJC-M212Q224
7034,LJC07276,LJC07276.jpg,72-76,224,212,ふくろう (梟),LJC-M212Q224
7035,LJC07277,LJC07277.jpg,72-77,224,212,ふくろう (梟),LJC-M212Q224
7036,LJC07278,LJC07278.jpg,72-78,224,212,ふくろう (梟),LJC-M212Q224
7037,LJC07279,LJC07279.jpg,72-79,224,212,ふくろう (梟),LJC-M212Q224
7038,LJC07280,LJC07280.jpg,72-80,224,212,ふくろう (梟),LJC-M212Q224
7039,LJC07281,LJC07281.jpg,72-81,224,212,ふくろう (梟),LJC-M212Q224
7040,LJC07282,LJC07282.jpg,72-82,224,212,ふくろう (梟),LJC-M212Q224
7041,LJC07283,LJC07283.jpg,72-83,224,212,ふくろう (梟),LJC-M212Q224
7042,LJC07284,LJC07284.jpg,72-84,224,212,ふくろう (梟),LJC-M212Q224
7043,LJC07285,LJC07285.jpg,72-85,224,212,ふくろう (梟),LJC-M212Q224
7044,LJC07286,LJC07286.jpg,72-86,224,212,ふくろう (梟),LJC-M212Q224
7045,LJC07287,LJC07287.jpg,72-87,224,212,ふくろう (梟),LJC-M212Q224
7046,LJC07288,LJC07288.jpg,72-88,224,212,ふくろう (梟),LJC-M212Q224
7047,LJC07289,LJC07289.jpg,72-89,224,212,ふくろう (梟),LJC-M212Q224
7048,LJC07290,LJC07290.jpg,72-90,224,212,ふくろう (梟),LJC-M212Q224
7049,LJC07291,LJC07291.jpg,72-91,224,212,ふくろう (梟),LJC-M212Q224
7050,LJC07292,LJC07292.jpg,72-92,224,212,ふくろう (梟),LJC-M212Q224
7051,LJC07293,LJC07293.jpg,72-93,224,212,ふくろう (梟),LJC-M212Q224
7052,LJC07294,LJC07294.jpg,72-94,224,212,ふくろう (梟),LJC-M212Q224
7053,LJC07295,LJC07295.jpg,72-95,224,212,ふくろう (梟),LJC-M212Q224
7054,LJC07296,LJC07296.jpg,72-96,224,212,ふくろう (梟),LJC-M212Q224
7055,LJC07297,LJC07297.jpg,72-97,224,212,ふくろう (梟),LJC-M212Q224
7056,LJC07298,LJC07298.jpg,72-98,224,212,ふくろう (梟),LJC-M212Q224
7057,LJC07301,LJC07301.jpg,73-01,224,212,ふくろう (梟),LJC-M212Q224
7058,LJC07302,LJC07302.jpg,73-02,224,212,ふくろう (梟),LJC-M212Q224
7059,LJC07303,LJC07303.jpg,73-03,224,212,ふくろう (梟),LJC-M212Q224
7060,LJC07304,LJC07304.jpg,73-04,224,212,ふくろう (梟),LJC-M212Q224
7061,LJC07305,LJC07305.jpg,73-05,224,212,ふくろう (梟),LJC-M212Q224
7062,LJC07306,LJC07306.jpg,73-06,224,212,ふくろう (梟),LJC-M212Q224
7063,LJC07307,LJC07307.jpg,73-07,224,212,ふくろう (梟),LJC-M212Q224
7064,LJC07308,LJC07308.jpg,73-08,224,212,ふくろう (梟),LJC-M212Q224
7065,LJC07309,LJC07309.jpg,73-09,224,212,ふくろう (梟),LJC-M212Q224
7066,LJC07310,LJC07310.jpg,73-10,224,212,ふくろう (梟),LJC-M212Q224
7067,LJC07311,LJC07311.jpg,73-11,224,212,ふくろう (梟),LJC-M212Q224
7068,LJC07312,LJC07312.jpg,73-12,224,212,ふくろう (梟),LJC-M212Q224
7069,LJC07313,LJC07313.jpg,73-13,224,212,ふくろう (梟),LJC-M212Q224
7070,LJC07314,LJC07314.jpg,73-14,224,212,ふくろう (梟),LJC-M212Q224
7071,LJC07315,LJC07315.jpg,73-15,224,212,ふくろう (梟),LJC-M212Q224
7072,LJC07316,LJC07316.jpg,73-16,224,212,ふくろう (梟),LJC-M212Q224
7073,LJC07317,LJC07317.jpg,73-17,224,212,ふくろう (梟),LJC-M212Q224
7074,LJC07318,LJC07318.jpg,73-18,224,212,ふくろう (梟),LJC-M212Q224
7075,LJC07319,LJC07319.jpg,73-19,224,212,ふくろう (梟),LJC-M212Q224
7076,LJC07320,LJC07320.jpg,73-20,224,212,ふくろう (梟),LJC-M212Q224
7077,LJC07321,LJC07321.jpg,73-21,224,212,ふくろう (梟),LJC-M212Q224
7078,LJC07322,LJC07322.jpg,73-22,224,212,ふくろう (梟),LJC-M212Q224
7079,LJC07323,LJC07323.jpg,73-23,224,212,ふくろう (梟),LJC-M212Q224
7080,LJC07324,LJC07324.jpg,73-24,226,213,せきれい (鶺鴒),LJC-M213Q226
7081,LJC07325,LJC07325.jpg,73-25,226,213,せきれい (鶺鴒),LJC-M213Q226
7082,LJC07326,LJC07326.jpg,73-26,226,213,せきれい (鶺鴒),LJC-M213Q226
7083,LJC07327,LJC07327.jpg,73-27,226,213,せきれい (鶺鴒),LJC-M213Q226
7084,LJC07328,LJC07328.jpg,73-28,226,213,せきれい (鶺鴒),LJC-M213Q226
7085,LJC07329,LJC07329.jpg,73-29,226,213,せきれい (鶺鴒),LJC-M213Q226
7086,LJC07330,LJC07330.jpg,73-30,226,213,せきれい (鶺鴒),LJC-M213Q226
7087,LJC07331,LJC07331.jpg,73-31,226,213,せきれい (鶺鴒),LJC-M213Q226
7088,LJC07332,LJC07332.jpg,73-32,226,213,せきれい (鶺鴒),LJC-M213Q226
7089,LJC07333,LJC07333.jpg,73-33,226,213,せきれい (鶺鴒),LJC-M213Q226
7090,LJC07334,LJC07334.jpg,73-34,226,213,せきれい (鶺鴒),LJC-M213Q226
7091,LJC07335,LJC07335.jpg,73-35,226,213,せきれい (鶺鴒),LJC-M213Q226
7092,LJC07336,LJC07336.jpg,73-36,226,213,せきれい (鶺鴒),LJC-M213Q226
7093,LJC07337,LJC07337.jpg,73-37,226,213,せきれい (鶺鴒),LJC-M213Q226
7094,LJC07338,LJC07338.jpg,73-38,226,213,せきれい (鶺鴒),LJC-M213Q226
7095,LJC07339,LJC07339.jpg,73-39,226,213,せきれい (鶺鴒),LJC-M213Q226
7096,LJC07340,LJC07340.jpg,73-40,226,213,せきれい (鶺鴒),LJC-M213Q226
7097,LJC07341,LJC07341.jpg,73-41,226,213,せきれい (鶺鴒),LJC-M213Q226
7098,LJC07342,LJC07342.jpg,73-42,226,213,せきれい (鶺鴒),LJC-M213Q226
7099,LJC07343,LJC07343.jpg,73-43,226,213,せきれい (鶺鴒),LJC-M213Q226
7100,LJC07344,LJC07344.jpg,73-44,226,213,せきれい (鶺鴒),LJC-M213Q226
7101,LJC07345,LJC07345.jpg,73-45,226,213,せきれい (鶺鴒),LJC-M213Q226
7102,LJC07346,LJC07346.jpg,73-46,226,213,せきれい (鶺鴒),LJC-M213Q226
7103,LJC07347,LJC07347.jpg,73-47,226,213,せきれい (鶺鴒),LJC-M213Q226
7104,LJC07348,LJC07348.jpg,73-48,226,213,せきれい (鶺鴒),LJC-M213Q226
7105,LJC07349,LJC07349.jpg,73-49,226,213,せきれい (鶺鴒),LJC-M213Q226
7106,LJC07350,LJC07350.jpg,73-50,226,213,せきれい (鶺鴒),LJC-M213Q226
7107,LJC07351,LJC07351.jpg,73-51,226,213,せきれい (鶺鴒),LJC-M213Q226
7108,LJC07352,LJC07352.jpg,73-52,226,213,せきれい (鶺鴒),LJC-M213Q226
7109,LJC07353,LJC07353.jpg,73-53,226,213,せきれい (鶺鴒),LJC-M213Q226
7110,LJC07354,LJC07354.jpg,73-54,226,213,せきれい (鶺鴒),LJC-M213Q226
7111,LJC07355,LJC07355.jpg,73-55,226,213,せきれい (鶺鴒),LJC-M213Q226
7112,LJC07356,LJC07356.jpg,73-56,226,213,せきれい (鶺鴒),LJC-M213Q226
7113,LJC07357,LJC07357.jpg,73-57,226,213,せきれい (鶺鴒),LJC-M213Q226
7114,LJC07358,LJC07358.jpg,73-58,226,213,せきれい (鶺鴒),LJC-M213Q226
7115,LJC07359,LJC07359.jpg,73-59,226,213,せきれい (鶺鴒),LJC-M213Q226
7116,LJC07360,LJC07360.jpg,73-60,226,213,せきれい (鶺鴒),LJC-M213Q226
7117,LJC07361,LJC07361.jpg,73-61,226,213,せきれい (鶺鴒),LJC-M213Q226
7118,LJC07362,LJC07362.jpg,73-62,226,213,せきれい (鶺鴒),LJC-M213Q226
7119,LJC07363,LJC07363.jpg,73-63,226,213,せきれい (鶺鴒),LJC-M213Q226
7120,LJC07364,LJC07364.jpg,73-64,226,213,せきれい (鶺鴒),LJC-M213Q226
7121,LJC07365,LJC07365.jpg,73-65,226,213,せきれい (鶺鴒),LJC-M213Q226
7122,LJC07366,LJC07366.jpg,73-66,226,213,せきれい (鶺鴒),LJC-M213Q226
7123,LJC07367,LJC07367.jpg,73-67,226,213,せきれい (鶺鴒),LJC-M213Q226
7124,LJC07368,LJC07368.jpg,73-68,226,213,せきれい (鶺鴒),LJC-M213Q226
7125,LJC07369,LJC07369.jpg,73-69,226,213,せきれい (鶺鴒),LJC-M213Q226
7126,LJC07370,LJC07370.jpg,73-70,226,213,せきれい (鶺鴒),LJC-M213Q226
7127,LJC07371,LJC07371.jpg,73-71,226,213,せきれい (鶺鴒),LJC-M213Q226
7128,LJC07372,LJC07372.jpg,73-72,226,213,せきれい (鶺鴒),LJC-M213Q226
7129,LJC07373,LJC07373.jpg,73-73,226,213,せきれい (鶺鴒),LJC-M213Q226
7130,LJC07374,LJC07374.jpg,73-74,226,213,せきれい (鶺鴒),LJC-M213Q226
7131,LJC07375,LJC07375.jpg,73-75,226,213,せきれい (鶺鴒),LJC-M213Q226
7132,LJC07376,LJC07376.jpg,73-76,226,213,せきれい (鶺鴒),LJC-M213Q226
7133,LJC07377,LJC07377.jpg,73-77,226,213,せきれい (鶺鴒),LJC-M213Q226
7134,LJC07378,LJC07378.jpg,73-78,226,213,せきれい (鶺鴒),LJC-M213Q226
7135,LJC07379,LJC07379.jpg,73-79,226,213,せきれい (鶺鴒),LJC-M213Q226
7136,LJC07380,LJC07380.jpg,73-80,226,213,せきれい (鶺鴒),LJC-M213Q226
7137,LJC07381,LJC07381.jpg,73-81,226,213,せきれい (鶺鴒),LJC-M213Q226
7138,LJC07382,LJC07382.jpg,73-82,226,213,せきれい (鶺鴒),LJC-M213Q226
7139,LJC07383,LJC07383.jpg,73-83,226,213,せきれい (鶺鴒),LJC-M213Q226
7140,LJC07384,LJC07384.jpg,73-84,226,213,せきれい (鶺鴒),LJC-M213Q226
7141,LJC07385,LJC07385.jpg,73-85,226,213,せきれい (鶺鴒),LJC-M213Q226
7142,LJC07386,LJC07386.jpg,73-86,226,213,せきれい (鶺鴒),LJC-M213Q226
7143,LJC07387,LJC07387.jpg,73-87,226,213,せきれい (鶺鴒),LJC-M213Q226
7144,LJC07388,LJC07388.jpg,73-88,226,213,せきれい (鶺鴒),LJC-M213Q226
7145,LJC07389,LJC07389.jpg,73-89,226,213,せきれい (鶺鴒),LJC-M213Q226
7146,LJC07390,LJC07390.jpg,73-90,226,213,せきれい (鶺鴒),LJC-M213Q226
7147,LJC07391,LJC07391.jpg,73-91,226,213,せきれい (鶺鴒),LJC-M213Q226
7148,LJC07392,LJC07392.jpg,73-92,226,213,せきれい (鶺鴒),LJC-M213Q226
7149,LJC07393,LJC07393.jpg,73-93,226,213,せきれい (鶺鴒),LJC-M213Q226
7150,LJC07394,LJC07394.jpg,73-94,226,213,せきれい (鶺鴒),LJC-M213Q226
7151,LJC07395,LJC07395.jpg,73-95,226,213,せきれい (鶺鴒),LJC-M213Q226
7152,LJC07396,LJC07396.jpg,73-96,226,213,せきれい (鶺鴒),LJC-M213Q226
7153,LJC07397,LJC07397.jpg,73-97,226,213,せきれい (鶺鴒),LJC-M213Q226
7154,LJC07398,LJC07398.jpg,73-98,226,213,せきれい (鶺鴒),LJC-M213Q226
7155,LJC07401,LJC07401.jpg,74-01,226,213,せきれい (鶺鴒),LJC-M213Q226
7156,LJC07402,LJC07402.jpg,74-02,226,213,せきれい (鶺鴒),LJC-M213Q226
7157,LJC07403,LJC07403.jpg,74-03,226,213,せきれい (鶺鴒),LJC-M213Q226
7158,LJC07404,LJC07404.jpg,74-04,226,213,せきれい (鶺鴒),LJC-M213Q226
7159,LJC07405,LJC07405.jpg,74-05,226,213,せきれい (鶺鴒),LJC-M213Q226
7160,LJC07406,LJC07406.jpg,74-06,226,213,せきれい (鶺鴒),LJC-M213Q226
7161,LJC07407,LJC07407.jpg,74-07,226,213,せきれい (鶺鴒),LJC-M213Q226
7162,LJC07408,LJC07408.jpg,74-08,226,213,せきれい (鶺鴒),LJC-M213Q226
7163,LJC07409,LJC07409.jpg,74-09,226,213,せきれい (鶺鴒),LJC-M213Q226
7164,LJC07410,LJC07410.jpg,74-10,228,214,すずめ (雀),LJC-M214Q228
7165,LJC07411,LJC07411.jpg,74-11,228,214,すずめ (雀),LJC-M214Q228
7166,LJC07412,LJC07412.jpg,74-12,228,214,すずめ (雀),LJC-M214Q228
7167,LJC07413,LJC07413.jpg,74-13,228,214,すずめ (雀),LJC-M214Q228
7168,LJC07414,LJC07414.jpg,74-14,228,214,すずめ (雀),LJC-M214Q228
7169,LJC07415,LJC07415.jpg,74-15,228,214,すずめ (雀),LJC-M214Q228
7170,LJC07416,LJC07416.jpg,74-16,228,214,すずめ (雀),LJC-M214Q228
7171,LJC07417,LJC07417.jpg,74-17,228,214,すずめ (雀),LJC-M214Q228
7172,LJC07418,LJC07418.jpg,74-18,228,214,すずめ (雀),LJC-M214Q228
7173,LJC07419,LJC07419.jpg,74-19,228,214,すずめ (雀),LJC-M214Q228
7174,LJC07420,LJC07420.jpg,74-20,228,214,すずめ (雀),LJC-M214Q228
7175,LJC07421,LJC07421.jpg,74-21,228,214,すずめ (雀),LJC-M214Q228
7176,LJC07422,LJC07422.jpg,74-22,228,214,すずめ (雀),LJC-M214Q228
7177,LJC07423,LJC07423.jpg,74-23,228,214,すずめ (雀),LJC-M214Q228
7178,LJC07424,LJC07424.jpg,74-24,228,214,すずめ (雀),LJC-M214Q228
7179,LJC07425,LJC07425.jpg,74-25,230,215,とさか (鶏冠),LJC-M215Q230
7180,LJC07426,LJC07426.jpg,74-26,230,215,とさか (鶏冠),LJC-M215Q230
7181,LJC07427,LJC07427.jpg,74-27,230,215,とさか (鶏冠),LJC-M215Q230
7182,LJC07428,LJC07428.jpg,74-28,230,215,とさか (鶏冠),LJC-M215Q230
7183,LJC07429,LJC07429.jpg,74-29,230,215,とさか (鶏冠),LJC-M215Q230
7184,LJC07430,LJC07430.jpg,74-30,230,215,とさか (鶏冠),LJC-M215Q230
7185,LJC07431,LJC07431.jpg,74-31,230,215,とさか (鶏冠),LJC-M215Q230
7186,LJC07432,LJC07432.jpg,74-32,230,215,とさか (鶏冠),LJC-M215Q230
7187,LJC07433,LJC07433.jpg,74-33,230,215,とさか (鶏冠),LJC-M215Q230
7188,LJC07434,LJC07434.jpg,74-34,230,215,とさか (鶏冠),LJC-M215Q230
7189,LJC07435,LJC07435.jpg,74-35,230,215,とさか (鶏冠),LJC-M215Q230
7190,LJC07436,LJC07436.jpg,74-36,230,215,とさか (鶏冠),LJC-M215Q230
7191,LJC07437,LJC07437.jpg,74-37,230,215,とさか (鶏冠),LJC-M215Q230
7192,LJC07438,LJC07438.jpg,74-38,230,215,とさか (鶏冠),LJC-M215Q230
7193,LJC07439,LJC07439.jpg,74-39,230,215,とさか (鶏冠),LJC-M215Q230
7194,LJC07440,LJC07440.jpg,74-40,230,215,とさか (鶏冠),LJC-M215Q230
7195,LJC07441,LJC07441.jpg,74-41,230,215,とさか (鶏冠),LJC-M215Q230
7196,LJC07442,LJC07442.jpg,74-42,230,215,とさか (鶏冠),LJC-M215Q230
7197,LJC07443,LJC07443.jpg,74-43,230,215,とさか (鶏冠),LJC-M215Q230
7198,LJC07444,LJC07444.jpg,74-44,230,215,とさか (鶏冠),LJC-M215Q230
7199,LJC07445,LJC07445.jpg,74-45,230,215,とさか (鶏冠),LJC-M215Q230
7200,LJC07446,LJC07446.jpg,74-46,230,215,とさか (鶏冠),LJC-M215Q230
7201,LJC07447,LJC07447.jpg,74-47,230,215,とさか (鶏冠),LJC-M215Q230
7202,LJC07448,LJC07448.jpg,74-48,230,215,とさか (鶏冠),LJC-M215Q230
7203,LJC07449,LJC07449.jpg,74-49,230,215,とさか (鶏冠),LJC-M215Q230
7204,LJC07450,LJC07450.jpg,74-50,230,215,とさか (鶏冠),LJC-M215Q230
7205,LJC07451,LJC07451.jpg,74-51,230,215,とさか (鶏冠),LJC-M215Q230
7206,LJC07452,LJC07452.jpg,74-52,230,215,とさか (鶏冠),LJC-M215Q230
7207,LJC07453,LJC07453.jpg,74-53,230,215,とさか (鶏冠),LJC-M215Q230
7208,LJC07454,LJC07454.jpg,74-54,230,215,とさか (鶏冠),LJC-M215Q230
7209,LJC07455,LJC07455.jpg,74-55,230,215,とさか (鶏冠),LJC-M215Q230
7210,LJC07456,LJC07456.jpg,74-56,254,216,さかな (魚),LJC-M216Q254
7211,LJC07457,LJC07457.jpg,74-57,254,216,さかな (魚),LJC-M216Q254
7212,LJC07458,LJC07458.jpg,74-58,254,216,さかな (魚),LJC-M216Q254
7213,LJC07459,LJC07459.jpg,74-59,254,216,さかな (魚),LJC-M216Q254
7214,LJC07460,LJC07460.jpg,74-60,254,216,さかな (魚),LJC-M216Q254
7215,LJC07461,LJC07461.jpg,74-61,254,216,さかな (魚),LJC-M216Q254
7216,LJC07462,LJC07462.jpg,74-62,254,216,さかな (魚),LJC-M216Q254
7217,LJC07463,LJC07463.jpg,74-63,254,216,さかな (魚),LJC-M216Q254
7218,LJC07464,LJC07464.jpg,74-64,254,216,さかな (魚),LJC-M216Q254
7219,LJC07465,LJC07465.jpg,74-65,254,216,さかな (魚),LJC-M216Q254
7220,LJC07466,LJC07466.jpg,74-66,254,216,さかな (魚),LJC-M216Q254
7221,LJC07467,LJC07467.jpg,74-67,254,216,さかな (魚),LJC-M216Q254
7222,LJC07468,LJC07468.jpg,74-68,254,216,さかな (魚),LJC-M216Q254
7223,LJC07469,LJC07469.jpg,74-69,254,216,さかな (魚),LJC-M216Q254
7224,LJC07470,LJC07470.jpg,74-70,254,216,さかな (魚),LJC-M216Q254
7225,LJC07471,LJC07471.jpg,74-71,254,216,さかな (魚),LJC-M216Q254
7226,LJC07472,LJC07472.jpg,74-72,254,216,さかな (魚),LJC-M216Q254
7227,LJC07473,LJC07473.jpg,74-73,254,216,さかな (魚),LJC-M216Q254
7228,LJC07474,LJC07474.jpg,74-74,254,216,さかな (魚),LJC-M216Q254
7229,LJC07475,LJC07475.jpg,74-75,254,216,さかな (魚),LJC-M216Q254
7230,LJC07476,LJC07476.jpg,74-76,254,216,さかな (魚),LJC-M216Q254
7231,LJC07477,LJC07477.jpg,74-77,254,216,さかな (魚),LJC-M216Q254
7232,LJC07478,LJC07478.jpg,74-78,254,216,さかな (魚),LJC-M216Q254
7233,LJC07479,LJC07479.jpg,74-79,254,216,さかな (魚),LJC-M216Q254
7234,LJC07480,LJC07480.jpg,74-80,254,216,さかな (魚),LJC-M216Q254
7235,LJC07481,LJC07481.jpg,74-81,254,216,さかな (魚),LJC-M216Q254
7236,LJC07482,LJC07482.jpg,74-82,254,216,さかな (魚),LJC-M216Q254
7237,LJC07483,LJC07483.jpg,74-83,254,216,さかな (魚),LJC-M216Q254
7238,LJC07484,LJC07484.jpg,74-84,254,216,さかな (魚),LJC-M216Q254
7239,LJC07485,LJC07485.jpg,74-85,254,216,さかな (魚),LJC-M216Q254
7240,LJC07486,LJC07486.jpg,74-86,254,216,さかな (魚),LJC-M216Q254
7241,LJC07487,LJC07487.jpg,74-87,254,216,さかな (魚),LJC-M216Q254
7242,LJC07488,LJC07488.jpg,74-88,254,216,さかな (魚),LJC-M216Q254
7243,LJC07489,LJC07489.jpg,74-89,254,216,さかな (魚),LJC-M216Q254
7244,LJC07490,LJC07490.jpg,74-90,254,216,さかな (魚),LJC-M216Q254
7245,LJC07491,LJC07491.jpg,74-91,254,216,さかな (魚),LJC-M216Q254
7246,LJC07492,LJC07492.jpg,74-92,254,216,さかな (魚),LJC-M216Q254
7247,LJC07493,LJC07493.jpg,74-93,254,216,さかな (魚),LJC-M216Q254
7248,LJC07494,LJC07494.jpg,74-94,254,216,さかな (魚),LJC-M216Q254
7249,LJC07495,LJC07495.jpg,74-95,254,216,さかな (魚),LJC-M216Q254
7250,LJC07496,LJC07496.jpg,74-96,254,216,さかな (魚),LJC-M216Q254
7251,LJC07497,LJC07497.jpg,74-97,254,216,さかな (魚),LJC-M216Q254
7252,LJC07498,LJC07498.jpg,74-98,254,216,さかな (魚),LJC-M216Q254
7253,LJC07501,LJC07501.jpg,75-01,254,216,さかな (魚),LJC-M216Q254
7254,LJC07502,LJC07502.jpg,75-02,254,216,さかな (魚),LJC-M216Q254
7255,LJC07503,LJC07503.jpg,75-03,254,216,さかな (魚),LJC-M216Q254
7256,LJC07504,LJC07504.jpg,75-04,254,216,さかな (魚),LJC-M216Q254
7257,LJC07505,LJC07505.jpg,75-05,254,216,さかな (魚),LJC-M216Q254
7258,LJC07506,LJC07506.jpg,75-06,254,216,さかな (魚),LJC-M216Q254
7259,LJC07507,LJC07507.jpg,75-07,254,216,さかな (魚),LJC-M216Q254
7260,LJC07508,LJC07508.jpg,75-08,254,216,さかな (魚),LJC-M216Q254
7261,LJC07509,LJC07509.jpg,75-09,254,216,さかな (魚),LJC-M216Q254
7262,LJC07510,LJC07510.jpg,75-10,254,216,さかな (魚),LJC-M216Q254
7263,LJC07511,LJC07511.jpg,75-11,254,216,さかな (魚),LJC-M216Q254
7264,LJC07512,LJC07512.jpg,75-12,254,216,さかな (魚),LJC-M216Q254
7265,LJC07513,LJC07513.jpg,75-13,254,216,さかな (魚),LJC-M216Q254
7266,LJC07514,LJC07514.jpg,75-14,254,216,さかな (魚),LJC-M216Q254
7267,LJC07515,LJC07515.jpg,75-15,254,216,さかな (魚),LJC-M216Q254
7268,LJC07516,LJC07516.jpg,75-16,254,216,さかな (魚),LJC-M216Q254
7269,LJC07517,LJC07517.jpg,75-17,254,216,さかな (魚),LJC-M216Q254
7270,LJC07518,LJC07518.jpg,75-18,254,216,さかな (魚),LJC-M216Q254
7271,LJC07519,LJC07519.jpg,75-19,254,216,さかな (魚),LJC-M216Q254
7272,LJC07520,LJC07520.jpg,75-20,254,216,さかな (魚),LJC-M216Q254
7273,LJC07521,LJC07521.jpg,75-21,254,216,さかな (魚),LJC-M216Q254
7274,LJC07522,LJC07522.jpg,75-22,254,216,さかな (魚),LJC-M216Q254
7275,LJC07523,LJC07523.jpg,75-23,254,216,さかな (魚),LJC-M216Q254
7276,LJC07524,LJC07524.jpg,75-24,254,216,さかな (魚),LJC-M216Q254
7277,LJC07525,LJC07525.jpg,75-25,254,216,さかな (魚),LJC-M216Q254
7278,LJC07526,LJC07526.jpg,75-26,254,216,さかな (魚),LJC-M216Q254
7279,LJC07527,LJC07527.jpg,75-27,254,216,さかな (魚),LJC-M216Q254
7280,LJC07528,LJC07528.jpg,75-28,254,216,さかな (魚),LJC-M216Q254
7281,LJC07529,LJC07529.jpg,75-29,254,216,さかな (魚),LJC-M216Q254
7282,LJC07530,LJC07530.jpg,75-30,254,216,さかな (魚),LJC-M216Q254
7283,LJC07531,LJC07531.jpg,75-31,254,216,さかな (魚),LJC-M216Q254
7284,LJC07532,LJC07532.jpg,75-32,254,216,さかな (魚),LJC-M216Q254
7285,LJC07533,LJC07533.jpg,75-33,254,216,さかな (魚),LJC-M216Q254
7286,LJC07534,LJC07534.jpg,75-34,254,216,さかな (魚),LJC-M216Q254
7287,LJC07535,LJC07535.jpg,75-35,254,216,さかな (魚),LJC-M216Q254
7288,LJC07536,LJC07536.jpg,75-36,254,216,さかな (魚),LJC-M216Q254
7289,LJC07537,LJC07537.jpg,75-37,254,216,さかな (魚),LJC-M216Q254
7290,LJC07538,LJC07538.jpg,75-38,254,216,さかな (魚),LJC-M216Q254
7291,LJC07539,LJC07539.jpg,75-39,254,216,さかな (魚),LJC-M216Q254
7292,LJC07540,LJC07540.jpg,75-40,254,216,さかな (魚),LJC-M216Q254
7293,LJC07541,LJC07541.jpg,75-41,254,216,さかな (魚),LJC-M216Q254
7294,LJC07542,LJC07542.jpg,75-42,254,216,さかな (魚),LJC-M216Q254
7295,LJC07543,LJC07543.jpg,75-43,254,216,さかな (魚),LJC-M216Q254
7296,LJC07544,LJC07544.jpg,75-44,254,216,さかな (魚),LJC-M216Q254
7297,LJC07545,LJC07545.jpg,75-45,254,216,さかな (魚),LJC-M216Q254
7298,LJC07546,LJC07546.jpg,75-46,254,216,さかな (魚),LJC-M216Q254
7299,LJC07547,LJC07547.jpg,75-47,254,216,さかな (魚),LJC-M216Q254
7300,LJC07548,LJC07548.jpg,75-48,254,216,さかな (魚),LJC-M216Q254
7301,LJC07549,LJC07549.jpg,75-49,254,216,さかな (魚),LJC-M216Q254
7302,LJC07550,LJC07550.jpg,75-50,254,216,さかな (魚),LJC-M216Q254
7303,LJC07551,LJC07551.jpg,75-51,254,216,さかな (魚),LJC-M216Q254
7304,LJC07552,LJC07552.jpg,75-52,254,216,さかな (魚),LJC-M216Q254
7305,LJC07553,LJC07553.jpg,75-53,254,216,さかな (魚),LJC-M216Q254
7306,LJC07554,LJC07554.jpg,75-54,254,216,さかな (魚),LJC-M216Q254
7307,LJC07555,LJC07555.jpg,75-55,254,216,さかな (魚),LJC-M216Q254
7308,LJC07556,LJC07556.jpg,75-56,254,216,さかな (魚),LJC-M216Q254
7309,LJC07557,LJC07557.jpg,75-57,254,216,さかな (魚),LJC-M216Q254
7310,LJC07558,LJC07558.jpg,75-58,254,216,さかな (魚),LJC-M216Q254
7311,LJC07559,LJC07559.jpg,75-59,254,216,さかな (魚),LJC-M216Q254
7312,LJC07560,LJC07560.jpg,75-60,254,216,さかな (魚),LJC-M216Q254
7313,LJC07561,LJC07561.jpg,75-61,254,216,さかな (魚),LJC-M216Q254
7314,LJC07562,LJC07562.jpg,75-62,254,216,さかな (魚),LJC-M216Q254
7315,LJC07563,LJC07563.jpg,75-63,254,216,さかな (魚),LJC-M216Q254
7316,LJC07564,LJC07564.jpg,75-64,254,216,さかな (魚),LJC-M216Q254
7317,LJC07565,LJC07565.jpg,75-65,254,216,さかな (魚),LJC-M216Q254
7318,LJC07566,LJC07566.jpg,75-66,254,216,さかな (魚),LJC-M216Q254
7319,LJC07567,LJC07567.jpg,75-67,254,216,さかな (魚),LJC-M216Q254
7320,LJC07568,LJC07568.jpg,75-68,254,216,さかな (魚),LJC-M216Q254
7321,LJC07569,LJC07569.jpg,75-69,254,216,さかな (魚),LJC-M216Q254
7322,LJC07570,LJC07570.jpg,75-70,254,216,さかな (魚),LJC-M216Q254
7323,LJC07571,LJC07571.jpg,75-71,254,216,さかな (魚),LJC-M216Q254
7324,LJC07572,LJC07572.jpg,75-72,254,216,さかな (魚),LJC-M216Q254
7325,LJC07573,LJC07573.jpg,75-73,254,216,さかな (魚),LJC-M216Q254
7326,LJC07574,LJC07574.jpg,75-74,254,216,さかな (魚),LJC-M216Q254
7327,LJC07575,LJC07575.jpg,75-75,254,216,さかな (魚),LJC-M216Q254
7328,LJC07576,LJC07576.jpg,75-76,254,216,さかな (魚),LJC-M216Q254
7329,LJC07577,LJC07577.jpg,75-77,254,216,さかな (魚),LJC-M216Q254
7330,LJC07578,LJC07578.jpg,75-78,254,216,さかな (魚),LJC-M216Q254
7331,LJC07579,LJC07579.jpg,75-79,254,216,さかな (魚),LJC-M216Q254
7332,LJC07580,LJC07580.jpg,75-80,254,216,さかな (魚),LJC-M216Q254
7333,LJC07581,LJC07581.jpg,75-81,254,216,さかな (魚),LJC-M216Q254
7334,LJC07582,LJC07582.jpg,75-82,76,217,うろこ (鱗),LJC-M217Q076
7335,LJC07583,LJC07583.jpg,75-83,76,217,うろこ (鱗),LJC-M217Q076
7336,LJC07584,LJC07584.jpg,75-84,76,217,うろこ (鱗),LJC-M217Q076
7337,LJC07585,LJC07585.jpg,75-85,76,217,うろこ (鱗),LJC-M217Q076
7338,LJC07586,LJC07586.jpg,75-86,76,217,うろこ (鱗),LJC-M217Q076
7339,LJC07587,LJC07587.jpg,75-87,76,217,うろこ (鱗),LJC-M217Q076
7340,LJC07588,LJC07588.jpg,75-88,76,217,うろこ (鱗),LJC-M217Q076
7341,LJC07589,LJC07589.jpg,75-89,76,217,うろこ (鱗),LJC-M217Q076
7342,LJC07590,LJC07590.jpg,75-90,76,217,うろこ (鱗),LJC-M217Q076
7343,LJC07591,LJC07591.jpg,75-91,76,217,うろこ (鱗),LJC-M217Q076
7344,LJC07592,LJC07592.jpg,75-92,76,217,うろこ (鱗),LJC-M217Q076
7345,LJC07593,LJC07593.jpg,75-93,76,217,うろこ (鱗),LJC-M217Q076
7346,LJC07594,LJC07594.jpg,75-94,76,217,うろこ (鱗),LJC-M217Q076
7347,LJC07595,LJC07595.jpg,75-95,76,217,うろこ (鱗),LJC-M217Q076
7348,LJC07596,LJC07596.jpg,75-96,76,217,うろこ (鱗),LJC-M217Q076
7349,LJC07597,LJC07597.jpg,75-97,76,217,うろこ (鱗),LJC-M217Q076
7350,LJC07598,LJC07598.jpg,75-98,76,217,うろこ (鱗),LJC-M217Q076
7351,LJC07601,LJC07601.jpg,76-01,76,217,うろこ (鱗),LJC-M217Q076
7352,LJC07602,LJC07602.jpg,76-02,76,217,うろこ (鱗),LJC-M217Q076
7353,LJC07603,LJC07603.jpg,76-03,76,217,うろこ (鱗),LJC-M217Q076
7354,LJC07604,LJC07604.jpg,76-04,76,217,うろこ (鱗),LJC-M217Q076
7355,LJC07605,LJC07605.jpg,76-05,76,217,うろこ (鱗),LJC-M217Q076
7356,LJC07606,LJC07606.jpg,76-06,76,217,うろこ (鱗),LJC-M217Q076
7357,LJC07607,LJC07607.jpg,76-07,76,217,うろこ (鱗),LJC-M217Q076
7358,LJC07608,LJC07608.jpg,76-08,76,217,うろこ (鱗),LJC-M217Q076
7359,LJC07609,LJC07609.jpg,76-09,76,217,うろこ (鱗),LJC-M217Q076
7360,LJC07610,LJC07610.jpg,76-10,76,217,うろこ (鱗),LJC-M217Q076
7361,LJC07611,LJC07611.jpg,76-11,76,217,うろこ (鱗),LJC-M217Q076
7362,LJC07612,LJC07612.jpg,76-12,76,217,うろこ (鱗),LJC-M217Q076
7363,LJC07613,LJC07613.jpg,76-13,76,217,うろこ (鱗),LJC-M217Q076
7364,LJC07614,LJC07614.jpg,76-14,76,217,うろこ (鱗),LJC-M217Q076
7365,LJC07615,LJC07615.jpg,76-15,76,217,うろこ (鱗),LJC-M217Q076
7366,LJC07616,LJC07616.jpg,76-16,76,217,うろこ (鱗),LJC-M217Q076
7367,LJC07617,LJC07617.jpg,76-17,76,217,うろこ (鱗),LJC-M217Q076
7368,LJC07618,LJC07618.jpg,76-18,76,217,うろこ (鱗),LJC-M217Q076
7369,LJC07619,LJC07619.jpg,76-19,76,217,うろこ (鱗),LJC-M217Q076
7370,LJC07620,LJC07620.jpg,76-20,76,217,うろこ (鱗),LJC-M217Q076
7371,LJC07621,LJC07621.jpg,76-21,76,217,うろこ (鱗),LJC-M217Q076
7372,LJC07622,LJC07622.jpg,76-22,76,217,うろこ (鱗),LJC-M217Q076
7373,LJC07623,LJC07623.jpg,76-23,76,217,うろこ (鱗),LJC-M217Q076
7374,LJC07624,LJC07624.jpg,76-24,76,217,うろこ (鱗),LJC-M217Q076
7375,LJC07625,LJC07625.jpg,76-25,76,217,うろこ (鱗),LJC-M217Q076
7376,LJC07626,LJC07626.jpg,76-26,76,217,うろこ (鱗),LJC-M217Q076
7377,LJC07627,LJC07627.jpg,76-27,76,217,うろこ (鱗),LJC-M217Q076
7378,LJC07628,LJC07628.jpg,76-28,76,217,うろこ (鱗),LJC-M217Q076
7379,LJC07629,LJC07629.jpg,76-29,76,217,うろこ (鱗),LJC-M217Q076
7380,LJC07630,LJC07630.jpg,76-30,76,217,うろこ (鱗),LJC-M217Q076
7381,LJC07631,LJC07631.jpg,76-31,8,218,かえる (蛙),LJC-M218Q008
7382,LJC07632,LJC07632.jpg,76-32,8,218,かえる (蛙),LJC-M218Q008
7383,LJC07633,LJC07633.jpg,76-33,8,218,かえる (蛙),LJC-M218Q008
7384,LJC07634,LJC07634.jpg,76-34,8,218,かえる (蛙),LJC-M218Q008
7385,LJC07635,LJC07635.jpg,76-35,8,218,かえる (蛙),LJC-M218Q008
7386,LJC07636,LJC07636.jpg,76-36,8,218,かえる (蛙),LJC-M218Q008
7387,LJC07637,LJC07637.jpg,76-37,8,218,かえる (蛙),LJC-M218Q008
7388,LJC07638,LJC07638.jpg,76-38,8,218,かえる (蛙),LJC-M218Q008
7389,LJC07639,LJC07639.jpg,76-39,8,218,かえる (蛙),LJC-M218Q008
7390,LJC07640,LJC07640.jpg,76-40,8,218,かえる (蛙),LJC-M218Q008
7391,LJC07641,LJC07641.jpg,76-41,8,218,かえる (蛙),LJC-M218Q008
7392,LJC07642,LJC07642.jpg,76-42,8,218,かえる (蛙),LJC-M218Q008
7393,LJC07643,LJC07643.jpg,76-43,8,218,かえる (蛙),LJC-M218Q008
7394,LJC07644,LJC07644.jpg,76-44,8,218,かえる (蛙),LJC-M218Q008
7395,LJC07645,LJC07645.jpg,76-45,8,218,かえる (蛙),LJC-M218Q008
7396,LJC07646,LJC07646.jpg,76-46,8,218,かえる (蛙),LJC-M218Q008
7397,LJC07647,LJC07647.jpg,76-47,8,218,かえる (蛙),LJC-M218Q008
7398,LJC07648,LJC07648.jpg,76-48,8,218,かえる (蛙),LJC-M218Q008
7399,LJC07649,LJC07649.jpg,76-49,8,218,かえる (蛙),LJC-M218Q008
7400,LJC07650,LJC07650.jpg,76-50,8,218,かえる (蛙),LJC-M218Q008
7401,LJC07651,LJC07651.jpg,76-51,8,218,かえる (蛙),LJC-M218Q008
7402,LJC07652,LJC07652.jpg,76-52,8,218,かえる (蛙),LJC-M218Q008
7403,LJC07653,LJC07653.jpg,76-53,8,218,かえる (蛙),LJC-M218Q008
7404,LJC07654,LJC07654.jpg,76-54,8,218,かえる (蛙),LJC-M218Q008
7405,LJC07655,LJC07655.jpg,76-55,8,218,かえる (蛙),LJC-M218Q008
7406,LJC07656,LJC07656.jpg,76-56,8,218,かえる (蛙),LJC-M218Q008
7407,LJC07657,LJC07657.jpg,76-57,8,218,かえる (蛙),LJC-M218Q008
7408,LJC07658,LJC07658.jpg,76-58,8,218,かえる (蛙),LJC-M218Q008
7409,LJC07659,LJC07659.jpg,76-59,8,218,かえる (蛙),LJC-M218Q008
7410,LJC07660,LJC07660.jpg,76-60,8,218,かえる (蛙),LJC-M218Q008
7411,LJC07661,LJC07661.jpg,76-61,8,218,かえる (蛙),LJC-M218Q008
7412,LJC07662,LJC07662.jpg,76-62,8,218,かえる (蛙),LJC-M218Q008
7413,LJC07663,LJC07663.jpg,76-63,8,218,かえる (蛙),LJC-M218Q008
7414,LJC07664,LJC07664.jpg,76-64,8,218,かえる (蛙),LJC-M218Q008
7415,LJC07665,LJC07665.jpg,76-65,8,218,かえる (蛙),LJC-M218Q008
7416,LJC07666,LJC07666.jpg,76-66,8,218,かえる (蛙),LJC-M218Q008
7417,LJC07667,LJC07667.jpg,76-67,8,218,かえる (蛙),LJC-M218Q008
7418,LJC07668,LJC07668.jpg,76-68,8,218,かえる (蛙),LJC-M218Q008
7419,LJC07669,LJC07669.jpg,76-69,8,218,かえる (蛙),LJC-M218Q008
7420,LJC07670,LJC07670.jpg,76-70,8,218,かえる (蛙),LJC-M218Q008
7421,LJC07671,LJC07671.jpg,76-71,8,218,かえる (蛙),LJC-M218Q008
7422,LJC07672,LJC07672.jpg,76-72,8,218,かえる (蛙),LJC-M218Q008
7423,LJC07673,LJC07673.jpg,76-73,8,218,かえる (蛙),LJC-M218Q008
7424,LJC07674,LJC07674.jpg,76-74,8,218,かえる (蛙),LJC-M218Q008
7425,LJC07675,LJC07675.jpg,76-75,8,218,かえる (蛙),LJC-M218Q008
7426,LJC07676,LJC07676.jpg,76-76,8,218,かえる (蛙),LJC-M218Q008
7427,LJC07677,LJC07677.jpg,76-77,8,218,かえる (蛙),LJC-M218Q008
7428,LJC07678,LJC07678.jpg,76-78,8,218,かえる (蛙),LJC-M218Q008
7429,LJC07679,LJC07679.jpg,76-79,8,218,かえる (蛙),LJC-M218Q008
7430,LJC07680,LJC07680.jpg,76-80,8,218,かえる (蛙),LJC-M218Q008
7431,LJC07681,LJC07681.jpg,76-81,8,218,かえる (蛙),LJC-M218Q008
7432,LJC07682,LJC07682.jpg,76-82,8,218,かえる (蛙),LJC-M218Q008
7433,LJC07683,LJC07683.jpg,76-83,8,218,かえる (蛙),LJC-M218Q008
7434,LJC07684,LJC07684.jpg,76-84,8,218,かえる (蛙),LJC-M218Q008
7435,LJC07685,LJC07685.jpg,76-85,8,218,かえる (蛙),LJC-M218Q008
7436,LJC07686,LJC07686.jpg,76-86,8,218,かえる (蛙),LJC-M218Q008
7437,LJC07687,LJC07687.jpg,76-87,8,218,かえる (蛙),LJC-M218Q008
7438,LJC07688,LJC07688.jpg,76-88,8,218,かえる (蛙),LJC-M218Q008
7439,LJC07689,LJC07689.jpg,76-89,8,218,かえる (蛙),LJC-M218Q008
7440,LJC07690,LJC07690.jpg,76-90,9,"219, 220",ひきがえる (蟇・蟾蜍),LJC-M219Q009
7441,LJC07691,LJC07691.jpg,76-91,9,"219, 220",ひきがえる (蟇・蟾蜍),LJC-M219Q009
7442,LJC07692,LJC07692.jpg,76-92,9,"219, 220",ひきがえる (蟇・蟾蜍),LJC-M219Q009
7443,LJC07693,LJC07693.jpg,76-93,9,"219, 220",ひきがえる (蟇・蟾蜍),LJC-M219Q009
7444,LJC07694,LJC07694.jpg,76-94,9,"219, 220",ひきがえる (蟇・蟾蜍),LJC-M219Q009
7445,LJC07695,LJC07695.jpg,76-95,9,"219, 220",ひきがえる (蟇・蟾蜍),LJC-M219Q009
7446,LJC07696,LJC07696.jpg,76-96,9,"219, 220",ひきがえる (蟇・蟾蜍),LJC-M219Q009
7447,LJC07697,LJC07697.jpg,76-97,9,"219, 220",ひきがえる (蟇・蟾蜍),LJC-M219Q009
7448,LJC07698,LJC07698.jpg,76-98,9,"219, 220",ひきがえる (蟇・蟾蜍),LJC-M219Q009
7449,LJC07701,LJC07701.jpg,77-01,9,"219, 220",ひきがえる (蟇・蟾蜍),LJC-M219Q009
7450,LJC07702,LJC07702.jpg,77-02,9,"219, 220",ひきがえる (蟇・蟾蜍),LJC-M219Q009
7451,LJC07703,LJC07703.jpg,77-03,9,"219, 220",ひきがえる (蟇・蟾蜍),LJC-M219Q009
7452,LJC07704,LJC07704.jpg,77-04,9,"219, 220",ひきがえる (蟇・蟾蜍),LJC-M219Q009
7453,LJC07705,LJC07705.jpg,77-05,9,"219, 220",ひきがえる (蟇・蟾蜍),LJC-M219Q009
7454,LJC07706,LJC07706.jpg,77-06,9,"219, 220",ひきがえる (蟇・蟾蜍),LJC-M219Q009
7455,LJC07707,LJC07707.jpg,77-07,9,"219, 220",ひきがえる (蟇・蟾蜍),LJC-M219Q009
7456,LJC07708,LJC07708.jpg,77-08,9,"219, 220",ひきがえる (蟇・蟾蜍),LJC-M219Q009
7457,LJC07709,LJC07709.jpg,77-09,9,"219, 220",ひきがえる (蟇・蟾蜍),LJC-M219Q009
7458,LJC07710,LJC07710.jpg,77-10,9,"219, 220",ひきがえる (蟇・蟾蜍),LJC-M219Q009
7459,LJC07711,LJC07711.jpg,77-11,9,"219, 220",ひきがえる (蟇・蟾蜍),LJC-M219Q009
7460,LJC07712,LJC07712.jpg,77-12,9,"219, 220",ひきがえる (蟇・蟾蜍),LJC-M219Q009
7461,LJC07713,LJC07713.jpg,77-13,9,"219, 220",ひきがえる (蟇・蟾蜍),LJC-M219Q009
7462,LJC07714,LJC07714.jpg,77-14,9,"219, 220",ひきがえる (蟇・蟾蜍),LJC-M219Q009
7463,LJC07715,LJC07715.jpg,77-15,9,"219, 220",ひきがえる (蟇・蟾蜍),LJC-M219Q009
7464,LJC07716,LJC07716.jpg,77-16,9,"219, 220",ひきがえる (蟇・蟾蜍),LJC-M219Q009
7465,LJC07717,LJC07717.jpg,77-17,9,"219, 220",ひきがえる (蟇・蟾蜍),LJC-M219Q009
7466,LJC07718,LJC07718.jpg,77-18,9,"219, 220",ひきがえる (蟇・蟾蜍),LJC-M219Q009
7467,LJC07719,LJC07719.jpg,77-19,9,"219, 220",ひきがえる (蟇・蟾蜍),LJC-M219Q009
7468,LJC07720,LJC07720.jpg,77-20,9,"219, 220",ひきがえる (蟇・蟾蜍),LJC-M219Q009
7469,LJC07721,LJC07721.jpg,77-21,9,"219, 220",ひきがえる (蟇・蟾蜍),LJC-M219Q009
7470,LJC07722,LJC07722.jpg,77-22,9,"219, 220",ひきがえる (蟇・蟾蜍),LJC-M219Q009
7471,LJC07723,LJC07723.jpg,77-23,9,"219, 220",ひきがえる (蟇・蟾蜍),LJC-M219Q009
7472,LJC07724,LJC07724.jpg,77-24,9,"219, 220",ひきがえる (蟇・蟾蜍),LJC-M219Q009
7473,LJC07725,LJC07725.jpg,77-25,9,"219, 220",ひきがえる (蟇・蟾蜍),LJC-M219Q009
7474,LJC07726,LJC07726.jpg,77-26,9,"219, 220",ひきがえる (蟇・蟾蜍),LJC-M219Q009
7475,LJC07727,LJC07727.jpg,77-27,9,"219, 220",ひきがえる (蟇・蟾蜍),LJC-M219Q009
7476,LJC07728,LJC07728.jpg,77-28,9,"219, 220",ひきがえる (蟇・蟾蜍),LJC-M219Q009
7477,LJC07729,LJC07729.jpg,77-29,9,"219, 220",ひきがえる (蟇・蟾蜍),LJC-M219Q009
7478,LJC07730,LJC07730.jpg,77-30,9,"219, 220",ひきがえる (蟇・蟾蜍),LJC-M219Q009
7479,LJC07731,LJC07731.jpg,77-31,9,"219, 220",ひきがえる (蟇・蟾蜍),LJC-M219Q009
7480,LJC07732,LJC07732.jpg,77-32,9,"219, 220",ひきがえる (蟇・蟾蜍),LJC-M219Q009
7481,LJC07733,LJC07733.jpg,77-33,9,"219, 220",ひきがえる (蟇・蟾蜍),LJC-M219Q009
7482,LJC07734,LJC07734.jpg,77-34,9,"219, 220",ひきがえる (蟇・蟾蜍),LJC-M219Q009
7483,LJC07735,LJC07735.jpg,77-35,9,"219, 220",ひきがえる (蟇・蟾蜍),LJC-M219Q009
7484,LJC07736,LJC07736.jpg,77-36,9,"219, 220",ひきがえる (蟇・蟾蜍),LJC-M219Q009
7485,LJC07737,LJC07737.jpg,77-37,9,"219, 220",ひきがえる (蟇・蟾蜍),LJC-M219Q009
7486,LJC07738,LJC07738.jpg,77-38,9,"219, 220",ひきがえる (蟇・蟾蜍),LJC-M219Q009
7487,LJC07739,LJC07739.jpg,77-39,9,"219, 220",ひきがえる (蟇・蟾蜍),LJC-M219Q009
7488,LJC07740,LJC07740.jpg,77-40,9,"219, 220",ひきがえる (蟇・蟾蜍),LJC-M219Q009
7489,LJC07741,LJC07741.jpg,77-41,9,"219, 220",ひきがえる (蟇・蟾蜍),LJC-M219Q009
7490,LJC07742,LJC07742.jpg,77-42,9,"219, 220",ひきがえる (蟇・蟾蜍),LJC-M219Q009
7491,LJC07743,LJC07743.jpg,77-43,9,"219, 220",ひきがえる (蟇・蟾蜍),LJC-M219Q009
7492,LJC07744,LJC07744.jpg,77-44,9,"219, 220",ひきがえる (蟇・蟾蜍),LJC-M219Q009
7493,LJC07745,LJC07745.jpg,77-45,9,"219, 220",ひきがえる (蟇・蟾蜍),LJC-M219Q009
7494,LJC07746,LJC07746.jpg,77-46,9,"219, 220",ひきがえる (蟇・蟾蜍),LJC-M219Q009
7495,LJC07747,LJC07747.jpg,77-47,9,"219, 220",ひきがえる (蟇・蟾蜍),LJC-M219Q009
7496,LJC07748,LJC07748.jpg,77-48,9,"219, 220",ひきがえる (蟇・蟾蜍),LJC-M219Q009
7497,LJC07749,LJC07749.jpg,77-49,9,"219, 220",ひきがえる (蟇・蟾蜍),LJC-M219Q009
7498,LJC07750,LJC07750.jpg,77-50,9,"219, 220",ひきがえる (蟇・蟾蜍),LJC-M219Q009
7499,LJC07751,LJC07751.jpg,77-51,9,"219, 220",ひきがえる (蟇・蟾蜍),LJC-M219Q009
7500,LJC07752,LJC07752.jpg,77-52,7,"221, 222, 223",おたまじゃくし (蝌蚪),LJC-M221Q007
7501,LJC07753,LJC07753.jpg,77-53,7,"221, 222, 223",おたまじゃくし (蝌蚪),LJC-M221Q007
7502,LJC07754,LJC07754.jpg,77-54,7,"221, 222, 223",おたまじゃくし (蝌蚪),LJC-M221Q007
7503,LJC07755,LJC07755.jpg,77-55,7,"221, 222, 223",おたまじゃくし (蝌蚪),LJC-M221Q007
7504,LJC07756,LJC07756.jpg,77-56,7,"221, 222, 223",おたまじゃくし (蝌蚪),LJC-M221Q007
7505,LJC07757,LJC07757.jpg,77-57,7,"221, 222, 223",おたまじゃくし (蝌蚪),LJC-M221Q007
7506,LJC07758,LJC07758.jpg,77-58,7,"221, 222, 223",おたまじゃくし (蝌蚪),LJC-M221Q007
7507,LJC07759,LJC07759.jpg,77-59,7,"221, 222, 223",おたまじゃくし (蝌蚪),LJC-M221Q007
7508,LJC07760,LJC07760.jpg,77-60,7,"221, 222, 223",おたまじゃくし (蝌蚪),LJC-M221Q007
7509,LJC07761,LJC07761.jpg,77-61,7,"221, 222, 223",おたまじゃくし (蝌蚪),LJC-M221Q007
7510,LJC07762,LJC07762.jpg,77-62,7,"221, 222, 223",おたまじゃくし (蝌蚪),LJC-M221Q007
7511,LJC07763,LJC07763.jpg,77-63,7,"221, 222, 223",おたまじゃくし (蝌蚪),LJC-M221Q007
7512,LJC07764,LJC07764.jpg,77-64,7,"221, 222, 223",おたまじゃくし (蝌蚪),LJC-M221Q007
7513,LJC07765,LJC07765.jpg,77-65,7,"221, 222, 223",おたまじゃくし (蝌蚪),LJC-M221Q007
7514,LJC07766,LJC07766.jpg,77-66,7,"221, 222, 223",おたまじゃくし (蝌蚪),LJC-M221Q007
7515,LJC07767,LJC07767.jpg,77-67,7,"221, 222, 223",おたまじゃくし (蝌蚪),LJC-M221Q007
7516,LJC07768,LJC07768.jpg,77-68,7,"221, 222, 223",おたまじゃくし (蝌蚪),LJC-M221Q007
7517,LJC07769,LJC07769.jpg,77-69,7,"221, 222, 223",おたまじゃくし (蝌蚪),LJC-M221Q007
7518,LJC07770,LJC07770.jpg,77-70,7,"221, 222, 223",おたまじゃくし (蝌蚪),LJC-M221Q007
7519,LJC07771,LJC07771.jpg,77-71,7,"221, 222, 223",おたまじゃくし (蝌蚪),LJC-M221Q007
7520,LJC07772,LJC07772.jpg,77-72,7,"221, 222, 223",おたまじゃくし (蝌蚪),LJC-M221Q007
7521,LJC07773,LJC07773.jpg,77-73,7,"221, 222, 223",おたまじゃくし (蝌蚪),LJC-M221Q007
7522,LJC07774,LJC07774.jpg,77-74,7,"221, 222, 223",おたまじゃくし (蝌蚪),LJC-M221Q007
7523,LJC07775,LJC07775.jpg,77-75,7,"221, 222, 223",おたまじゃくし (蝌蚪),LJC-M221Q007
7524,LJC07776,LJC07776.jpg,77-76,7,"221, 222, 223",おたまじゃくし (蝌蚪),LJC-M221Q007
7525,LJC07777,LJC07777.jpg,77-77,7,"221, 222, 223",おたまじゃくし (蝌蚪),LJC-M221Q007
7526,LJC07778,LJC07778.jpg,77-78,7,"221, 222, 223",おたまじゃくし (蝌蚪),LJC-M221Q007
7527,LJC07779,LJC07779.jpg,77-79,7,"221, 222, 223",おたまじゃくし (蝌蚪),LJC-M221Q007
7528,LJC07780,LJC07780.jpg,77-80,7,"221, 222, 223",おたまじゃくし (蝌蚪),LJC-M221Q007
7529,LJC07781,LJC07781.jpg,77-81,7,"221, 222, 223",おたまじゃくし (蝌蚪),LJC-M221Q007
7530,LJC07782,LJC07782.jpg,77-82,7,"221, 222, 223",おたまじゃくし (蝌蚪),LJC-M221Q007
7531,LJC07783,LJC07783.jpg,77-83,7,"221, 222, 223",おたまじゃくし (蝌蚪),LJC-M221Q007
7532,LJC07784,LJC07784.jpg,77-84,7,"221, 222, 223",おたまじゃくし (蝌蚪),LJC-M221Q007
7533,LJC07785,LJC07785.jpg,77-85,7,"221, 222, 223",おたまじゃくし (蝌蚪),LJC-M221Q007
7534,LJC07786,LJC07786.jpg,77-86,7,"221, 222, 223",おたまじゃくし (蝌蚪),LJC-M221Q007
7535,LJC07787,LJC07787.jpg,77-87,7,"221, 222, 223",おたまじゃくし (蝌蚪),LJC-M221Q007
7536,LJC07788,LJC07788.jpg,77-88,7,"221, 222, 223",おたまじゃくし (蝌蚪),LJC-M221Q007
7537,LJC07789,LJC07789.jpg,77-89,7,"221, 222, 223",おたまじゃくし (蝌蚪),LJC-M221Q007
7538,LJC07790,LJC07790.jpg,77-90,7,"221, 222, 223",おたまじゃくし (蝌蚪),LJC-M221Q007
7539,LJC07791,LJC07791.jpg,77-91,7,"221, 222, 223",おたまじゃくし (蝌蚪),LJC-M221Q007
7540,LJC07792,LJC07792.jpg,77-92,7,"221, 222, 223",おたまじゃくし (蝌蚪),LJC-M221Q007
7541,LJC07793,LJC07793.jpg,77-93,7,"221, 222, 223",おたまじゃくし (蝌蚪),LJC-M221Q007
7542,LJC07794,LJC07794.jpg,77-94,7,"221, 222, 223",おたまじゃくし (蝌蚪),LJC-M221Q007
7543,LJC07795,LJC07795.jpg,77-95,7,"221, 222, 223",おたまじゃくし (蝌蚪),LJC-M221Q007
7544,LJC07796,LJC07796.jpg,77-96,7,"221, 222, 223",おたまじゃくし (蝌蚪),LJC-M221Q007
7545,LJC07797,LJC07797.jpg,77-97,7,"221, 222, 223",おたまじゃくし (蝌蚪),LJC-M221Q007
7546,LJC07798,LJC07798.jpg,77-98,7,"221, 222, 223",おたまじゃくし (蝌蚪),LJC-M221Q007
7547,LJC07801,LJC07801.jpg,78-01,7,"221, 222, 223",おたまじゃくし (蝌蚪),LJC-M221Q007
7548,LJC07802,LJC07802.jpg,78-02,7,"221, 222, 223",おたまじゃくし (蝌蚪),LJC-M221Q007
7549,LJC07803,LJC07803.jpg,78-03,7,"221, 222, 223",おたまじゃくし (蝌蚪),LJC-M221Q007
7550,LJC07804,LJC07804.jpg,78-04,7,"221, 222, 223",おたまじゃくし (蝌蚪),LJC-M221Q007
7551,LJC07805,LJC07805.jpg,78-05,7,"221, 222, 223",おたまじゃくし (蝌蚪),LJC-M221Q007
7552,LJC07806,LJC07806.jpg,78-06,7,"221, 222, 223",おたまじゃくし (蝌蚪),LJC-M221Q007
7553,LJC07807,LJC07807.jpg,78-07,7,"221, 222, 223",おたまじゃくし (蝌蚪),LJC-M221Q007
7554,LJC07808,LJC07808.jpg,78-08,7,"221, 222, 223",おたまじゃくし (蝌蚪),LJC-M221Q007
7555,LJC07809,LJC07809.jpg,78-09,7,"221, 222, 223",おたまじゃくし (蝌蚪),LJC-M221Q007
7556,LJC07810,LJC07810.jpg,78-10,7,"221, 222, 223",おたまじゃくし (蝌蚪),LJC-M221Q007
7557,LJC07811,LJC07811.jpg,78-11,7,"221, 222, 223",おたまじゃくし (蝌蚪),LJC-M221Q007
7558,LJC07812,LJC07812.jpg,78-12,7,"221, 222, 223",おたまじゃくし (蝌蚪),LJC-M221Q007
7559,LJC07813,LJC07813.jpg,78-13,7,"221, 222, 223",おたまじゃくし (蝌蚪),LJC-M221Q007
7560,LJC07814,LJC07814.jpg,78-14,7,"221, 222, 223",おたまじゃくし (蝌蚪),LJC-M221Q007
7561,LJC07815,LJC07815.jpg,78-15,7,"221, 222, 223",おたまじゃくし (蝌蚪),LJC-M221Q007
7562,LJC07816,LJC07816.jpg,78-16,7,"221, 222, 223",おたまじゃくし (蝌蚪),LJC-M221Q007
7563,LJC07817,LJC07817.jpg,78-17,7,"221, 222, 223",おたまじゃくし (蝌蚪),LJC-M221Q007
7564,LJC07818,LJC07818.jpg,78-18,7,"221, 222, 223",おたまじゃくし (蝌蚪),LJC-M221Q007
7565,LJC07819,LJC07819.jpg,78-19,7,"221, 222, 223",おたまじゃくし (蝌蚪),LJC-M221Q007
7566,LJC07820,LJC07820.jpg,78-20,7,"221, 222, 223",おたまじゃくし (蝌蚪),LJC-M221Q007
7567,LJC07821,LJC07821.jpg,78-21,7,"221, 222, 223",おたまじゃくし (蝌蚪),LJC-M221Q007
7568,LJC07822,LJC07822.jpg,78-22,7,"221, 222, 223",おたまじゃくし (蝌蚪),LJC-M221Q007
7569,LJC07823,LJC07823.jpg,78-23,7,"221, 222, 223",おたまじゃくし (蝌蚪),LJC-M221Q007
7570,LJC07824,LJC07824.jpg,78-24,7,"221, 222, 223",おたまじゃくし (蝌蚪),LJC-M221Q007
7571,LJC07825,LJC07825.jpg,78-25,7,"221, 222, 223",おたまじゃくし (蝌蚪),LJC-M221Q007
7572,LJC07826,LJC07826.jpg,78-26,7,"221, 222, 223",おたまじゃくし (蝌蚪),LJC-M221Q007
7573,LJC07827,LJC07827.jpg,78-27,7,"221, 222, 223",おたまじゃくし (蝌蚪),LJC-M221Q007
7574,LJC07828,LJC07828.jpg,78-28,7,"221, 222, 223",おたまじゃくし (蝌蚪),LJC-M221Q007
7575,LJC07829,LJC07829.jpg,78-29,7,"221, 222, 223",おたまじゃくし (蝌蚪),LJC-M221Q007
7576,LJC07830,LJC07830.jpg,78-30,7,"221, 222, 223",おたまじゃくし (蝌蚪),LJC-M221Q007
7577,LJC07831,LJC07831.jpg,78-31,7,"221, 222, 223",おたまじゃくし (蝌蚪),LJC-M221Q007
7578,LJC07832,LJC07832.jpg,78-32,7,"221, 222, 223",おたまじゃくし (蝌蚪),LJC-M221Q007
7579,LJC07833,LJC07833.jpg,78-33,7,"221, 222, 223",おたまじゃくし (蝌蚪),LJC-M221Q007
7580,LJC07834,LJC07834.jpg,78-34,7,"221, 222, 223",おたまじゃくし (蝌蚪),LJC-M221Q007
7581,LJC07835,LJC07835.jpg,78-35,7,"221, 222, 223",おたまじゃくし (蝌蚪),LJC-M221Q007
7582,LJC07836,LJC07836.jpg,78-36,7,"221, 222, 223",おたまじゃくし (蝌蚪),LJC-M221Q007
7583,LJC07837,LJC07837.jpg,78-37,7,"221, 222, 223",おたまじゃくし (蝌蚪),LJC-M221Q007
7584,LJC07838,LJC07838.jpg,78-38,7,"221, 222, 223",おたまじゃくし (蝌蚪),LJC-M221Q007
7585,LJC07839,LJC07839.jpg,78-39,7,"221, 222, 223",おたまじゃくし (蝌蚪),LJC-M221Q007
7586,LJC07840,LJC07840.jpg,78-40,12,224,とかげ (蜥蜴),LJC-M224Q012
7587,LJC07841,LJC07841.jpg,78-41,12,224,とかげ (蜥蜴),LJC-M224Q012
7588,LJC07842,LJC07842.jpg,78-42,12,224,とかげ (蜥蜴),LJC-M224Q012
7589,LJC07843,LJC07843.jpg,78-43,12,224,とかげ (蜥蜴),LJC-M224Q012
7590,LJC07844,LJC07844.jpg,78-44,12,224,とかげ (蜥蜴),LJC-M224Q012
7591,LJC07845,LJC07845.jpg,78-45,12,224,とかげ (蜥蜴),LJC-M224Q012
7592,LJC07846,LJC07846.jpg,78-46,12,224,とかげ (蜥蜴),LJC-M224Q012
7593,LJC07847,LJC07847.jpg,78-47,12,224,とかげ (蜥蜴),LJC-M224Q012
7594,LJC07848,LJC07848.jpg,78-48,12,224,とかげ (蜥蜴),LJC-M224Q012
7595,LJC07849,LJC07849.jpg,78-49,12,224,とかげ (蜥蜴),LJC-M224Q012
7596,LJC07850,LJC07850.jpg,78-50,12,224,とかげ (蜥蜴),LJC-M224Q012
7597,LJC07851,LJC07851.jpg,78-51,12,224,とかげ (蜥蜴),LJC-M224Q012
7598,LJC07852,LJC07852.jpg,78-52,12,224,とかげ (蜥蜴),LJC-M224Q012
7599,LJC07853,LJC07853.jpg,78-53,12,224,とかげ (蜥蜴),LJC-M224Q012
7600,LJC07854,LJC07854.jpg,78-54,12,224,とかげ (蜥蜴),LJC-M224Q012
7601,LJC07855,LJC07855.jpg,78-55,12,224,とかげ (蜥蜴),LJC-M224Q012
7602,LJC07856,LJC07856.jpg,78-56,12,224,とかげ (蜥蜴),LJC-M224Q012
7603,LJC07857,LJC07857.jpg,78-57,12,224,とかげ (蜥蜴),LJC-M224Q012
7604,LJC07858,LJC07858.jpg,78-58,12,224,とかげ (蜥蜴),LJC-M224Q012
7605,LJC07859,LJC07859.jpg,78-59,12,224,とかげ (蜥蜴),LJC-M224Q012
7606,LJC07860,LJC07860.jpg,78-60,12,224,とかげ (蜥蜴),LJC-M224Q012
7607,LJC07861,LJC07861.jpg,78-61,12,224,とかげ (蜥蜴),LJC-M224Q012
7608,LJC07862,LJC07862.jpg,78-62,12,224,とかげ (蜥蜴),LJC-M224Q012
7609,LJC07863,LJC07863.jpg,78-63,12,224,とかげ (蜥蜴),LJC-M224Q012
7610,LJC07864,LJC07864.jpg,78-64,12,224,とかげ (蜥蜴),LJC-M224Q012
7611,LJC07865,LJC07865.jpg,78-65,12,224,とかげ (蜥蜴),LJC-M224Q012
7612,LJC07866,LJC07866.jpg,78-66,12,224,とかげ (蜥蜴),LJC-M224Q012
7613,LJC07867,LJC07867.jpg,78-67,12,224,とかげ (蜥蜴),LJC-M224Q012
7614,LJC07868,LJC07868.jpg,78-68,12,224,とかげ (蜥蜴),LJC-M224Q012
7615,LJC07869,LJC07869.jpg,78-69,12,224,とかげ (蜥蜴),LJC-M224Q012
7616,LJC07870,LJC07870.jpg,78-70,12,224,とかげ (蜥蜴),LJC-M224Q012
7617,LJC07871,LJC07871.jpg,78-71,12,224,とかげ (蜥蜴),LJC-M224Q012
7618,LJC07872,LJC07872.jpg,78-72,12,224,とかげ (蜥蜴),LJC-M224Q012
7619,LJC07873,LJC07873.jpg,78-73,12,224,とかげ (蜥蜴),LJC-M224Q012
7620,LJC07874,LJC07874.jpg,78-74,12,224,とかげ (蜥蜴),LJC-M224Q012
7621,LJC07875,LJC07875.jpg,78-75,12,224,とかげ (蜥蜴),LJC-M224Q012
7622,LJC07876,LJC07876.jpg,78-76,12,224,とかげ (蜥蜴),LJC-M224Q012
7623,LJC07877,LJC07877.jpg,78-77,12,224,とかげ (蜥蜴),LJC-M224Q012
7624,LJC07878,LJC07878.jpg,78-78,12,224,とかげ (蜥蜴),LJC-M224Q012
7625,LJC07879,LJC07879.jpg,78-79,12,224,とかげ (蜥蜴),LJC-M224Q012
7626,LJC07880,LJC07880.jpg,78-80,12,224,とかげ (蜥蜴),LJC-M224Q012
7627,LJC07881,LJC07881.jpg,78-81,12,224,とかげ (蜥蜴),LJC-M224Q012
7628,LJC07882,LJC07882.jpg,78-82,12,224,とかげ (蜥蜴),LJC-M224Q012
7629,LJC07883,LJC07883.jpg,78-83,12,224,とかげ (蜥蜴),LJC-M224Q012
7630,LJC07884,LJC07884.jpg,78-84,12,224,とかげ (蜥蜴),LJC-M224Q012
7631,LJC07885,LJC07885.jpg,78-85,12,224,とかげ (蜥蜴),LJC-M224Q012
7632,LJC07886,LJC07886.jpg,78-86,12,224,とかげ (蜥蜴),LJC-M224Q012
7633,LJC07887,LJC07887.jpg,78-87,12,224,とかげ (蜥蜴),LJC-M224Q012
7634,LJC07888,LJC07888.jpg,78-88,12,224,とかげ (蜥蜴),LJC-M224Q012
7635,LJC07889,LJC07889.jpg,78-89,12,224,とかげ (蜥蜴),LJC-M224Q012
7636,LJC07890,LJC07890.jpg,78-90,12,224,とかげ (蜥蜴),LJC-M224Q012
7637,LJC07891,LJC07891.jpg,78-91,12,224,とかげ (蜥蜴),LJC-M224Q012
7638,LJC07892,LJC07892.jpg,78-92,12,224,とかげ (蜥蜴),LJC-M224Q012
7639,LJC07893,LJC07893.jpg,78-93,12,224,とかげ (蜥蜴),LJC-M224Q012
7640,LJC07894,LJC07894.jpg,78-94,12,224,とかげ (蜥蜴),LJC-M224Q012
7641,LJC07895,LJC07895.jpg,78-95,12,224,とかげ (蜥蜴),LJC-M224Q012
7642,LJC07896,LJC07896.jpg,78-96,12,224,とかげ (蜥蜴),LJC-M224Q012
7643,LJC07897,LJC07897.jpg,78-97,12,224,とかげ (蜥蜴),LJC-M224Q012
7644,LJC07898,LJC07898.jpg,78-98,12,224,とかげ (蜥蜴),LJC-M224Q012
7645,LJC07901,LJC07901.jpg,79-01,12,224,とかげ (蜥蜴),LJC-M224Q012
7646,LJC07902,LJC07902.jpg,79-02,12,224,とかげ (蜥蜴),LJC-M224Q012
7647,LJC07903,LJC07903.jpg,79-03,12,224,とかげ (蜥蜴),LJC-M224Q012
7648,LJC07904,LJC07904.jpg,79-04,12,224,とかげ (蜥蜴),LJC-M224Q012
7649,LJC07905,LJC07905.jpg,79-05,12,224,とかげ (蜥蜴),LJC-M224Q012
7650,LJC07906,LJC07906.jpg,79-06,12,224,とかげ (蜥蜴),LJC-M224Q012
7651,LJC07907,LJC07907.jpg,79-07,12,224,とかげ (蜥蜴),LJC-M224Q012
7652,LJC07908,LJC07908.jpg,79-08,12,224,とかげ (蜥蜴),LJC-M224Q012
7653,LJC07909,LJC07909.jpg,79-09,12,224,とかげ (蜥蜴),LJC-M224Q012
7654,LJC07910,LJC07910.jpg,79-10,12,224,とかげ (蜥蜴),LJC-M224Q012
7655,LJC07911,LJC07911.jpg,79-11,12,224,とかげ (蜥蜴),LJC-M224Q012
7656,LJC07912,LJC07912.jpg,79-12,12,224,とかげ (蜥蜴),LJC-M224Q012
7657,LJC07913,LJC07913.jpg,79-13,12,224,とかげ (蜥蜴),LJC-M224Q012
7658,LJC07914,LJC07914.jpg,79-14,12,224,とかげ (蜥蜴),LJC-M224Q012
7659,LJC07915,LJC07915.jpg,79-15,12,224,とかげ (蜥蜴),LJC-M224Q012
7660,LJC07916,LJC07916.jpg,79-16,12,224,とかげ (蜥蜴),LJC-M224Q012
7661,LJC07917,LJC07917.jpg,79-17,12,224,とかげ (蜥蜴),LJC-M224Q012
7662,LJC07918,LJC07918.jpg,79-18,12,224,とかげ (蜥蜴),LJC-M224Q012
7663,LJC07919,LJC07919.jpg,79-19,12,224,とかげ (蜥蜴),LJC-M224Q012
7664,LJC07920,LJC07920.jpg,79-20,13,225,かなへび (金蛇),LJC-M225Q013
7665,LJC07921,LJC07921.jpg,79-21,13,225,かなへび (金蛇),LJC-M225Q013
7666,LJC07922,LJC07922.jpg,79-22,13,225,かなへび (金蛇),LJC-M225Q013
7667,LJC07923,LJC07923.jpg,79-23,13,225,かなへび (金蛇),LJC-M225Q013
7668,LJC07924,LJC07924.jpg,79-24,13,225,かなへび (金蛇),LJC-M225Q013
7669,LJC07925,LJC07925.jpg,79-25,13,225,かなへび (金蛇),LJC-M225Q013
7670,LJC07926,LJC07926.jpg,79-26,13,225,かなへび (金蛇),LJC-M225Q013
7671,LJC07927,LJC07927.jpg,79-27,13,225,かなへび (金蛇),LJC-M225Q013
7672,LJC07928,LJC07928.jpg,79-28,13,225,かなへび (金蛇),LJC-M225Q013
7673,LJC07929,LJC07929.jpg,79-29,13,225,かなへび (金蛇),LJC-M225Q013
7674,LJC07930,LJC07930.jpg,79-30,13,225,かなへび (金蛇),LJC-M225Q013
7675,LJC07931,LJC07931.jpg,79-31,13,225,かなへび (金蛇),LJC-M225Q013
7676,LJC07932,LJC07932.jpg,79-32,13,225,かなへび (金蛇),LJC-M225Q013
7677,LJC07933,LJC07933.jpg,79-33,13,225,かなへび (金蛇),LJC-M225Q013
7678,LJC07934,LJC07934.jpg,79-34,13,225,かなへび (金蛇),LJC-M225Q013
7679,LJC07935,LJC07935.jpg,79-35,13,225,かなへび (金蛇),LJC-M225Q013
7680,LJC07936,LJC07936.jpg,79-36,13,225,かなへび (金蛇),LJC-M225Q013
7681,LJC07937,LJC07937.jpg,79-37,13,225,かなへび (金蛇),LJC-M225Q013
7682,LJC07938,LJC07938.jpg,79-38,13,225,かなへび (金蛇),LJC-M225Q013
7683,LJC07939,LJC07939.jpg,79-39,13,225,かなへび (金蛇),LJC-M225Q013
7684,LJC07940,LJC07940.jpg,79-40,13,225,かなへび (金蛇),LJC-M225Q013
7685,LJC07941,LJC07941.jpg,79-41,13,225,かなへび (金蛇),LJC-M225Q013
7686,LJC07942,LJC07942.jpg,79-42,13,225,かなへび (金蛇),LJC-M225Q013
7687,LJC07943,LJC07943.jpg,79-43,13,225,かなへび (金蛇),LJC-M225Q013
7688,LJC07944,LJC07944.jpg,79-44,13,225,かなへび (金蛇),LJC-M225Q013
7689,LJC07945,LJC07945.jpg,79-45,13,225,かなへび (金蛇),LJC-M225Q013
7690,LJC07946,LJC07946.jpg,79-46,13,225,かなへび (金蛇),LJC-M225Q013
7691,LJC07947,LJC07947.jpg,79-47,13,225,かなへび (金蛇),LJC-M225Q013
7692,LJC07948,LJC07948.jpg,79-48,13,225,かなへび (金蛇),LJC-M225Q013
7693,LJC07949,LJC07949.jpg,79-49,13,225,かなへび (金蛇),LJC-M225Q013
7694,LJC07950,LJC07950.jpg,79-50,13,225,かなへび (金蛇),LJC-M225Q013
7695,LJC07951,LJC07951.jpg,79-51,13,225,かなへび (金蛇),LJC-M225Q013
7696,LJC07952,LJC07952.jpg,79-52,13,225,かなへび (金蛇),LJC-M225Q013
7697,LJC07953,LJC07953.jpg,79-53,13,225,かなへび (金蛇),LJC-M225Q013
7698,LJC07954,LJC07954.jpg,79-54,13,225,かなへび (金蛇),LJC-M225Q013
7699,LJC07955,LJC07955.jpg,79-55,13,225,かなへび (金蛇),LJC-M225Q013
7700,LJC07956,LJC07956.jpg,79-56,13,225,かなへび (金蛇),LJC-M225Q013
7701,LJC07957,LJC07957.jpg,79-57,13,225,かなへび (金蛇),LJC-M225Q013
7702,LJC07958,LJC07958.jpg,79-58,13,225,かなへび (金蛇),LJC-M225Q013
7703,LJC07959,LJC07959.jpg,79-59,13,225,かなへび (金蛇),LJC-M225Q013
7704,LJC07960,LJC07960.jpg,79-60,13,225,かなへび (金蛇),LJC-M225Q013
7705,LJC07961,LJC07961.jpg,79-61,13,225,かなへび (金蛇),LJC-M225Q013
7706,LJC07962,LJC07962.jpg,79-62,13,225,かなへび (金蛇),LJC-M225Q013
7707,LJC07963,LJC07963.jpg,79-63,13,225,かなへび (金蛇),LJC-M225Q013
7708,LJC07964,LJC07964.jpg,79-64,13,225,かなへび (金蛇),LJC-M225Q013
7709,LJC07965,LJC07965.jpg,79-65,13,225,かなへび (金蛇),LJC-M225Q013
7710,LJC07966,LJC07966.jpg,79-66,13,225,かなへび (金蛇),LJC-M225Q013
7711,LJC07967,LJC07967.jpg,79-67,13,225,かなへび (金蛇),LJC-M225Q013
7712,LJC07968,LJC07968.jpg,79-68,13,225,かなへび (金蛇),LJC-M225Q013
7713,LJC07969,LJC07969.jpg,79-69,13,225,かなへび (金蛇),LJC-M225Q013
7714,LJC07970,LJC07970.jpg,79-70,13,225,かなへび (金蛇),LJC-M225Q013
7715,LJC07971,LJC07971.jpg,79-71,13,225,かなへび (金蛇),LJC-M225Q013
7716,LJC07972,LJC07972.jpg,79-72,13,225,かなへび (金蛇),LJC-M225Q013
7717,LJC07973,LJC07973.jpg,79-73,13,225,かなへび (金蛇),LJC-M225Q013
7718,LJC07974,LJC07974.jpg,79-74,13,225,かなへび (金蛇),LJC-M225Q013
7719,LJC07975,LJC07975.jpg,79-75,13,225,かなへび (金蛇),LJC-M225Q013
7720,LJC07976,LJC07976.jpg,79-76,13,225,かなへび (金蛇),LJC-M225Q013
7721,LJC07977,LJC07977.jpg,79-77,13,225,かなへび (金蛇),LJC-M225Q013
7722,LJC07978,LJC07978.jpg,79-78,13,225,かなへび (金蛇),LJC-M225Q013
7723,LJC07979,LJC07979.jpg,79-79,13,225,かなへび (金蛇),LJC-M225Q013
7724,LJC07980,LJC07980.jpg,79-80,13,225,かなへび (金蛇),LJC-M225Q013
7725,LJC07981,LJC07981.jpg,79-81,13,225,かなへび (金蛇),LJC-M225Q013
7726,LJC07982,LJC07982.jpg,79-82,13,225,かなへび (金蛇),LJC-M225Q013
7727,LJC07983,LJC07983.jpg,79-83,13,225,かなへび (金蛇),LJC-M225Q013
7728,LJC07984,LJC07984.jpg,79-84,13,225,かなへび (金蛇),LJC-M225Q013
7729,LJC07985,LJC07985.jpg,79-85,13,225,かなへび (金蛇),LJC-M225Q013
7730,LJC07986,LJC07986.jpg,79-86,13,225,かなへび (金蛇),LJC-M225Q013
7731,LJC07987,LJC07987.jpg,79-87,13,225,かなへび (金蛇),LJC-M225Q013
7732,LJC07988,LJC07988.jpg,79-88,13,225,かなへび (金蛇),LJC-M225Q013
7733,LJC07989,LJC07989.jpg,79-89,13,225,かなへび (金蛇),LJC-M225Q013
7734,LJC07990,LJC07990.jpg,79-90,13,225,かなへび (金蛇),LJC-M225Q013
7735,LJC07991,LJC07991.jpg,79-91,13,225,かなへび (金蛇),LJC-M225Q013
7736,LJC07992,LJC07992.jpg,79-92,13,225,かなへび (金蛇),LJC-M225Q013
7737,LJC07993,LJC07993.jpg,79-93,13,225,かなへび (金蛇),LJC-M225Q013
7738,LJC07994,LJC07994.jpg,79-94,13,225,かなへび (金蛇),LJC-M225Q013
7739,LJC07995,LJC07995.jpg,79-95,13,225,かなへび (金蛇),LJC-M225Q013
7740,LJC07996,LJC07996.jpg,79-96,13,225,かなへび (金蛇),LJC-M225Q013
7741,LJC07997,LJC07997.jpg,79-97,13,225,かなへび (金蛇),LJC-M225Q013
7742,LJC07998,LJC07998.jpg,79-98,13,225,かなへび (金蛇),LJC-M225Q013
7743,LJC08001,LJC08001.jpg,80-01,13,225,かなへび (金蛇),LJC-M225Q013
7744,LJC08002,LJC08002.jpg,80-02,13,225,かなへび (金蛇),LJC-M225Q013
7745,LJC08003,LJC08003.jpg,80-03,13,225,かなへび (金蛇),LJC-M225Q013
7746,LJC08004,LJC08004.jpg,80-04,13,225,かなへび (金蛇),LJC-M225Q013
7747,LJC08005,LJC08005.jpg,80-05,13,225,かなへび (金蛇),LJC-M225Q013
7748,LJC08006,LJC08006.jpg,80-06,13,225,かなへび (金蛇),LJC-M225Q013
7749,LJC08007,LJC08007.jpg,80-07,13,225,かなへび (金蛇),LJC-M225Q013
7750,LJC08008,LJC08008.jpg,80-08,13,225,かなへび (金蛇),LJC-M225Q013
7751,LJC08009,LJC08009.jpg,80-09,13,225,かなへび (金蛇),LJC-M225Q013
7752,LJC08010,LJC08010.jpg,80-10,13,225,かなへび (金蛇),LJC-M225Q013
7753,LJC08011,LJC08011.jpg,80-11,13,225,かなへび (金蛇),LJC-M225Q013
7754,LJC08012,LJC08012.jpg,80-12,13,225,かなへび (金蛇),LJC-M225Q013
7755,LJC08013,LJC08013.jpg,80-13,13,225,かなへび (金蛇),LJC-M225Q013
7756,LJC08014,LJC08014.jpg,80-14,13,225,かなへび (金蛇),LJC-M225Q013
7757,LJC08015,LJC08015.jpg,80-15,13,225,かなへび (金蛇),LJC-M225Q013
7758,LJC08016,LJC08016.jpg,80-16,13,225,かなへび (金蛇),LJC-M225Q013
7759,LJC08017,LJC08017.jpg,80-17,13,225,かなへび (金蛇),LJC-M225Q013
7760,LJC08018,LJC08018.jpg,80-18,13,225,かなへび (金蛇),LJC-M225Q013
7761,LJC08019,LJC08019.jpg,80-19,13,225,かなへび (金蛇),LJC-M225Q013
7762,LJC08020,LJC08020.jpg,80-20,13,225,かなへび (金蛇),LJC-M225Q013
7763,LJC08021,LJC08021.jpg,80-21,13,225,かなへび (金蛇),LJC-M225Q013
7764,LJC08022,LJC08022.jpg,80-22,13,225,かなへび (金蛇),LJC-M225Q013
7765,LJC08023,LJC08023.jpg,80-23,13,225,かなへび (金蛇),LJC-M225Q013
7766,LJC08024,LJC08024.jpg,80-24,13,225,かなへび (金蛇),LJC-M225Q013
7767,LJC08025,LJC08025.jpg,80-25,13,225,かなへび (金蛇),LJC-M225Q013
7768,LJC08026,LJC08026.jpg,80-26,13,225,かなへび (金蛇),LJC-M225Q013
7769,LJC08027,LJC08027.jpg,80-27,10,226,へび (蛇),LJC-M226Q010
7770,LJC08028,LJC08028.jpg,80-28,10,226,へび (蛇),LJC-M226Q010
7771,LJC08029,LJC08029.jpg,80-29,10,226,へび (蛇),LJC-M226Q010
7772,LJC08030,LJC08030.jpg,80-30,10,226,へび (蛇),LJC-M226Q010
7773,LJC08031,LJC08031.jpg,80-31,10,226,へび (蛇),LJC-M226Q010
7774,LJC08032,LJC08032.jpg,80-32,10,226,へび (蛇),LJC-M226Q010
7775,LJC08033,LJC08033.jpg,80-33,10,226,へび (蛇),LJC-M226Q010
7776,LJC08034,LJC08034.jpg,80-34,10,226,へび (蛇),LJC-M226Q010
7777,LJC08035,LJC08035.jpg,80-35,10,226,へび (蛇),LJC-M226Q010
7778,LJC08036,LJC08036.jpg,80-36,10,226,へび (蛇),LJC-M226Q010
7779,LJC08037,LJC08037.jpg,80-37,10,226,へび (蛇),LJC-M226Q010
7780,LJC08038,LJC08038.jpg,80-38,10,226,へび (蛇),LJC-M226Q010
7781,LJC08039,LJC08039.jpg,80-39,10,226,へび (蛇),LJC-M226Q010
7782,LJC08040,LJC08040.jpg,80-40,10,226,へび (蛇),LJC-M226Q010
7783,LJC08041,LJC08041.jpg,80-41,10,226,へび (蛇),LJC-M226Q010
7784,LJC08042,LJC08042.jpg,80-42,10,226,へび (蛇),LJC-M226Q010
7785,LJC08043,LJC08043.jpg,80-43,10,226,へび (蛇),LJC-M226Q010
7786,LJC08044,LJC08044.jpg,80-44,10,226,へび (蛇),LJC-M226Q010
7787,LJC08045,LJC08045.jpg,80-45,10,226,へび (蛇),LJC-M226Q010
7788,LJC08046,LJC08046.jpg,80-46,10,226,へび (蛇),LJC-M226Q010
7789,LJC08047,LJC08047.jpg,80-47,10,226,へび (蛇),LJC-M226Q010
7790,LJC08048,LJC08048.jpg,80-48,10,226,へび (蛇),LJC-M226Q010
7791,LJC08049,LJC08049.jpg,80-49,10,226,へび (蛇),LJC-M226Q010
7792,LJC08050,LJC08050.jpg,80-50,10,226,へび (蛇),LJC-M226Q010
7793,LJC08051,LJC08051.jpg,80-51,10,226,へび (蛇),LJC-M226Q010
7794,LJC08052,LJC08052.jpg,80-52,10,226,へび (蛇),LJC-M226Q010
7795,LJC08053,LJC08053.jpg,80-53,10,226,へび (蛇),LJC-M226Q010
7796,LJC08054,LJC08054.jpg,80-54,10,226,へび (蛇),LJC-M226Q010
7797,LJC08055,LJC08055.jpg,80-55,10,226,へび (蛇),LJC-M226Q010
7798,LJC08056,LJC08056.jpg,80-56,10,226,へび (蛇),LJC-M226Q010
7799,LJC08057,LJC08057.jpg,80-57,10,226,へび (蛇),LJC-M226Q010
7800,LJC08058,LJC08058.jpg,80-58,10,226,へび (蛇),LJC-M226Q010
7801,LJC08059,LJC08059.jpg,80-59,10,226,へび (蛇),LJC-M226Q010
7802,LJC08060,LJC08060.jpg,80-60,10,226,へび (蛇),LJC-M226Q010
7803,LJC08061,LJC08061.jpg,80-61,10,226,へび (蛇),LJC-M226Q010
7804,LJC08062,LJC08062.jpg,80-62,10,226,へび (蛇),LJC-M226Q010
7805,LJC08063,LJC08063.jpg,80-63,10,226,へび (蛇),LJC-M226Q010
7806,LJC08064,LJC08064.jpg,80-64,10,226,へび (蛇),LJC-M226Q010
7807,LJC08065,LJC08065.jpg,80-65,10,226,へび (蛇),LJC-M226Q010
7808,LJC08066,LJC08066.jpg,80-66,10,226,へび (蛇),LJC-M226Q010
7809,LJC08067,LJC08067.jpg,80-67,10,226,へび (蛇),LJC-M226Q010
7810,LJC08068,LJC08068.jpg,80-68,10,226,へび (蛇),LJC-M226Q010
7811,LJC08069,LJC08069.jpg,80-69,10,226,へび (蛇),LJC-M226Q010
7812,LJC08070,LJC08070.jpg,80-70,10,226,へび (蛇),LJC-M226Q010
7813,LJC08071,LJC08071.jpg,80-71,10,226,へび (蛇),LJC-M226Q010
7814,LJC08072,LJC08072.jpg,80-72,10,226,へび (蛇),LJC-M226Q010
7815,LJC08073,LJC08073.jpg,80-73,10,226,へび (蛇),LJC-M226Q010
7816,LJC08074,LJC08074.jpg,80-74,10,226,へび (蛇),LJC-M226Q010
7817,LJC08075,LJC08075.jpg,80-75,10,226,へび (蛇),LJC-M226Q010
7818,LJC08076,LJC08076.jpg,80-76,10,226,へび (蛇),LJC-M226Q010
7819,LJC08077,LJC08077.jpg,80-77,10,226,へび (蛇),LJC-M226Q010
7820,LJC08078,LJC08078.jpg,80-78,10,226,へび (蛇),LJC-M226Q010
7821,LJC08079,LJC08079.jpg,80-79,10,226,へび (蛇),LJC-M226Q010
7822,LJC08080,LJC08080.jpg,80-80,10,226,へび (蛇),LJC-M226Q010
7823,LJC08081,LJC08081.jpg,80-81,10,226,へび (蛇),LJC-M226Q010
7824,LJC08082,LJC08082.jpg,80-82,11,228,まむし (蝮),LJC-M228Q011
7825,LJC08083,LJC08083.jpg,80-83,11,228,まむし (蝮),LJC-M228Q011
7826,LJC08084,LJC08084.jpg,80-84,11,228,まむし (蝮),LJC-M228Q011
7827,LJC08085,LJC08085.jpg,80-85,11,228,まむし (蝮),LJC-M228Q011
7828,LJC08086,LJC08086.jpg,80-86,11,228,まむし (蝮),LJC-M228Q011
7829,LJC08087,LJC08087.jpg,80-87,11,228,まむし (蝮),LJC-M228Q011
7830,LJC08088,LJC08088.jpg,80-88,11,228,まむし (蝮),LJC-M228Q011
7831,LJC08089,LJC08089.jpg,80-89,11,228,まむし (蝮),LJC-M228Q011
7832,LJC08090,LJC08090.jpg,80-90,11,228,まむし (蝮),LJC-M228Q011
7833,LJC08091,LJC08091.jpg,80-91,11,228,まむし (蝮),LJC-M228Q011
7834,LJC08092,LJC08092.jpg,80-92,11,228,まむし (蝮),LJC-M228Q011
7835,LJC08093,LJC08093.jpg,80-93,11,228,まむし (蝮),LJC-M228Q011
7836,LJC08094,LJC08094.jpg,80-94,11,228,まむし (蝮),LJC-M228Q011
7837,LJC08095,LJC08095.jpg,80-95,11,228,まむし (蝮),LJC-M228Q011
7838,LJC08096,LJC08096.jpg,80-96,11,228,まむし (蝮),LJC-M228Q011
7839,LJC08097,LJC08097.jpg,80-97,11,228,まむし (蝮),LJC-M228Q011
7840,LJC08098,LJC08098.jpg,80-98,11,228,まむし (蝮),LJC-M228Q011
7841,LJC08101,LJC08101.jpg,81-01,11,228,まむし (蝮),LJC-M228Q011
7842,LJC08102,LJC08102.jpg,81-02,11,228,まむし (蝮),LJC-M228Q011
7843,LJC08103,LJC08103.jpg,81-03,11,228,まむし (蝮),LJC-M228Q011
7844,LJC08104,LJC08104.jpg,81-04,11,228,まむし (蝮),LJC-M228Q011
7845,LJC08105,LJC08105.jpg,81-05,11,228,まむし (蝮),LJC-M228Q011
7846,LJC08106,LJC08106.jpg,81-06,11,228,まむし (蝮),LJC-M228Q011
7847,LJC08107,LJC08107.jpg,81-07,11,228,まむし (蝮),LJC-M228Q011
7848,LJC08108,LJC08108.jpg,81-08,11,228,まむし (蝮),LJC-M228Q011
7849,LJC08109,LJC08109.jpg,81-09,11,228,まむし (蝮),LJC-M228Q011
7850,LJC08110,LJC08110.jpg,81-10,11,228,まむし (蝮),LJC-M228Q011
7851,LJC08111,LJC08111.jpg,81-11,11,228,まむし (蝮),LJC-M228Q011
7852,LJC08112,LJC08112.jpg,81-12,11,228,まむし (蝮),LJC-M228Q011
7853,LJC08113,LJC08113.jpg,81-13,11,228,まむし (蝮),LJC-M228Q011
7854,LJC08114,LJC08114.jpg,81-14,11,228,まむし (蝮),LJC-M228Q011
7855,LJC08115,LJC08115.jpg,81-15,11,228,まむし (蝮),LJC-M228Q011
7856,LJC08116,LJC08116.jpg,81-16,11,228,まむし (蝮),LJC-M228Q011
7857,LJC08117,LJC08117.jpg,81-17,11,228,まむし (蝮),LJC-M228Q011
7858,LJC08118,LJC08118.jpg,81-18,11,228,まむし (蝮),LJC-M228Q011
7859,LJC08119,LJC08119.jpg,81-19,11,228,まむし (蝮),LJC-M228Q011
7860,LJC08120,LJC08120.jpg,81-20,11,228,まむし (蝮),LJC-M228Q011
7861,LJC08121,LJC08121.jpg,81-21,11,228,まむし (蝮),LJC-M228Q011
7862,LJC08122,LJC08122.jpg,81-22,11,228,まむし (蝮),LJC-M228Q011
7863,LJC08123,LJC08123.jpg,81-23,11,228,まむし (蝮),LJC-M228Q011
7864,LJC08124,LJC08124.jpg,81-24,11,228,まむし (蝮),LJC-M228Q011
7865,LJC08125,LJC08125.jpg,81-25,11,228,まむし (蝮),LJC-M228Q011
7866,LJC08126,LJC08126.jpg,81-26,11,228,まむし (蝮),LJC-M228Q011
7867,LJC08127,LJC08127.jpg,81-27,11,228,まむし (蝮),LJC-M228Q011
7868,LJC08128,LJC08128.jpg,81-28,11,228,まむし (蝮),LJC-M228Q011
7869,LJC08129,LJC08129.jpg,81-29,11,228,まむし (蝮),LJC-M228Q011
7870,LJC08130,LJC08130.jpg,81-30,1,"229, 230",かまきり (蟷螂),LJC-M229Q001
7871,LJC08131,LJC08131.jpg,81-31,1,"229, 230",かまきり (蟷螂),LJC-M229Q001
7872,LJC08132,LJC08132.jpg,81-32,1,"229, 230",かまきり (蟷螂),LJC-M229Q001
7873,LJC08133,LJC08133.jpg,81-33,1,"229, 230",かまきり (蟷螂),LJC-M229Q001
7874,LJC08134,LJC08134.jpg,81-34,1,"229, 230",かまきり (蟷螂),LJC-M229Q001
7875,LJC08135,LJC08135.jpg,81-35,1,"229, 230",かまきり (蟷螂),LJC-M229Q001
7876,LJC08136,LJC08136.jpg,81-36,1,"229, 230",かまきり (蟷螂),LJC-M229Q001
7877,LJC08137,LJC08137.jpg,81-37,1,"229, 230",かまきり (蟷螂),LJC-M229Q001
7878,LJC08138,LJC08138.jpg,81-38,1,"229, 230",かまきり (蟷螂),LJC-M229Q001
7879,LJC08139,LJC08139.jpg,81-39,1,"229, 230",かまきり (蟷螂),LJC-M229Q001
7880,LJC08140,LJC08140.jpg,81-40,1,"229, 230",かまきり (蟷螂),LJC-M229Q001
7881,LJC08141,LJC08141.jpg,81-41,1,"229, 230",かまきり (蟷螂),LJC-M229Q001
7882,LJC08142,LJC08142.jpg,81-42,1,"229, 230",かまきり (蟷螂),LJC-M229Q001
7883,LJC08143,LJC08143.jpg,81-43,1,"229, 230",かまきり (蟷螂),LJC-M229Q001
7884,LJC08144,LJC08144.jpg,81-44,1,"229, 230",かまきり (蟷螂),LJC-M229Q001
7885,LJC08145,LJC08145.jpg,81-45,1,"229, 230",かまきり (蟷螂),LJC-M229Q001
7886,LJC08146,LJC08146.jpg,81-46,1,"229, 230",かまきり (蟷螂),LJC-M229Q001
7887,LJC08147,LJC08147.jpg,81-47,1,"229, 230",かまきり (蟷螂),LJC-M229Q001
7888,LJC08148,LJC08148.jpg,81-48,1,"229, 230",かまきり (蟷螂),LJC-M229Q001
7889,LJC08149,LJC08149.jpg,81-49,1,"229, 230",かまきり (蟷螂),LJC-M229Q001
7890,LJC08150,LJC08150.jpg,81-50,1,"229, 230",かまきり (蟷螂),LJC-M229Q001
7891,LJC08151,LJC08151.jpg,81-51,1,"229, 230",かまきり (蟷螂),LJC-M229Q001
7892,LJC08152,LJC08152.jpg,81-52,1,"229, 230",かまきり (蟷螂),LJC-M229Q001
7893,LJC08153,LJC08153.jpg,81-53,1,"229, 230",かまきり (蟷螂),LJC-M229Q001
7894,LJC08154,LJC08154.jpg,81-54,1,"229, 230",かまきり (蟷螂),LJC-M229Q001
7895,LJC08155,LJC08155.jpg,81-55,1,"229, 230",かまきり (蟷螂),LJC-M229Q001
7896,LJC08156,LJC08156.jpg,81-56,1,"229, 230",かまきり (蟷螂),LJC-M229Q001
7897,LJC08157,LJC08157.jpg,81-57,1,"229, 230",かまきり (蟷螂),LJC-M229Q001
7898,LJC08158,LJC08158.jpg,81-58,1,"229, 230",かまきり (蟷螂),LJC-M229Q001
7899,LJC08159,LJC08159.jpg,81-59,1,"229, 230",かまきり (蟷螂),LJC-M229Q001
7900,LJC08160,LJC08160.jpg,81-60,1,"229, 230",かまきり (蟷螂),LJC-M229Q001
7901,LJC08161,LJC08161.jpg,81-61,1,"229, 230",かまきり (蟷螂),LJC-M229Q001
7902,LJC08162,LJC08162.jpg,81-62,1,"229, 230",かまきり (蟷螂),LJC-M229Q001
7903,LJC08163,LJC08163.jpg,81-63,1,"229, 230",かまきり (蟷螂),LJC-M229Q001
7904,LJC08164,LJC08164.jpg,81-64,1,"229, 230",かまきり (蟷螂),LJC-M229Q001
7905,LJC08165,LJC08165.jpg,81-65,1,"229, 230",かまきり (蟷螂),LJC-M229Q001
7906,LJC08166,LJC08166.jpg,81-66,1,"229, 230",かまきり (蟷螂),LJC-M229Q001
7907,LJC08167,LJC08167.jpg,81-67,1,"229, 230",かまきり (蟷螂),LJC-M229Q001
7908,LJC08168,LJC08168.jpg,81-68,1,"229, 230",かまきり (蟷螂),LJC-M229Q001
7909,LJC08169,LJC08169.jpg,81-69,1,"229, 230",かまきり (蟷螂),LJC-M229Q001
7910,LJC08170,LJC08170.jpg,81-70,1,"229, 230",かまきり (蟷螂),LJC-M229Q001
7911,LJC08171,LJC08171.jpg,81-71,1,"229, 230",かまきり (蟷螂),LJC-M229Q001
7912,LJC08172,LJC08172.jpg,81-72,1,"229, 230",かまきり (蟷螂),LJC-M229Q001
7913,LJC08173,LJC08173.jpg,81-73,1,"229, 230",かまきり (蟷螂),LJC-M229Q001
7914,LJC08174,LJC08174.jpg,81-74,1,"229, 230",かまきり (蟷螂),LJC-M229Q001
7915,LJC08175,LJC08175.jpg,81-75,1,"229, 230",かまきり (蟷螂),LJC-M229Q001
7916,LJC08176,LJC08176.jpg,81-76,1,"229, 230",かまきり (蟷螂),LJC-M229Q001
7917,LJC08177,LJC08177.jpg,81-77,1,"229, 230",かまきり (蟷螂),LJC-M229Q001
7918,LJC08178,LJC08178.jpg,81-78,1,"229, 230",かまきり (蟷螂),LJC-M229Q001
7919,LJC08179,LJC08179.jpg,81-79,1,"229, 230",かまきり (蟷螂),LJC-M229Q001
7920,LJC08180,LJC08180.jpg,81-80,1,"229, 230",かまきり (蟷螂),LJC-M229Q001
7921,LJC08181,LJC08181.jpg,81-81,1,"229, 230",かまきり (蟷螂),LJC-M229Q001
7922,LJC08182,LJC08182.jpg,81-82,1,"229, 230",かまきり (蟷螂),LJC-M229Q001
7923,LJC08183,LJC08183.jpg,81-83,1,"229, 230",かまきり (蟷螂),LJC-M229Q001
7924,LJC08184,LJC08184.jpg,81-84,1,"229, 230",かまきり (蟷螂),LJC-M229Q001
7925,LJC08185,LJC08185.jpg,81-85,1,"229, 230",かまきり (蟷螂),LJC-M229Q001
7926,LJC08186,LJC08186.jpg,81-86,1,"229, 230",かまきり (蟷螂),LJC-M229Q001
7927,LJC08187,LJC08187.jpg,81-87,1,"229, 230",かまきり (蟷螂),LJC-M229Q001
7928,LJC08188,LJC08188.jpg,81-88,1,"229, 230",かまきり (蟷螂),LJC-M229Q001
7929,LJC08189,LJC08189.jpg,81-89,1,"229, 230",かまきり (蟷螂),LJC-M229Q001
7930,LJC08190,LJC08190.jpg,81-90,1,"229, 230",かまきり (蟷螂),LJC-M229Q001
7931,LJC08191,LJC08191.jpg,81-91,1,"229, 230",かまきり (蟷螂),LJC-M229Q001
7932,LJC08192,LJC08192.jpg,81-92,1,"229, 230",かまきり (蟷螂),LJC-M229Q001
7933,LJC08193,LJC08193.jpg,81-93,1,"229, 230",かまきり (蟷螂),LJC-M229Q001
7934,LJC08194,LJC08194.jpg,81-94,1,"229, 230",かまきり (蟷螂),LJC-M229Q001
7935,LJC08195,LJC08195.jpg,81-95,1,"229, 230",かまきり (蟷螂),LJC-M229Q001
7936,LJC08196,LJC08196.jpg,81-96,1,"229, 230",かまきり (蟷螂),LJC-M229Q001
7937,LJC08197,LJC08197.jpg,81-97,1,"229, 230",かまきり (蟷螂),LJC-M229Q001
7938,LJC08198,LJC08198.jpg,81-98,1,"229, 230",かまきり (蟷螂),LJC-M229Q001
7939,LJC08201,LJC08201.jpg,82-01,1,"229, 230",かまきり (蟷螂),LJC-M229Q001
7940,LJC08202,LJC08202.jpg,82-02,1,"229, 230",かまきり (蟷螂),LJC-M229Q001
7941,LJC08203,LJC08203.jpg,82-03,1,"229, 230",かまきり (蟷螂),LJC-M229Q001
7942,LJC08204,LJC08204.jpg,82-04,1,"229, 230",かまきり (蟷螂),LJC-M229Q001
7943,LJC08205,LJC08205.jpg,82-05,1,"229, 230",かまきり (蟷螂),LJC-M229Q001
7944,LJC08206,LJC08206.jpg,82-06,1,"229, 230",かまきり (蟷螂),LJC-M229Q001
7945,LJC08207,LJC08207.jpg,82-07,284,231,とんぼ (蜻蛉),LJC-M231Q284
7946,LJC08208,LJC08208.jpg,82-08,284,231,とんぼ (蜻蛉),LJC-M231Q284
7947,LJC08209,LJC08209.jpg,82-09,284,231,とんぼ (蜻蛉),LJC-M231Q284
7948,LJC08210,LJC08210.jpg,82-10,284,231,とんぼ (蜻蛉),LJC-M231Q284
7949,LJC08211,LJC08211.jpg,82-11,284,231,とんぼ (蜻蛉),LJC-M231Q284
7950,LJC08212,LJC08212.jpg,82-12,284,231,とんぼ (蜻蛉),LJC-M231Q284
7951,LJC08213,LJC08213.jpg,82-13,284,231,とんぼ (蜻蛉),LJC-M231Q284
7952,LJC08214,LJC08214.jpg,82-14,284,231,とんぼ (蜻蛉),LJC-M231Q284
7953,LJC08215,LJC08215.jpg,82-15,284,231,とんぼ (蜻蛉),LJC-M231Q284
7954,LJC08216,LJC08216.jpg,82-16,284,231,とんぼ (蜻蛉),LJC-M231Q284
7955,LJC08217,LJC08217.jpg,82-17,284,231,とんぼ (蜻蛉),LJC-M231Q284
7956,LJC08218,LJC08218.jpg,82-18,284,231,とんぼ (蜻蛉),LJC-M231Q284
7957,LJC08219,LJC08219.jpg,82-19,284,231,とんぼ (蜻蛉),LJC-M231Q284
7958,LJC08220,LJC08220.jpg,82-20,284,231,とんぼ (蜻蛉),LJC-M231Q284
7959,LJC08221,LJC08221.jpg,82-21,284,231,とんぼ (蜻蛉),LJC-M231Q284
7960,LJC08222,LJC08222.jpg,82-22,284,231,とんぼ (蜻蛉),LJC-M231Q284
7961,LJC08223,LJC08223.jpg,82-23,284,231,とんぼ (蜻蛉),LJC-M231Q284
7962,LJC08224,LJC08224.jpg,82-24,284,231,とんぼ (蜻蛉),LJC-M231Q284
7963,LJC08225,LJC08225.jpg,82-25,284,231,とんぼ (蜻蛉),LJC-M231Q284
7964,LJC08226,LJC08226.jpg,82-26,284,231,とんぼ (蜻蛉),LJC-M231Q284
7965,LJC08227,LJC08227.jpg,82-27,284,231,とんぼ (蜻蛉),LJC-M231Q284
7966,LJC08228,LJC08228.jpg,82-28,284,231,とんぼ (蜻蛉),LJC-M231Q284
7967,LJC08229,LJC08229.jpg,82-29,284,231,とんぼ (蜻蛉),LJC-M231Q284
7968,LJC08230,LJC08230.jpg,82-30,257,232,はえ (蝿),LJC-M232Q257
7969,LJC08231,LJC08231.jpg,82-31,257,232,はえ (蝿),LJC-M232Q257
7970,LJC08232,LJC08232.jpg,82-32,257,232,はえ (蝿),LJC-M232Q257
7971,LJC08233,LJC08233.jpg,82-33,257,232,はえ (蝿),LJC-M232Q257
7972,LJC08234,LJC08234.jpg,82-34,257,232,はえ (蝿),LJC-M232Q257
7973,LJC08235,LJC08235.jpg,82-35,257,232,はえ (蝿),LJC-M232Q257
7974,LJC08236,LJC08236.jpg,82-36,257,232,はえ (蝿),LJC-M232Q257
7975,LJC08237,LJC08237.jpg,82-37,257,232,はえ (蝿),LJC-M232Q257
7976,LJC08238,LJC08238.jpg,82-38,257,232,はえ (蝿),LJC-M232Q257
7977,LJC08239,LJC08239.jpg,82-39,257,232,はえ (蝿),LJC-M232Q257
7978,LJC08240,LJC08240.jpg,82-40,257,232,はえ (蝿),LJC-M232Q257
7979,LJC08241,LJC08241.jpg,82-41,257,232,はえ (蝿),LJC-M232Q257
7980,LJC08242,LJC08242.jpg,82-42,257,232,はえ (蝿),LJC-M232Q257
7981,LJC08243,LJC08243.jpg,82-43,2,233,くも (蜘蛛),LJC-M233Q002
7982,LJC08244,LJC08244.jpg,82-44,2,233,くも (蜘蛛),LJC-M233Q002
7983,LJC08245,LJC08245.jpg,82-45,2,233,くも (蜘蛛),LJC-M233Q002
7984,LJC08246,LJC08246.jpg,82-46,2,233,くも (蜘蛛),LJC-M233Q002
7985,LJC08247,LJC08247.jpg,82-47,2,233,くも (蜘蛛),LJC-M233Q002
7986,LJC08248,LJC08248.jpg,82-48,2,233,くも (蜘蛛),LJC-M233Q002
7987,LJC08249,LJC08249.jpg,82-49,2,233,くも (蜘蛛),LJC-M233Q002
7988,LJC08250,LJC08250.jpg,82-50,2,233,くも (蜘蛛),LJC-M233Q002
7989,LJC08251,LJC08251.jpg,82-51,2,233,くも (蜘蛛),LJC-M233Q002
7990,LJC08252,LJC08252.jpg,82-52,2,233,くも (蜘蛛),LJC-M233Q002
7991,LJC08253,LJC08253.jpg,82-53,2,233,くも (蜘蛛),LJC-M233Q002
7992,LJC08254,LJC08254.jpg,82-54,2,233,くも (蜘蛛),LJC-M233Q002
7993,LJC08255,LJC08255.jpg,82-55,2,233,くも (蜘蛛),LJC-M233Q002
7994,LJC08256,LJC08256.jpg,82-56,2,233,くも (蜘蛛),LJC-M233Q002
7995,LJC08257,LJC08257.jpg,82-57,2,233,くも (蜘蛛),LJC-M233Q002
7996,LJC08258,LJC08258.jpg,82-58,2,233,くも (蜘蛛),LJC-M233Q002
7997,LJC08259,LJC08259.jpg,82-59,2,233,くも (蜘蛛),LJC-M233Q002
7998,LJC08260,LJC08260.jpg,82-60,2,233,くも (蜘蛛),LJC-M233Q002
7999,LJC08261,LJC08261.jpg,82-61,2,233,くも (蜘蛛),LJC-M233Q002
8000,LJC08262,LJC08262.jpg,82-62,2,233,くも (蜘蛛),LJC-M233Q002
8001,LJC08263,LJC08263.jpg,82-63,2,233,くも (蜘蛛),LJC-M233Q002
8002,LJC08264,LJC08264.jpg,82-64,2,233,くも (蜘蛛),LJC-M233Q002
8003,LJC08265,LJC08265.jpg,82-65,2,233,くも (蜘蛛),LJC-M233Q002
8004,LJC08266,LJC08266.jpg,82-66,2,233,くも (蜘蛛),LJC-M233Q002
8005,LJC08267,LJC08267.jpg,82-67,2,233,くも (蜘蛛),LJC-M233Q002
8006,LJC08268,LJC08268.jpg,82-68,2,233,くも (蜘蛛),LJC-M233Q002
8007,LJC08269,LJC08269.jpg,82-69,2,233,くも (蜘蛛),LJC-M233Q002
8008,LJC08270,LJC08270.jpg,82-70,2,233,くも (蜘蛛),LJC-M233Q002
8009,LJC08271,LJC08271.jpg,82-71,2,233,くも (蜘蛛),LJC-M233Q002
8010,LJC08272,LJC08272.jpg,82-72,2,233,くも (蜘蛛),LJC-M233Q002
8011,LJC08273,LJC08273.jpg,82-73,2,233,くも (蜘蛛),LJC-M233Q002
8012,LJC08274,LJC08274.jpg,82-74,4,234,くものす (蜘蛛の巣),LJC-M234Q004
8013,LJC08275,LJC08275.jpg,82-75,4,234,くものす (蜘蛛の巣),LJC-M234Q004
8014,LJC08276,LJC08276.jpg,82-76,4,234,くものす (蜘蛛の巣),LJC-M234Q004
8015,LJC08277,LJC08277.jpg,82-77,4,234,くものす (蜘蛛の巣),LJC-M234Q004
8016,LJC08278,LJC08278.jpg,82-78,4,234,くものす (蜘蛛の巣),LJC-M234Q004
8017,LJC08279,LJC08279.jpg,82-79,4,234,くものす (蜘蛛の巣),LJC-M234Q004
8018,LJC08280,LJC08280.jpg,82-80,4,234,くものす (蜘蛛の巣),LJC-M234Q004
8019,LJC08281,LJC08281.jpg,82-81,4,234,くものす (蜘蛛の巣),LJC-M234Q004
8020,LJC08282,LJC08282.jpg,82-82,4,234,くものす (蜘蛛の巣),LJC-M234Q004
8021,LJC08283,LJC08283.jpg,82-83,4,234,くものす (蜘蛛の巣),LJC-M234Q004
8022,LJC08284,LJC08284.jpg,82-84,4,234,くものす (蜘蛛の巣),LJC-M234Q004
8023,LJC08285,LJC08285.jpg,82-85,4,234,くものす (蜘蛛の巣),LJC-M234Q004
8024,LJC08286,LJC08286.jpg,82-86,4,234,くものす (蜘蛛の巣),LJC-M234Q004
8025,LJC08287,LJC08287.jpg,82-87,4,234,くものす (蜘蛛の巣),LJC-M234Q004
8026,LJC08288,LJC08288.jpg,82-88,4,234,くものす (蜘蛛の巣),LJC-M234Q004
8027,LJC08289,LJC08289.jpg,82-89,4,234,くものす (蜘蛛の巣),LJC-M234Q004
8028,LJC08290,LJC08290.jpg,82-90,4,234,くものす (蜘蛛の巣),LJC-M234Q004
8029,LJC08291,LJC08291.jpg,82-91,4,234,くものす (蜘蛛の巣),LJC-M234Q004
8030,LJC08292,LJC08292.jpg,82-92,4,234,くものす (蜘蛛の巣),LJC-M234Q004
8031,LJC08293,LJC08293.jpg,82-93,4,234,くものす (蜘蛛の巣),LJC-M234Q004
8032,LJC08294,LJC08294.jpg,82-94,4,234,くものす (蜘蛛の巣),LJC-M234Q004
8033,LJC08295,LJC08295.jpg,82-95,4,234,くものす (蜘蛛の巣),LJC-M234Q004
8034,LJC08296,LJC08296.jpg,82-96,4,234,くものす (蜘蛛の巣),LJC-M234Q004
8035,LJC08297,LJC08297.jpg,82-97,4,234,くものす (蜘蛛の巣),LJC-M234Q004
8036,LJC08298,LJC08298.jpg,82-98,4,234,くものす (蜘蛛の巣),LJC-M234Q004
8037,LJC08301,LJC08301.jpg,83-01,4,234,くものす (蜘蛛の巣),LJC-M234Q004
8038,LJC08302,LJC08302.jpg,83-02,4,234,くものす (蜘蛛の巣),LJC-M234Q004
8039,LJC08303,LJC08303.jpg,83-03,4,234,くものす (蜘蛛の巣),LJC-M234Q004
8040,LJC08304,LJC08304.jpg,83-04,4,234,くものす (蜘蛛の巣),LJC-M234Q004
8041,LJC08305,LJC08305.jpg,83-05,4,234,くものす (蜘蛛の巣),LJC-M234Q004
8042,LJC08306,LJC08306.jpg,83-06,4,234,くものす (蜘蛛の巣),LJC-M234Q004
8043,LJC08307,LJC08307.jpg,83-07,3,235,くものいと (蜘蛛の糸),LJC-M235Q003
8044,LJC08308,LJC08308.jpg,83-08,3,235,くものいと (蜘蛛の糸),LJC-M235Q003
8045,LJC08309,LJC08309.jpg,83-09,3,235,くものいと (蜘蛛の糸),LJC-M235Q003
8046,LJC08310,LJC08310.jpg,83-10,3,235,くものいと (蜘蛛の糸),LJC-M235Q003
8047,LJC08311,LJC08311.jpg,83-11,3,235,くものいと (蜘蛛の糸),LJC-M235Q003
8048,LJC08312,LJC08312.jpg,83-12,3,235,くものいと (蜘蛛の糸),LJC-M235Q003
8049,LJC08313,LJC08313.jpg,83-13,3,235,くものいと (蜘蛛の糸),LJC-M235Q003
8050,LJC08314,LJC08314.jpg,83-14,3,235,くものいと (蜘蛛の糸),LJC-M235Q003
8051,LJC08315,LJC08315.jpg,83-15,3,235,くものいと (蜘蛛の糸),LJC-M235Q003
8052,LJC08316,LJC08316.jpg,83-16,3,235,くものいと (蜘蛛の糸),LJC-M235Q003
8053,LJC08317,LJC08317.jpg,83-17,3,235,くものいと (蜘蛛の糸),LJC-M235Q003
8054,LJC08318,LJC08318.jpg,83-18,3,235,くものいと (蜘蛛の糸),LJC-M235Q003
8055,LJC08319,LJC08319.jpg,83-19,3,235,くものいと (蜘蛛の糸),LJC-M235Q003
8056,LJC08320,LJC08320.jpg,83-20,3,235,くものいと (蜘蛛の糸),LJC-M235Q003
8057,LJC08321,LJC08321.jpg,83-21,3,235,くものいと (蜘蛛の糸),LJC-M235Q003
8058,LJC08322,LJC08322.jpg,83-22,3,235,くものいと (蜘蛛の糸),LJC-M235Q003
8059,LJC08323,LJC08323.jpg,83-23,3,235,くものいと (蜘蛛の糸),LJC-M235Q003
8060,LJC08324,LJC08324.jpg,83-24,3,235,くものいと (蜘蛛の糸),LJC-M235Q003
8061,LJC08325,LJC08325.jpg,83-25,3,235,くものいと (蜘蛛の糸),LJC-M235Q003
8062,LJC08326,LJC08326.jpg,83-26,3,235,くものいと (蜘蛛の糸),LJC-M235Q003
8063,LJC08327,LJC08327.jpg,83-27,3,235,くものいと (蜘蛛の糸),LJC-M235Q003
8064,LJC08328,LJC08328.jpg,83-28,3,235,くものいと (蜘蛛の糸),LJC-M235Q003
8065,LJC08329,LJC08329.jpg,83-29,3,235,くものいと (蜘蛛の糸),LJC-M235Q003
8066,LJC08330,LJC08330.jpg,83-30,3,235,くものいと (蜘蛛の糸),LJC-M235Q003
8067,LJC08331,LJC08331.jpg,83-31,3,235,くものいと (蜘蛛の糸),LJC-M235Q003
8068,LJC08332,LJC08332.jpg,83-32,3,235,くものいと (蜘蛛の糸),LJC-M235Q003
8069,LJC08333,LJC08333.jpg,83-33,3,235,くものいと (蜘蛛の糸),LJC-M235Q003
8070,LJC08334,LJC08334.jpg,83-34,3,235,くものいと (蜘蛛の糸),LJC-M235Q003
8071,LJC08335,LJC08335.jpg,83-35,3,235,くものいと (蜘蛛の糸),LJC-M235Q003
8072,LJC08336,LJC08336.jpg,83-36,3,235,くものいと (蜘蛛の糸),LJC-M235Q003
8073,LJC08337,LJC08337.jpg,83-37,3,235,くものいと (蜘蛛の糸),LJC-M235Q003
8074,LJC08338,LJC08338.jpg,83-38,3,235,くものいと (蜘蛛の糸),LJC-M235Q003
8075,LJC08339,LJC08339.jpg,83-39,3,235,くものいと (蜘蛛の糸),LJC-M235Q003
8076,LJC08340,LJC08340.jpg,83-40,3,235,くものいと (蜘蛛の糸),LJC-M235Q003
8077,LJC08341,LJC08341.jpg,83-41,3,235,くものいと (蜘蛛の糸),LJC-M235Q003
8078,LJC08342,LJC08342.jpg,83-42,3,235,くものいと (蜘蛛の糸),LJC-M235Q003
8079,LJC08343,LJC08343.jpg,83-43,3,235,くものいと (蜘蛛の糸),LJC-M235Q003
8080,LJC08344,LJC08344.jpg,83-44,5,"236, 237, 238",かたつむり (蝸牛),LJC-M236Q005
8081,LJC08345,LJC08345.jpg,83-45,5,"236, 237, 238",かたつむり (蝸牛),LJC-M236Q005
8082,LJC08346,LJC08346.jpg,83-46,5,"236, 237, 238",かたつむり (蝸牛),LJC-M236Q005
8083,LJC08347,LJC08347.jpg,83-47,5,"236, 237, 238",かたつむり (蝸牛),LJC-M236Q005
8084,LJC08348,LJC08348.jpg,83-48,5,"236, 237, 238",かたつむり (蝸牛),LJC-M236Q005
8085,LJC08349,LJC08349.jpg,83-49,5,"236, 237, 238",かたつむり (蝸牛),LJC-M236Q005
8086,LJC08350,LJC08350.jpg,83-50,5,"236, 237, 238",かたつむり (蝸牛),LJC-M236Q005
8087,LJC08351,LJC08351.jpg,83-51,5,"236, 237, 238",かたつむり (蝸牛),LJC-M236Q005
8088,LJC08352,LJC08352.jpg,83-52,5,"236, 237, 238",かたつむり (蝸牛),LJC-M236Q005
8089,LJC08353,LJC08353.jpg,83-53,5,"236, 237, 238",かたつむり (蝸牛),LJC-M236Q005
8090,LJC08354,LJC08354.jpg,83-54,5,"236, 237, 238",かたつむり (蝸牛),LJC-M236Q005
8091,LJC08355,LJC08355.jpg,83-55,5,"236, 237, 238",かたつむり (蝸牛),LJC-M236Q005
8092,LJC08356,LJC08356.jpg,83-56,5,"236, 237, 238",かたつむり (蝸牛),LJC-M236Q005
8093,LJC08357,LJC08357.jpg,83-57,5,"236, 237, 238",かたつむり (蝸牛),LJC-M236Q005
8094,LJC08358,LJC08358.jpg,83-58,5,"236, 237, 238",かたつむり (蝸牛),LJC-M236Q005
8095,LJC08359,LJC08359.jpg,83-59,5,"236, 237, 238",かたつむり (蝸牛),LJC-M236Q005
8096,LJC08360,LJC08360.jpg,83-60,5,"236, 237, 238",かたつむり (蝸牛),LJC-M236Q005
8097,LJC08361,LJC08361.jpg,83-61,5,"236, 237, 238",かたつむり (蝸牛),LJC-M236Q005
8098,LJC08362,LJC08362.jpg,83-62,5,"236, 237, 238",かたつむり (蝸牛),LJC-M236Q005
8099,LJC08363,LJC08363.jpg,83-63,5,"236, 237, 238",かたつむり (蝸牛),LJC-M236Q005
8100,LJC08364,LJC08364.jpg,83-64,5,"236, 237, 238",かたつむり (蝸牛),LJC-M236Q005
8101,LJC08365,LJC08365.jpg,83-65,5,"236, 237, 238",かたつむり (蝸牛),LJC-M236Q005
8102,LJC08366,LJC08366.jpg,83-66,5,"236, 237, 238",かたつむり (蝸牛),LJC-M236Q005
8103,LJC08367,LJC08367.jpg,83-67,5,"236, 237, 238",かたつむり (蝸牛),LJC-M236Q005
8104,LJC08368,LJC08368.jpg,83-68,5,"236, 237, 238",かたつむり (蝸牛),LJC-M236Q005
8105,LJC08369,LJC08369.jpg,83-69,5,"236, 237, 238",かたつむり (蝸牛),LJC-M236Q005
8106,LJC08370,LJC08370.jpg,83-70,5,"236, 237, 238",かたつむり (蝸牛),LJC-M236Q005
8107,LJC08371,LJC08371.jpg,83-71,5,"236, 237, 238",かたつむり (蝸牛),LJC-M236Q005
8108,LJC08372,LJC08372.jpg,83-72,5,"236, 237, 238",かたつむり (蝸牛),LJC-M236Q005
8109,LJC08373,LJC08373.jpg,83-73,5,"236, 237, 238",かたつむり (蝸牛),LJC-M236Q005
8110,LJC08374,LJC08374.jpg,83-74,5,"236, 237, 238",かたつむり (蝸牛),LJC-M236Q005
8111,LJC08375,LJC08375.jpg,83-75,5,"236, 237, 238",かたつむり (蝸牛),LJC-M236Q005
8112,LJC08376,LJC08376.jpg,83-76,5,"236, 237, 238",かたつむり (蝸牛),LJC-M236Q005
8113,LJC08377,LJC08377.jpg,83-77,5,"236, 237, 238",かたつむり (蝸牛),LJC-M236Q005
8114,LJC08378,LJC08378.jpg,83-78,5,"236, 237, 238",かたつむり (蝸牛),LJC-M236Q005
8115,LJC08379,LJC08379.jpg,83-79,5,"236, 237, 238",かたつむり (蝸牛),LJC-M236Q005
8116,LJC08380,LJC08380.jpg,83-80,5,"236, 237, 238",かたつむり (蝸牛),LJC-M236Q005
8117,LJC08381,LJC08381.jpg,83-81,5,"236, 237, 238",かたつむり (蝸牛),LJC-M236Q005
8118,LJC08382,LJC08382.jpg,83-82,5,"236, 237, 238",かたつむり (蝸牛),LJC-M236Q005
8119,LJC08383,LJC08383.jpg,83-83,5,"236, 237, 238",かたつむり (蝸牛),LJC-M236Q005
8120,LJC08384,LJC08384.jpg,83-84,5,"236, 237, 238",かたつむり (蝸牛),LJC-M236Q005
8121,LJC08385,LJC08385.jpg,83-85,5,"236, 237, 238",かたつむり (蝸牛),LJC-M236Q005
8122,LJC08386,LJC08386.jpg,83-86,5,"236, 237, 238",かたつむり (蝸牛),LJC-M236Q005
8123,LJC08387,LJC08387.jpg,83-87,5,"236, 237, 238",かたつむり (蝸牛),LJC-M236Q005
8124,LJC08388,LJC08388.jpg,83-88,5,"236, 237, 238",かたつむり (蝸牛),LJC-M236Q005
8125,LJC08389,LJC08389.jpg,83-89,5,"236, 237, 238",かたつむり (蝸牛),LJC-M236Q005
8126,LJC08390,LJC08390.jpg,83-90,5,"236, 237, 238",かたつむり (蝸牛),LJC-M236Q005
8127,LJC08391,LJC08391.jpg,83-91,5,"236, 237, 238",かたつむり (蝸牛),LJC-M236Q005
8128,LJC08392,LJC08392.jpg,83-92,5,"236, 237, 238",かたつむり (蝸牛),LJC-M236Q005
8129,LJC08393,LJC08393.jpg,83-93,5,"236, 237, 238",かたつむり (蝸牛),LJC-M236Q005
8130,LJC08394,LJC08394.jpg,83-94,5,"236, 237, 238",かたつむり (蝸牛),LJC-M236Q005
8131,LJC08395,LJC08395.jpg,83-95,5,"236, 237, 238",かたつむり (蝸牛),LJC-M236Q005
8132,LJC08396,LJC08396.jpg,83-96,5,"236, 237, 238",かたつむり (蝸牛),LJC-M236Q005
8133,LJC08397,LJC08397.jpg,83-97,5,"236, 237, 238",かたつむり (蝸牛),LJC-M236Q005
8134,LJC08398,LJC08398.jpg,83-98,5,"236, 237, 238",かたつむり (蝸牛),LJC-M236Q005
8135,LJC08401,LJC08401.jpg,84-01,5,"236, 237, 238",かたつむり (蝸牛),LJC-M236Q005
8136,LJC08402,LJC08402.jpg,84-02,5,"236, 237, 238",かたつむり (蝸牛),LJC-M236Q005
8137,LJC08403,LJC08403.jpg,84-03,5,"236, 237, 238",かたつむり (蝸牛),LJC-M236Q005
8138,LJC08404,LJC08404.jpg,84-04,5,"236, 237, 238",かたつむり (蝸牛),LJC-M236Q005
8139,LJC08405,LJC08405.jpg,84-05,5,"236, 237, 238",かたつむり (蝸牛),LJC-M236Q005
8140,LJC08406,LJC08406.jpg,84-06,5,"236, 237, 238",かたつむり (蝸牛),LJC-M236Q005
8141,LJC08407,LJC08407.jpg,84-07,5,"236, 237, 238",かたつむり (蝸牛),LJC-M236Q005
8142,LJC08408,LJC08408.jpg,84-08,5,"236, 237, 238",かたつむり (蝸牛),LJC-M236Q005
8143,LJC08409,LJC08409.jpg,84-09,5,"236, 237, 238",かたつむり (蝸牛),LJC-M236Q005
8144,LJC08410,LJC08410.jpg,84-10,5,"236, 237, 238",かたつむり (蝸牛),LJC-M236Q005
8145,LJC08411,LJC08411.jpg,84-11,5,"236, 237, 238",かたつむり (蝸牛),LJC-M236Q005
8146,LJC08412,LJC08412.jpg,84-12,5,"236, 237, 238",かたつむり (蝸牛),LJC-M236Q005
8147,LJC08413,LJC08413.jpg,84-13,5,"236, 237, 238",かたつむり (蝸牛),LJC-M236Q005
8148,LJC08414,LJC08414.jpg,84-14,5,"236, 237, 238",かたつむり (蝸牛),LJC-M236Q005
8149,LJC08415,LJC08415.jpg,84-15,5,"236, 237, 238",かたつむり (蝸牛),LJC-M236Q005
8150,LJC08416,LJC08416.jpg,84-16,5,"236, 237, 238",かたつむり (蝸牛),LJC-M236Q005
8151,LJC08417,LJC08417.jpg,84-17,5,"236, 237, 238",かたつむり (蝸牛),LJC-M236Q005
8152,LJC08418,LJC08418.jpg,84-18,5,"236, 237, 238",かたつむり (蝸牛),LJC-M236Q005
8153,LJC08419,LJC08419.jpg,84-19,5,"236, 237, 238",かたつむり (蝸牛),LJC-M236Q005
8154,LJC08420,LJC08420.jpg,84-20,5,"236, 237, 238",かたつむり (蝸牛),LJC-M236Q005
8155,LJC08421,LJC08421.jpg,84-21,5,"236, 237, 238",かたつむり (蝸牛),LJC-M236Q005
8156,LJC08422,LJC08422.jpg,84-22,5,"236, 237, 238",かたつむり (蝸牛),LJC-M236Q005
8157,LJC08423,LJC08423.jpg,84-23,5,"236, 237, 238",かたつむり (蝸牛),LJC-M236Q005
8158,LJC08424,LJC08424.jpg,84-24,5,"236, 237, 238",かたつむり (蝸牛),LJC-M236Q005
8159,LJC08425,LJC08425.jpg,84-25,5,"236, 237, 238",かたつむり (蝸牛),LJC-M236Q005
8160,LJC08426,LJC08426.jpg,84-26,5,"236, 237, 238",かたつむり (蝸牛),LJC-M236Q005
8161,LJC08427,LJC08427.jpg,84-27,5,"236, 237, 238",かたつむり (蝸牛),LJC-M236Q005
8162,LJC08428,LJC08428.jpg,84-28,5,"236, 237, 238",かたつむり (蝸牛),LJC-M236Q005
8163,LJC08429,LJC08429.jpg,84-29,5,"236, 237, 238",かたつむり (蝸牛),LJC-M236Q005
8164,LJC08430,LJC08430.jpg,84-30,5,"236, 237, 238",かたつむり (蝸牛),LJC-M236Q005
8165,LJC08431,LJC08431.jpg,84-31,5,"236, 237, 238",かたつむり (蝸牛),LJC-M236Q005
8166,LJC08432,LJC08432.jpg,84-32,5,"236, 237, 238",かたつむり (蝸牛),LJC-M236Q005
8167,LJC08433,LJC08433.jpg,84-33,5,"236, 237, 238",かたつむり (蝸牛),LJC-M236Q005
8168,LJC08434,LJC08434.jpg,84-34,5,"236, 237, 238",かたつむり (蝸牛),LJC-M236Q005
8169,LJC08435,LJC08435.jpg,84-35,5,"236, 237, 238",かたつむり (蝸牛),LJC-M236Q005
8170,LJC08436,LJC08436.jpg,84-36,5,"236, 237, 238",かたつむり (蝸牛),LJC-M236Q005
8171,LJC08437,LJC08437.jpg,84-37,5,"236, 237, 238",かたつむり (蝸牛),LJC-M236Q005
8172,LJC08438,LJC08438.jpg,84-38,5,"236, 237, 238",かたつむり (蝸牛),LJC-M236Q005
8173,LJC08439,LJC08439.jpg,84-39,5,"236, 237, 238",かたつむり (蝸牛),LJC-M236Q005
8174,LJC08440,LJC08440.jpg,84-40,5,"236, 237, 238",かたつむり (蝸牛),LJC-M236Q005
8175,LJC08441,LJC08441.jpg,84-41,5,"236, 237, 238",かたつむり (蝸牛),LJC-M236Q005
8176,LJC08442,LJC08442.jpg,84-42,5,"236, 237, 238",かたつむり (蝸牛),LJC-M236Q005
8177,LJC08443,LJC08443.jpg,84-43,5,"236, 237, 238",かたつむり (蝸牛),LJC-M236Q005
8178,LJC08444,LJC08444.jpg,84-44,5,"236, 237, 238",かたつむり (蝸牛),LJC-M236Q005
8179,LJC08445,LJC08445.jpg,84-45,5,"236, 237, 238",かたつむり (蝸牛),LJC-M236Q005
8180,LJC08446,LJC08446.jpg,84-46,5,"236, 237, 238",かたつむり (蝸牛),LJC-M236Q005
8181,LJC08447,LJC08447.jpg,84-47,5,"236, 237, 238",かたつむり (蝸牛),LJC-M236Q005
8182,LJC08448,LJC08448.jpg,84-48,5,"236, 237, 238",かたつむり (蝸牛),LJC-M236Q005
8183,LJC08449,LJC08449.jpg,84-49,5,"236, 237, 238",かたつむり (蝸牛),LJC-M236Q005
8184,LJC08450,LJC08450.jpg,84-50,5,"236, 237, 238",かたつむり (蝸牛),LJC-M236Q005
8185,LJC08451,LJC08451.jpg,84-51,5,"236, 237, 238",かたつむり (蝸牛),LJC-M236Q005
8186,LJC08452,LJC08452.jpg,84-52,5,"236, 237, 238",かたつむり (蝸牛),LJC-M236Q005
8187,LJC08453,LJC08453.jpg,84-53,5,"236, 237, 238",かたつむり (蝸牛),LJC-M236Q005
8188,LJC08454,LJC08454.jpg,84-54,5,"236, 237, 238",かたつむり (蝸牛),LJC-M236Q005
8189,LJC08455,LJC08455.jpg,84-55,5,"236, 237, 238",かたつむり (蝸牛),LJC-M236Q005
8190,LJC08456,LJC08456.jpg,84-56,5,"236, 237, 238",かたつむり (蝸牛),LJC-M236Q005
8191,LJC08457,LJC08457.jpg,84-57,5,"236, 237, 238",かたつむり (蝸牛),LJC-M236Q005
8192,LJC08458,LJC08458.jpg,84-58,5,"236, 237, 238",かたつむり (蝸牛),LJC-M236Q005
8193,LJC08459,LJC08459.jpg,84-59,5,"236, 237, 238",かたつむり (蝸牛),LJC-M236Q005
8194,LJC08460,LJC08460.jpg,84-60,5,"236, 237, 238",かたつむり (蝸牛),LJC-M236Q005
8195,LJC08461,LJC08461.jpg,84-61,6,239,なめくじ (蛞蝓),LJC-M239Q006
8196,LJC08462,LJC08462.jpg,84-62,6,239,なめくじ (蛞蝓),LJC-M239Q006
8197,LJC08463,LJC08463.jpg,84-63,6,239,なめくじ (蛞蝓),LJC-M239Q006
8198,LJC08464,LJC08464.jpg,84-64,6,239,なめくじ (蛞蝓),LJC-M239Q006
8199,LJC08465,LJC08465.jpg,84-65,6,239,なめくじ (蛞蝓),LJC-M239Q006
8200,LJC08466,LJC08466.jpg,84-66,6,239,なめくじ (蛞蝓),LJC-M239Q006
8201,LJC08467,LJC08467.jpg,84-67,6,239,なめくじ (蛞蝓),LJC-M239Q006
8202,LJC08468,LJC08468.jpg,84-68,6,239,なめくじ (蛞蝓),LJC-M239Q006
8203,LJC08469,LJC08469.jpg,84-69,6,239,なめくじ (蛞蝓),LJC-M239Q006
8204,LJC08470,LJC08470.jpg,84-70,6,239,なめくじ (蛞蝓),LJC-M239Q006
8205,LJC08471,LJC08471.jpg,84-71,6,239,なめくじ (蛞蝓),LJC-M239Q006
8206,LJC08472,LJC08472.jpg,84-72,6,239,なめくじ (蛞蝓),LJC-M239Q006
8207,LJC08473,LJC08473.jpg,84-73,6,239,なめくじ (蛞蝓),LJC-M239Q006
8208,LJC08474,LJC08474.jpg,84-74,6,239,なめくじ (蛞蝓),LJC-M239Q006
8209,LJC08475,LJC08475.jpg,84-75,6,239,なめくじ (蛞蝓),LJC-M239Q006
8210,LJC08476,LJC08476.jpg,84-76,6,239,なめくじ (蛞蝓),LJC-M239Q006
8211,LJC08477,LJC08477.jpg,84-77,6,239,なめくじ (蛞蝓),LJC-M239Q006
8212,LJC08478,LJC08478.jpg,84-78,6,239,なめくじ (蛞蝓),LJC-M239Q006
8213,LJC08479,LJC08479.jpg,84-79,6,239,なめくじ (蛞蝓),LJC-M239Q006
8214,LJC08480,LJC08480.jpg,84-80,6,239,なめくじ (蛞蝓),LJC-M239Q006
8215,LJC08481,LJC08481.jpg,84-81,6,239,なめくじ (蛞蝓),LJC-M239Q006
8216,LJC08482,LJC08482.jpg,84-82,6,239,なめくじ (蛞蝓),LJC-M239Q006
8217,LJC08483,LJC08483.jpg,84-83,6,239,なめくじ (蛞蝓),LJC-M239Q006
8218,LJC08484,LJC08484.jpg,84-84,6,239,なめくじ (蛞蝓),LJC-M239Q006
8219,LJC08485,LJC08485.jpg,84-85,6,239,なめくじ (蛞蝓),LJC-M239Q006
8220,LJC08486,LJC08486.jpg,84-86,6,239,なめくじ (蛞蝓),LJC-M239Q006
8221,LJC08487,LJC08487.jpg,84-87,6,239,なめくじ (蛞蝓),LJC-M239Q006
8222,LJC08488,LJC08488.jpg,84-88,6,239,なめくじ (蛞蝓),LJC-M239Q006
8223,LJC08489,LJC08489.jpg,84-89,6,239,なめくじ (蛞蝓),LJC-M239Q006
8224,LJC08490,LJC08490.jpg,84-90,6,239,なめくじ (蛞蝓),LJC-M239Q006
8225,LJC08491,LJC08491.jpg,84-91,192,240,すみれ (菫),LJC-M240Q192
8226,LJC08492,LJC08492.jpg,84-92,192,240,すみれ (菫),LJC-M240Q192
8227,LJC08493,LJC08493.jpg,84-93,192,240,すみれ (菫),LJC-M240Q192
8228,LJC08494,LJC08494.jpg,84-94,192,240,すみれ (菫),LJC-M240Q192
8229,LJC08495,LJC08495.jpg,84-95,192,240,すみれ (菫),LJC-M240Q192
8230,LJC08496,LJC08496.jpg,84-96,192,240,すみれ (菫),LJC-M240Q192
8231,LJC08497,LJC08497.jpg,84-97,192,240,すみれ (菫),LJC-M240Q192
8232,LJC08498,LJC08498.jpg,84-98,192,240,すみれ (菫),LJC-M240Q192
8233,LJC08501,LJC08501.jpg,85-01,192,240,すみれ (菫),LJC-M240Q192
8234,LJC08502,LJC08502.jpg,85-02,192,240,すみれ (菫),LJC-M240Q192
8235,LJC08503,LJC08503.jpg,85-03,192,240,すみれ (菫),LJC-M240Q192
8236,LJC08504,LJC08504.jpg,85-04,192,240,すみれ (菫),LJC-M240Q192
8237,LJC08505,LJC08505.jpg,85-05,192,240,すみれ (菫),LJC-M240Q192
8238,LJC08506,LJC08506.jpg,85-06,192,240,すみれ (菫),LJC-M240Q192
8239,LJC08507,LJC08507.jpg,85-07,192,240,すみれ (菫),LJC-M240Q192
8240,LJC08508,LJC08508.jpg,85-08,192,240,すみれ (菫),LJC-M240Q192
8241,LJC08509,LJC08509.jpg,85-09,192,240,すみれ (菫),LJC-M240Q192
8242,LJC08510,LJC08510.jpg,85-10,192,240,すみれ (菫),LJC-M240Q192
8243,LJC08511,LJC08511.jpg,85-11,192,240,すみれ (菫),LJC-M240Q192
8244,LJC08512,LJC08512.jpg,85-12,192,240,すみれ (菫),LJC-M240Q192
8245,LJC08513,LJC08513.jpg,85-13,192,240,すみれ (菫),LJC-M240Q192
8246,LJC08514,LJC08514.jpg,85-14,192,240,すみれ (菫),LJC-M240Q192
8247,LJC08515,LJC08515.jpg,85-15,192,240,すみれ (菫),LJC-M240Q192
8248,LJC08516,LJC08516.jpg,85-16,192,240,すみれ (菫),LJC-M240Q192
8249,LJC08517,LJC08517.jpg,85-17,192,240,すみれ (菫),LJC-M240Q192
8250,LJC08518,LJC08518.jpg,85-18,192,240,すみれ (菫),LJC-M240Q192
8251,LJC08519,LJC08519.jpg,85-19,192,240,すみれ (菫),LJC-M240Q192
8252,LJC08520,LJC08520.jpg,85-20,192,240,すみれ (菫),LJC-M240Q192
8253,LJC08521,LJC08521.jpg,85-21,192,240,すみれ (菫),LJC-M240Q192
8254,LJC08522,LJC08522.jpg,85-22,192,240,すみれ (菫),LJC-M240Q192
8255,LJC08523,LJC08523.jpg,85-23,192,240,すみれ (菫),LJC-M240Q192
8256,LJC08524,LJC08524.jpg,85-24,192,240,すみれ (菫),LJC-M240Q192
8257,LJC08525,LJC08525.jpg,85-25,192,240,すみれ (菫),LJC-M240Q192
8258,LJC08526,LJC08526.jpg,85-26,192,240,すみれ (菫),LJC-M240Q192
8259,LJC08527,LJC08527.jpg,85-27,192,240,すみれ (菫),LJC-M240Q192
8260,LJC08528,LJC08528.jpg,85-28,192,240,すみれ (菫),LJC-M240Q192
8261,LJC08529,LJC08529.jpg,85-29,192,240,すみれ (菫),LJC-M240Q192
8262,LJC08530,LJC08530.jpg,85-30,192,240,すみれ (菫),LJC-M240Q192
8263,LJC08531,LJC08531.jpg,85-31,192,240,すみれ (菫),LJC-M240Q192
8264,LJC08532,LJC08532.jpg,85-32,192,240,すみれ (菫),LJC-M240Q192
8265,LJC08533,LJC08533.jpg,85-33,192,240,すみれ (菫),LJC-M240Q192
8266,LJC08534,LJC08534.jpg,85-34,192,240,すみれ (菫),LJC-M240Q192
8267,LJC08535,LJC08535.jpg,85-35,192,240,すみれ (菫),LJC-M240Q192
8268,LJC08536,LJC08536.jpg,85-36,192,240,すみれ (菫),LJC-M240Q192
8269,LJC08537,LJC08537.jpg,85-37,192,240,すみれ (菫),LJC-M240Q192
8270,LJC08538,LJC08538.jpg,85-38,192,240,すみれ (菫),LJC-M240Q192
8271,LJC08539,LJC08539.jpg,85-39,193,241,たんぽぽ (蒲公英),LJC-M241Q193
8272,LJC08540,LJC08540.jpg,85-40,193,241,たんぽぽ (蒲公英),LJC-M241Q193
8273,LJC08541,LJC08541.jpg,85-41,193,241,たんぽぽ (蒲公英),LJC-M241Q193
8274,LJC08542,LJC08542.jpg,85-42,193,241,たんぽぽ (蒲公英),LJC-M241Q193
8275,LJC08543,LJC08543.jpg,85-43,193,241,たんぽぽ (蒲公英),LJC-M241Q193
8276,LJC08544,LJC08544.jpg,85-44,193,241,たんぽぽ (蒲公英),LJC-M241Q193
8277,LJC08545,LJC08545.jpg,85-45,193,241,たんぽぽ (蒲公英),LJC-M241Q193
8278,LJC08546,LJC08546.jpg,85-46,193,241,たんぽぽ (蒲公英),LJC-M241Q193
8279,LJC08547,LJC08547.jpg,85-47,193,241,たんぽぽ (蒲公英),LJC-M241Q193
8280,LJC08548,LJC08548.jpg,85-48,193,241,たんぽぽ (蒲公英),LJC-M241Q193
8281,LJC08549,LJC08549.jpg,85-49,193,241,たんぽぽ (蒲公英),LJC-M241Q193
8282,LJC08550,LJC08550.jpg,85-50,193,241,たんぽぽ (蒲公英),LJC-M241Q193
8283,LJC08551,LJC08551.jpg,85-51,193,241,たんぽぽ (蒲公英),LJC-M241Q193
8284,LJC08552,LJC08552.jpg,85-52,193,241,たんぽぽ (蒲公英),LJC-M241Q193
8285,LJC08553,LJC08553.jpg,85-53,193,241,たんぽぽ (蒲公英),LJC-M241Q193
8286,LJC08554,LJC08554.jpg,85-54,193,241,たんぽぽ (蒲公英),LJC-M241Q193
8287,LJC08555,LJC08555.jpg,85-55,193,241,たんぽぽ (蒲公英),LJC-M241Q193
8288,LJC08556,LJC08556.jpg,85-56,193,241,たんぽぽ (蒲公英),LJC-M241Q193
8289,LJC08557,LJC08557.jpg,85-57,193,241,たんぽぽ (蒲公英),LJC-M241Q193
8290,LJC08558,LJC08558.jpg,85-58,193,241,たんぽぽ (蒲公英),LJC-M241Q193
8291,LJC08559,LJC08559.jpg,85-59,193,241,たんぽぽ (蒲公英),LJC-M241Q193
8292,LJC08560,LJC08560.jpg,85-60,193,241,たんぽぽ (蒲公英),LJC-M241Q193
8293,LJC08561,LJC08561.jpg,85-61,193,241,たんぽぽ (蒲公英),LJC-M241Q193
8294,LJC08562,LJC08562.jpg,85-62,193,241,たんぽぽ (蒲公英),LJC-M241Q193
8295,LJC08563,LJC08563.jpg,85-63,193,241,たんぽぽ (蒲公英),LJC-M241Q193
8296,LJC08564,LJC08564.jpg,85-64,193,241,たんぽぽ (蒲公英),LJC-M241Q193
8297,LJC08565,LJC08565.jpg,85-65,193,241,たんぽぽ (蒲公英),LJC-M241Q193
8298,LJC08566,LJC08566.jpg,85-66,193,241,たんぽぽ (蒲公英),LJC-M241Q193
8299,LJC08567,LJC08567.jpg,85-67,193,241,たんぽぽ (蒲公英),LJC-M241Q193
8300,LJC08568,LJC08568.jpg,85-68,193,241,たんぽぽ (蒲公英),LJC-M241Q193
8301,LJC08569,LJC08569.jpg,85-69,193,241,たんぽぽ (蒲公英),LJC-M241Q193
8302,LJC08570,LJC08570.jpg,85-70,193,241,たんぽぽ (蒲公英),LJC-M241Q193
8303,LJC08571,LJC08571.jpg,85-71,193,241,たんぽぽ (蒲公英),LJC-M241Q193
8304,LJC08572,LJC08572.jpg,85-72,193,241,たんぽぽ (蒲公英),LJC-M241Q193
8305,LJC08573,LJC08573.jpg,85-73,193,241,たんぽぽ (蒲公英),LJC-M241Q193
8306,LJC08574,LJC08574.jpg,85-74,193,241,たんぽぽ (蒲公英),LJC-M241Q193
8307,LJC08575,LJC08575.jpg,85-75,193,241,たんぽぽ (蒲公英),LJC-M241Q193
8308,LJC08576,LJC08576.jpg,85-76,193,241,たんぽぽ (蒲公英),LJC-M241Q193
8309,LJC08577,LJC08577.jpg,85-77,193,241,たんぽぽ (蒲公英),LJC-M241Q193
8310,LJC08578,LJC08578.jpg,85-78,193,241,たんぽぽ (蒲公英),LJC-M241Q193
8311,LJC08579,LJC08579.jpg,85-79,193,241,たんぽぽ (蒲公英),LJC-M241Q193
8312,LJC08580,LJC08580.jpg,85-80,193,241,たんぽぽ (蒲公英),LJC-M241Q193
8313,LJC08581,LJC08581.jpg,85-81,193,241,たんぽぽ (蒲公英),LJC-M241Q193
8314,LJC08582,LJC08582.jpg,85-82,196,242,どくだみ (蕺菜),LJC-M242Q196
8315,LJC08583,LJC08583.jpg,85-83,196,242,どくだみ (蕺菜),LJC-M242Q197
8316,LJC08584,LJC08584.jpg,85-84,196,242,どくだみ (蕺菜),LJC-M242Q198
8317,LJC08585,LJC08585.jpg,85-85,196,242,どくだみ (蕺菜),LJC-M242Q199
8318,LJC08586,LJC08586.jpg,85-86,196,242,どくだみ (蕺菜),LJC-M242Q200
8319,LJC08587,LJC08587.jpg,85-87,196,242,どくだみ (蕺菜),LJC-M242Q201
8320,LJC08588,LJC08588.jpg,85-88,196,242,どくだみ (蕺菜),LJC-M242Q202
8321,LJC08589,LJC08589.jpg,85-89,196,242,どくだみ (蕺菜),LJC-M242Q203
8322,LJC08590,LJC08590.jpg,85-90,196,242,どくだみ (蕺菜),LJC-M242Q204
8323,LJC08591,LJC08591.jpg,85-91,196,242,どくだみ (蕺菜),LJC-M242Q205
8324,LJC08592,LJC08592.jpg,85-92,196,242,どくだみ (蕺菜),LJC-M242Q206
8325,LJC08593,LJC08593.jpg,85-93,196,242,どくだみ (蕺菜),LJC-M242Q207
8326,LJC08594,LJC08594.jpg,85-94,196,242,どくだみ (蕺菜),LJC-M242Q208
8327,LJC08595,LJC08595.jpg,85-95,196,242,どくだみ (蕺菜),LJC-M242Q209
8328,LJC08596,LJC08596.jpg,85-96,196,242,どくだみ (蕺菜),LJC-M242Q210
8329,LJC08597,LJC08597.jpg,85-97,196,242,どくだみ (蕺菜),LJC-M242Q211
8330,LJC08598,LJC08598.jpg,85-98,196,242,どくだみ (蕺菜),LJC-M242Q212
8331,LJC08601,LJC08601.jpg,86-01,196,242,どくだみ (蕺菜),LJC-M242Q213
8332,LJC08602,LJC08602.jpg,86-02,196,242,どくだみ (蕺菜),LJC-M242Q214
8333,LJC08603,LJC08603.jpg,86-03,196,242,どくだみ (蕺菜),LJC-M242Q215
8334,LJC08604,LJC08604.jpg,86-04,196,242,どくだみ (蕺菜),LJC-M242Q216
8335,LJC08605,LJC08605.jpg,86-05,196,242,どくだみ (蕺菜),LJC-M242Q217
8336,LJC08606,LJC08606.jpg,86-06,196,242,どくだみ (蕺菜),LJC-M242Q218
8337,LJC08607,LJC08607.jpg,86-07,196,242,どくだみ (蕺菜),LJC-M242Q219
8338,LJC08608,LJC08608.jpg,86-08,196,242,どくだみ (蕺菜),LJC-M242Q220
8339,LJC08609,LJC08609.jpg,86-09,196,242,どくだみ (蕺菜),LJC-M242Q221
8340,LJC08610,LJC08610.jpg,86-10,196,242,どくだみ (蕺菜),LJC-M242Q222
8341,LJC08611,LJC08611.jpg,86-11,196,242,どくだみ (蕺菜),LJC-M242Q223
8342,LJC08612,LJC08612.jpg,86-12,196,242,どくだみ (蕺菜),LJC-M242Q224
8343,LJC08613,LJC08613.jpg,86-13,196,242,どくだみ (蕺菜),LJC-M242Q225
8344,LJC08614,LJC08614.jpg,86-14,196,242,どくだみ (蕺菜),LJC-M242Q226
8345,LJC08615,LJC08615.jpg,86-15,196,242,どくだみ (蕺菜),LJC-M242Q227
8346,LJC08616,LJC08616.jpg,86-16,196,242,どくだみ (蕺菜),LJC-M242Q228
8347,LJC08617,LJC08617.jpg,86-17,196,242,どくだみ (蕺菜),LJC-M242Q229
8348,LJC08618,LJC08618.jpg,86-18,196,242,どくだみ (蕺菜),LJC-M242Q230
8349,LJC08619,LJC08619.jpg,86-19,196,242,どくだみ (蕺菜),LJC-M242Q231
8350,LJC08620,LJC08620.jpg,86-20,196,242,どくだみ (蕺菜),LJC-M242Q232
8351,LJC08621,LJC08621.jpg,86-21,196,242,どくだみ (蕺菜),LJC-M242Q233
8352,LJC08622,LJC08622.jpg,86-22,196,242,どくだみ (蕺菜),LJC-M242Q234
8353,LJC08623,LJC08623.jpg,86-23,196,242,どくだみ (蕺菜),LJC-M242Q235
8354,LJC08624,LJC08624.jpg,86-24,196,242,どくだみ (蕺菜),LJC-M242Q236
8355,LJC08625,LJC08625.jpg,86-25,196,242,どくだみ (蕺菜),LJC-M242Q237
8356,LJC08626,LJC08626.jpg,86-26,196,242,どくだみ (蕺菜),LJC-M242Q238
8357,LJC08627,LJC08627.jpg,86-27,196,242,どくだみ (蕺菜),LJC-M242Q239
8358,LJC08628,LJC08628.jpg,86-28,196,242,どくだみ (蕺菜),LJC-M242Q240
8359,LJC08629,LJC08629.jpg,86-29,196,242,どくだみ (蕺菜),LJC-M242Q241
8360,LJC08630,LJC08630.jpg,86-30,196,242,どくだみ (蕺菜),LJC-M242Q242
8361,LJC08631,LJC08631.jpg,86-31,195,243,すぎな (杉菜・間荊),LJC-M243Q195
8362,LJC08632,LJC08632.jpg,86-32,195,243,すぎな (杉菜・間荊),LJC-M243Q195
8363,LJC08633,LJC08633.jpg,86-33,195,243,すぎな (杉菜・間荊),LJC-M243Q195
8364,LJC08634,LJC08634.jpg,86-34,195,243,すぎな (杉菜・間荊),LJC-M243Q195
8365,LJC08635,LJC08635.jpg,86-35,195,243,すぎな (杉菜・間荊),LJC-M243Q195
8366,LJC08636,LJC08636.jpg,86-36,195,243,すぎな (杉菜・間荊),LJC-M243Q195
8367,LJC08637,LJC08637.jpg,86-37,195,243,すぎな (杉菜・間荊),LJC-M243Q195
8368,LJC08638,LJC08638.jpg,86-38,195,243,すぎな (杉菜・間荊),LJC-M243Q195
8369,LJC08639,LJC08639.jpg,86-39,195,243,すぎな (杉菜・間荊),LJC-M243Q195
8370,LJC08640,LJC08640.jpg,86-40,195,243,すぎな (杉菜・間荊),LJC-M243Q195
8371,LJC08641,LJC08641.jpg,86-41,195,243,すぎな (杉菜・間荊),LJC-M243Q195
8372,LJC08642,LJC08642.jpg,86-42,195,243,すぎな (杉菜・間荊),LJC-M243Q195
8373,LJC08643,LJC08643.jpg,86-43,195,243,すぎな (杉菜・間荊),LJC-M243Q195
8374,LJC08644,LJC08644.jpg,86-44,195,243,すぎな (杉菜・間荊),LJC-M243Q195
8375,LJC08645,LJC08645.jpg,86-45,195,243,すぎな (杉菜・間荊),LJC-M243Q195
8376,LJC08646,LJC08646.jpg,86-46,195,243,すぎな (杉菜・間荊),LJC-M243Q195
8377,LJC08647,LJC08647.jpg,86-47,195,243,すぎな (杉菜・間荊),LJC-M243Q195
8378,LJC08648,LJC08648.jpg,86-48,195,243,すぎな (杉菜・間荊),LJC-M243Q195
8379,LJC08649,LJC08649.jpg,86-49,195,243,すぎな (杉菜・間荊),LJC-M243Q195
8380,LJC08650,LJC08650.jpg,86-50,195,243,すぎな (杉菜・間荊),LJC-M243Q195
8381,LJC08651,LJC08651.jpg,86-51,195,243,すぎな (杉菜・間荊),LJC-M243Q195
8382,LJC08652,LJC08652.jpg,86-52,195,243,すぎな (杉菜・間荊),LJC-M243Q195
8383,LJC08653,LJC08653.jpg,86-53,195,243,すぎな (杉菜・間荊),LJC-M243Q195
8384,LJC08654,LJC08654.jpg,86-54,195,243,すぎな (杉菜・間荊),LJC-M243Q195
8385,LJC08655,LJC08655.jpg,86-55,195,243,すぎな (杉菜・間荊),LJC-M243Q195
8386,LJC08656,LJC08656.jpg,86-56,195,243,すぎな (杉菜・間荊),LJC-M243Q195
8387,LJC08657,LJC08657.jpg,86-57,195,243,すぎな (杉菜・間荊),LJC-M243Q195
8388,LJC08658,LJC08658.jpg,86-58,195,243,すぎな (杉菜・間荊),LJC-M243Q195
8389,LJC08659,LJC08659.jpg,86-59,195,243,すぎな (杉菜・間荊),LJC-M243Q195
8390,LJC08660,LJC08660.jpg,86-60,195,243,すぎな (杉菜・間荊),LJC-M243Q195
8391,LJC08661,LJC08661.jpg,86-61,195,243,すぎな (杉菜・間荊),LJC-M243Q195
8392,LJC08662,LJC08662.jpg,86-62,194,244,つくし (土筆),LJC-M244Q194
8393,LJC08663,LJC08663.jpg,86-63,194,244,つくし (土筆),LJC-M244Q194
8394,LJC08664,LJC08664.jpg,86-64,194,244,つくし (土筆),LJC-M244Q194
8395,LJC08665,LJC08665.jpg,86-65,194,244,つくし (土筆),LJC-M244Q194
8396,LJC08666,LJC08666.jpg,86-66,194,244,つくし (土筆),LJC-M244Q194
8397,LJC08667,LJC08667.jpg,86-67,194,244,つくし (土筆),LJC-M244Q194
8398,LJC08668,LJC08668.jpg,86-68,194,244,つくし (土筆),LJC-M244Q194
8399,LJC08669,LJC08669.jpg,86-69,194,244,つくし (土筆),LJC-M244Q194
8400,LJC08670,LJC08670.jpg,86-70,194,244,つくし (土筆),LJC-M244Q194
8401,LJC08671,LJC08671.jpg,86-71,194,244,つくし (土筆),LJC-M244Q194
8402,LJC08672,LJC08672.jpg,86-72,194,244,つくし (土筆),LJC-M244Q194
8403,LJC08673,LJC08673.jpg,86-73,194,244,つくし (土筆),LJC-M244Q194
8404,LJC08674,LJC08674.jpg,86-74,194,244,つくし (土筆),LJC-M244Q194
8405,LJC08675,LJC08675.jpg,86-75,194,244,つくし (土筆),LJC-M244Q194
8406,LJC08676,LJC08676.jpg,86-76,194,244,つくし (土筆),LJC-M244Q194
8407,LJC08677,LJC08677.jpg,86-77,194,244,つくし (土筆),LJC-M244Q194
8408,LJC08678,LJC08678.jpg,86-78,194,244,つくし (土筆),LJC-M244Q194
8409,LJC08679,LJC08679.jpg,86-79,194,244,つくし (土筆),LJC-M244Q194
8410,LJC08680,LJC08680.jpg,86-80,194,244,つくし (土筆),LJC-M244Q194
8411,LJC08681,LJC08681.jpg,86-81,194,244,つくし (土筆),LJC-M244Q194
8412,LJC08682,LJC08682.jpg,86-82,194,244,つくし (土筆),LJC-M244Q194
8413,LJC08683,LJC08683.jpg,86-83,194,244,つくし (土筆),LJC-M244Q194
8414,LJC08684,LJC08684.jpg,86-84,194,244,つくし (土筆),LJC-M244Q194
8415,LJC08685,LJC08685.jpg,86-85,194,244,つくし (土筆),LJC-M244Q194
8416,LJC08686,LJC08686.jpg,86-86,194,244,つくし (土筆),LJC-M244Q194
8417,LJC08687,LJC08687.jpg,86-87,194,244,つくし (土筆),LJC-M244Q194
8418,LJC08688,LJC08688.jpg,86-88,194,244,つくし (土筆),LJC-M244Q194
8419,LJC08689,LJC08689.jpg,86-89,194,244,つくし (土筆),LJC-M244Q194
8420,LJC08690,LJC08690.jpg,86-90,194,244,つくし (土筆),LJC-M244Q194
8421,LJC08691,LJC08691.jpg,86-91,194,244,つくし (土筆),LJC-M244Q194
8422,LJC08692,LJC08692.jpg,86-92,194,244,つくし (土筆),LJC-M244Q194
8423,LJC08693,LJC08693.jpg,86-93,194,244,つくし (土筆),LJC-M244Q194
8424,LJC08694,LJC08694.jpg,86-94,194,244,つくし (土筆),LJC-M244Q194
8425,LJC08695,LJC08695.jpg,86-95,194,244,つくし (土筆),LJC-M244Q194
8426,LJC08696,LJC08696.jpg,86-96,194,244,つくし (土筆),LJC-M244Q194
8427,LJC08697,LJC08697.jpg,86-97,194,244,つくし (土筆),LJC-M244Q194
8428,LJC08698,LJC08698.jpg,86-98,194,244,つくし (土筆),LJC-M244Q194
8429,LJC08701,LJC08701.jpg,87-01,194,244,つくし (土筆),LJC-M244Q194
8430,LJC08702,LJC08702.jpg,87-02,194,244,つくし (土筆),LJC-M244Q194
8431,LJC08703,LJC08703.jpg,87-03,194,244,つくし (土筆),LJC-M244Q194
8432,LJC08704,LJC08704.jpg,87-04,194,244,つくし (土筆),LJC-M244Q194
8433,LJC08705,LJC08705.jpg,87-05,194,244,つくし (土筆),LJC-M244Q194
8434,LJC08706,LJC08706.jpg,87-06,194,244,つくし (土筆),LJC-M244Q194
8435,LJC08707,LJC08707.jpg,87-07,194,244,つくし (土筆),LJC-M244Q194
8436,LJC08708,LJC08708.jpg,87-08,79,245,きのこ (茸・蕈),LJC-M245Q079
8437,LJC08709,LJC08709.jpg,87-09,79,245,きのこ (茸・蕈),LJC-M245Q079
8438,LJC08710,LJC08710.jpg,87-10,79,245,きのこ (茸・蕈),LJC-M245Q079
8439,LJC08711,LJC08711.jpg,87-11,79,245,きのこ (茸・蕈),LJC-M245Q079
8440,LJC08712,LJC08712.jpg,87-12,79,245,きのこ (茸・蕈),LJC-M245Q079
8441,LJC08713,LJC08713.jpg,87-13,79,245,きのこ (茸・蕈),LJC-M245Q079
8442,LJC08714,LJC08714.jpg,87-14,79,245,きのこ (茸・蕈),LJC-M245Q079
8443,LJC08715,LJC08715.jpg,87-15,79,245,きのこ (茸・蕈),LJC-M245Q079
8444,LJC08716,LJC08716.jpg,87-16,79,245,きのこ (茸・蕈),LJC-M245Q079
8445,LJC08717,LJC08717.jpg,87-17,79,245,きのこ (茸・蕈),LJC-M245Q079
8446,LJC08718,LJC08718.jpg,87-18,79,245,きのこ (茸・蕈),LJC-M245Q079
8447,LJC08719,LJC08719.jpg,87-19,79,245,きのこ (茸・蕈),LJC-M245Q079
8448,LJC08720,LJC08720.jpg,87-20,79,245,きのこ (茸・蕈),LJC-M245Q079
8449,LJC08721,LJC08721.jpg,87-21,79,245,きのこ (茸・蕈),LJC-M245Q079
8450,LJC08722,LJC08722.jpg,87-22,79,245,きのこ (茸・蕈),LJC-M245Q079
8451,LJC08723,LJC08723.jpg,87-23,79,245,きのこ (茸・蕈),LJC-M245Q079
8452,LJC08724,LJC08724.jpg,87-24,79,245,きのこ (茸・蕈),LJC-M245Q079
8453,LJC08725,LJC08725.jpg,87-25,79,245,きのこ (茸・蕈),LJC-M245Q079
8454,LJC08726,LJC08726.jpg,87-26,79,245,きのこ (茸・蕈),LJC-M245Q079
8455,LJC08727,LJC08727.jpg,87-27,79,245,きのこ (茸・蕈),LJC-M245Q079
8456,LJC08728,LJC08728.jpg,87-28,79,245,きのこ (茸・蕈),LJC-M245Q079
8457,LJC08729,LJC08729.jpg,87-29,79,245,きのこ (茸・蕈),LJC-M245Q079
8458,LJC08730,LJC08730.jpg,87-30,79,245,きのこ (茸・蕈),LJC-M245Q079
8459,LJC08731,LJC08731.jpg,87-31,79,245,きのこ (茸・蕈),LJC-M245Q079
8460,LJC08732,LJC08732.jpg,87-32,79,245,きのこ (茸・蕈),LJC-M245Q079
8461,LJC08733,LJC08733.jpg,87-33,79,245,きのこ (茸・蕈),LJC-M245Q079
8462,LJC08734,LJC08734.jpg,87-34,79,245,きのこ (茸・蕈),LJC-M245Q079
8463,LJC08735,LJC08735.jpg,87-35,79,245,きのこ (茸・蕈),LJC-M245Q079
8464,LJC08736,LJC08736.jpg,87-36,79,245,きのこ (茸・蕈),LJC-M245Q079
8465,LJC08737,LJC08737.jpg,87-37,79,245,きのこ (茸・蕈),LJC-M245Q079
8466,LJC08738,LJC08738.jpg,87-38,79,245,きのこ (茸・蕈),LJC-M245Q079
8467,LJC08739,LJC08739.jpg,87-39,79,245,きのこ (茸・蕈),LJC-M245Q079
8468,LJC08740,LJC08740.jpg,87-40,79,245,きのこ (茸・蕈),LJC-M245Q079
8469,LJC08741,LJC08741.jpg,87-41,79,245,きのこ (茸・蕈),LJC-M245Q079
8470,LJC08742,LJC08742.jpg,87-42,79,245,きのこ (茸・蕈),LJC-M245Q079
8471,LJC08743,LJC08743.jpg,87-43,79,245,きのこ (茸・蕈),LJC-M245Q079
8472,LJC08744,LJC08744.jpg,87-44,79,245,きのこ (茸・蕈),LJC-M245Q079
8473,LJC08745,LJC08745.jpg,87-45,79,245,きのこ (茸・蕈),LJC-M245Q079
8474,LJC08746,LJC08746.jpg,87-46,79,245,きのこ (茸・蕈),LJC-M245Q079
8475,LJC08747,LJC08747.jpg,87-47,79,245,きのこ (茸・蕈),LJC-M245Q079
8476,LJC08748,LJC08748.jpg,87-48,79,245,きのこ (茸・蕈),LJC-M245Q079
8477,LJC08749,LJC08749.jpg,87-49,79,245,きのこ (茸・蕈),LJC-M245Q079
8478,LJC08750,LJC08750.jpg,87-50,79,245,きのこ (茸・蕈),LJC-M245Q079
8479,LJC08751,LJC08751.jpg,87-51,79,245,きのこ (茸・蕈),LJC-M245Q079
8480,LJC08752,LJC08752.jpg,87-52,79,245,きのこ (茸・蕈),LJC-M245Q079
8481,LJC08753,LJC08753.jpg,87-53,79,245,きのこ (茸・蕈),LJC-M245Q079
8482,LJC08754,LJC08754.jpg,87-54,79,245,きのこ (茸・蕈),LJC-M245Q079
8483,LJC08755,LJC08755.jpg,87-55,79,245,きのこ (茸・蕈),LJC-M245Q079
8484,LJC08756,LJC08756.jpg,87-56,79,245,きのこ (茸・蕈),LJC-M245Q079
8485,LJC08757,LJC08757.jpg,87-57,79,245,きのこ (茸・蕈),LJC-M245Q079
8486,LJC08758,LJC08758.jpg,87-58,79,245,きのこ (茸・蕈),LJC-M245Q079
8487,LJC08759,LJC08759.jpg,87-59,79,245,きのこ (茸・蕈),LJC-M245Q079
8488,LJC08760,LJC08760.jpg,87-60,79,245,きのこ (茸・蕈),LJC-M245Q079
8489,LJC08761,LJC08761.jpg,87-61,79,245,きのこ (茸・蕈),LJC-M245Q079
8490,LJC08762,LJC08762.jpg,87-62,79,245,きのこ (茸・蕈),LJC-M245Q079
8491,LJC08763,LJC08763.jpg,87-63,79,245,きのこ (茸・蕈),LJC-M245Q079
8492,LJC08764,LJC08764.jpg,87-64,79,245,きのこ (茸・蕈),LJC-M245Q079
8493,LJC08765,LJC08765.jpg,87-65,79,245,きのこ (茸・蕈),LJC-M245Q079
8494,LJC08766,LJC08766.jpg,87-66,79,245,きのこ (茸・蕈),LJC-M245Q079
8495,LJC08767,LJC08767.jpg,87-67,79,245,きのこ (茸・蕈),LJC-M245Q079
8496,LJC08768,LJC08768.jpg,87-68,79,245,きのこ (茸・蕈),LJC-M245Q079
8497,LJC08769,LJC08769.jpg,87-69,79,245,きのこ (茸・蕈),LJC-M245Q079
8498,LJC08770,LJC08770.jpg,87-70,79,245,きのこ (茸・蕈),LJC-M245Q079
8499,LJC08771,LJC08771.jpg,87-71,79,245,きのこ (茸・蕈),LJC-M245Q079
8500,LJC08772,LJC08772.jpg,87-72,79,245,きのこ (茸・蕈),LJC-M245Q079
8501,LJC08773,LJC08773.jpg,87-73,79,245,きのこ (茸・蕈),LJC-M245Q079
8502,LJC08774,LJC08774.jpg,87-74,79,245,きのこ (茸・蕈),LJC-M245Q079
8503,LJC08775,LJC08775.jpg,87-75,79,245,きのこ (茸・蕈),LJC-M245Q079
8504,LJC08776,LJC08776.jpg,87-76,197,247,まつかさ (松毬),LJC-M247Q197
8505,LJC08777,LJC08777.jpg,87-77,197,248,まつかさ (松毬),LJC-M247Q197
8506,LJC08778,LJC08778.jpg,87-78,197,249,まつかさ (松毬),LJC-M247Q197
8507,LJC08779,LJC08779.jpg,87-79,197,250,まつかさ (松毬),LJC-M247Q197
8508,LJC08780,LJC08780.jpg,87-80,197,251,まつかさ (松毬),LJC-M247Q197
8509,LJC08781,LJC08781.jpg,87-81,197,252,まつかさ (松毬),LJC-M247Q197
8510,LJC08782,LJC08782.jpg,87-82,197,253,まつかさ (松毬),LJC-M247Q197
8511,LJC08783,LJC08783.jpg,87-83,197,254,まつかさ (松毬),LJC-M247Q197
8512,LJC08784,LJC08784.jpg,87-84,197,255,まつかさ (松毬),LJC-M247Q197
8513,LJC08785,LJC08785.jpg,87-85,197,256,まつかさ (松毬),LJC-M247Q197
8514,LJC08786,LJC08786.jpg,87-86,197,257,まつかさ (松毬),LJC-M247Q197
8515,LJC08787,LJC08787.jpg,87-87,197,258,まつかさ (松毬),LJC-M247Q197
8516,LJC08788,LJC08788.jpg,87-88,197,259,まつかさ (松毬),LJC-M247Q197
8517,LJC08789,LJC08789.jpg,87-89,197,260,まつかさ (松毬),LJC-M247Q197
8518,LJC08790,LJC08790.jpg,87-90,197,261,まつかさ (松毬),LJC-M247Q197
8519,LJC08791,LJC08791.jpg,87-91,197,262,まつかさ (松毬),LJC-M247Q197
8520,LJC08792,LJC08792.jpg,87-92,197,263,まつかさ (松毬),LJC-M247Q197
8521,LJC08793,LJC08793.jpg,87-93,197,264,まつかさ (松毬),LJC-M247Q197
8522,LJC08794,LJC08794.jpg,87-94,197,265,まつかさ (松毬),LJC-M247Q197
8523,LJC08795,LJC08795.jpg,87-95,197,266,まつかさ (松毬),LJC-M247Q197
8524,LJC08796,LJC08796.jpg,87-96,197,267,まつかさ (松毬),LJC-M247Q197
8525,LJC08797,LJC08797.jpg,87-97,197,268,まつかさ (松毬),LJC-M247Q197
8526,LJC08798,LJC08798.jpg,87-98,197,269,まつかさ (松毬),LJC-M247Q197
8527,LJC08801,LJC08801.jpg,88-01,197,270,まつかさ (松毬),LJC-M247Q197
8528,LJC08802,LJC08802.jpg,88-02,197,271,まつかさ (松毬),LJC-M247Q197
8529,LJC08803,LJC08803.jpg,88-03,197,272,まつかさ (松毬),LJC-M247Q197
8530,LJC08804,LJC08804.jpg,88-04,198,248,たけ (竹),LJC-M248Q198
8531,LJC08805,LJC08805.jpg,88-05,198,248,たけ (竹),LJC-M248Q198
8532,LJC08806,LJC08806.jpg,88-06,198,248,たけ (竹),LJC-M248Q198
8533,LJC08807,LJC08807.jpg,88-07,198,248,たけ (竹),LJC-M248Q198
8534,LJC08808,LJC08808.jpg,88-08,198,248,たけ (竹),LJC-M248Q198
8535,LJC08809,LJC08809.jpg,88-09,198,248,たけ (竹),LJC-M248Q198
8536,LJC08810,LJC08810.jpg,88-10,198,248,たけ (竹),LJC-M248Q198
8537,LJC08811,LJC08811.jpg,88-11,198,248,たけ (竹),LJC-M248Q198
8538,LJC08812,LJC08812.jpg,88-12,198,248,たけ (竹),LJC-M248Q198
8539,LJC08813,LJC08813.jpg,88-13,199,249,とげ (裂片),LJC-M249Q199
8540,LJC08814,LJC08814.jpg,88-14,199,249,とげ (裂片),LJC-M249Q199
8541,LJC08815,LJC08815.jpg,88-15,199,249,とげ (裂片),LJC-M249Q199
8542,LJC08816,LJC08816.jpg,88-16,199,249,とげ (裂片),LJC-M249Q199
8543,LJC08817,LJC08817.jpg,88-17,199,249,とげ (裂片),LJC-M249Q199
8544,LJC08818,LJC08818.jpg,88-18,199,249,とげ (裂片),LJC-M249Q199
8545,LJC08819,LJC08819.jpg,88-19,199,249,とげ (裂片),LJC-M249Q199
8546,LJC08820,LJC08820.jpg,88-20,199,249,とげ (裂片),LJC-M249Q199
8547,LJC08821,LJC08821.jpg,88-21,199,249,とげ (裂片),LJC-M249Q199
8548,LJC08822,LJC08822.jpg,88-22,199,249,とげ (裂片),LJC-M249Q199
8549,LJC08823,LJC08823.jpg,88-23,199,249,とげ (裂片),LJC-M249Q199
8550,LJC08824,LJC08824.jpg,88-24,199,249,とげ (裂片),LJC-M249Q199
8551,LJC08825,LJC08825.jpg,88-25,199,249,とげ (裂片),LJC-M249Q199
8552,LJC08826,LJC08826.jpg,88-26,199,249,とげ (裂片),LJC-M249Q199
8553,LJC08827,LJC08827.jpg,88-27,199,249,とげ (裂片),LJC-M249Q199
8554,LJC08828,LJC08828.jpg,88-28,199,249,とげ (裂片),LJC-M249Q199
8555,LJC08829,LJC08829.jpg,88-29,199,249,とげ (裂片),LJC-M249Q199
8556,LJC08830,LJC08830.jpg,88-30,199,249,とげ (裂片),LJC-M249Q199
8557,LJC08831,LJC08831.jpg,88-31,199,249,とげ (裂片),LJC-M249Q199
8558,LJC08832,LJC08832.jpg,88-32,199,249,とげ (裂片),LJC-M249Q199
8559,LJC08833,LJC08833.jpg,88-33,199,249,とげ (裂片),LJC-M249Q199
8560,LJC08834,LJC08834.jpg,88-34,199,249,とげ (裂片),LJC-M249Q199
8561,LJC08835,LJC08835.jpg,88-35,199,249,とげ (裂片),LJC-M249Q199
8562,LJC08836,LJC08836.jpg,88-36,199,249,とげ (裂片),LJC-M249Q199
8563,LJC08837,LJC08837.jpg,88-37,199,249,とげ (裂片),LJC-M249Q199
8564,LJC08838,LJC08838.jpg,88-38,199,249,とげ (裂片),LJC-M249Q199
8565,LJC08839,LJC08839.jpg,88-39,199,249,とげ (裂片),LJC-M249Q199
8566,LJC08840,LJC08840.jpg,88-40,199,249,とげ (裂片),LJC-M249Q199
8567,LJC08841,LJC08841.jpg,88-41,199,249,とげ (裂片),LJC-M249Q199
8568,LJC08842,LJC08842.jpg,88-42,199,249,とげ (裂片),LJC-M249Q199
8569,LJC08843,LJC08843.jpg,88-43,199,249,とげ (裂片),LJC-M249Q199
8570,LJC08844,LJC08844.jpg,88-44,199,249,とげ (裂片),LJC-M249Q199
8571,LJC08845,LJC08845.jpg,88-45,199,249,とげ (裂片),LJC-M249Q199
8572,LJC08846,LJC08846.jpg,88-46,199,249,とげ (裂片),LJC-M249Q199
8573,LJC08847,LJC08847.jpg,88-47,199,249,とげ (裂片),LJC-M249Q199
8574,LJC08848,LJC08848.jpg,88-48,199,249,とげ (裂片),LJC-M249Q199
8575,LJC08849,LJC08849.jpg,88-49,199,249,とげ (裂片),LJC-M249Q199
8576,LJC08850,LJC08850.jpg,88-50,199,249,とげ (裂片),LJC-M249Q199
8577,LJC08851,LJC08851.jpg,88-51,199,249,とげ (裂片),LJC-M249Q199
8578,LJC08852,LJC08852.jpg,88-52,199,249,とげ (裂片),LJC-M249Q199
8579,LJC08853,LJC08853.jpg,88-53,199,249,とげ (裂片),LJC-M249Q199
8580,LJC08854,LJC08854.jpg,88-54,199,249,とげ (裂片),LJC-M249Q199
8581,LJC08855,LJC08855.jpg,88-55,199,249,とげ (裂片),LJC-M249Q199
8582,LJC08856,LJC08856.jpg,88-56,199,249,とげ (裂片),LJC-M249Q199
8583,LJC08857,LJC08857.jpg,88-57,199,249,とげ (裂片),LJC-M249Q199
8584,LJC08858,LJC08858.jpg,88-58,199,249,とげ (裂片),LJC-M249Q199
8585,LJC08859,LJC08859.jpg,88-59,199,249,とげ (裂片),LJC-M249Q199
8586,LJC08860,LJC08860.jpg,88-60,199,249,とげ (裂片),LJC-M249Q199
8587,LJC08861,LJC08861.jpg,88-61,199,249,とげ (裂片),LJC-M249Q199
8588,LJC08862,LJC08862.jpg,88-62,199,249,とげ (裂片),LJC-M249Q199
8589,LJC08863,LJC08863.jpg,88-63,199,249,とげ (裂片),LJC-M249Q199
8590,LJC08864,LJC08864.jpg,88-64,199,249,とげ (裂片),LJC-M249Q199
8591,LJC08865,LJC08865.jpg,88-65,199,249,とげ (裂片),LJC-M249Q199
8592,LJC08866,LJC08866.jpg,88-66,200,250,とげ (刺・棘),LJC-M250Q200
8593,LJC08867,LJC08867.jpg,88-67,200,250,とげ (刺・棘),LJC-M250Q200
8594,LJC08868,LJC08868.jpg,88-68,200,250,とげ (刺・棘),LJC-M250Q200
8595,LJC08869,LJC08869.jpg,88-69,200,250,とげ (刺・棘),LJC-M250Q200
8596,LJC08870,LJC08870.jpg,88-70,200,250,とげ (刺・棘),LJC-M250Q200
8597,LJC08871,LJC08871.jpg,88-71,200,250,とげ (刺・棘),LJC-M250Q200
8598,LJC08872,LJC08872.jpg,88-72,200,250,とげ (刺・棘),LJC-M250Q200
8599,LJC08873,LJC08873.jpg,88-73,200,250,とげ (刺・棘),LJC-M250Q200
8600,LJC08874,LJC08874.jpg,88-74,200,250,とげ (刺・棘),LJC-M250Q200
8601,LJC08875,LJC08875.jpg,88-75,200,250,とげ (刺・棘),LJC-M250Q200
8602,LJC08876,LJC08876.jpg,88-76,200,250,とげ (刺・棘),LJC-M250Q200
8603,LJC08877,LJC08877.jpg,88-77,200,250,とげ (刺・棘),LJC-M250Q200
8604,LJC08878,LJC08878.jpg,88-78,200,250,とげ (刺・棘),LJC-M250Q200
8605,LJC08879,LJC08879.jpg,88-79,200,250,とげ (刺・棘),LJC-M250Q200
8606,LJC08880,LJC08880.jpg,88-80,200,250,とげ (刺・棘),LJC-M250Q200
8607,LJC08881,LJC08881.jpg,88-81,200,250,とげ (刺・棘),LJC-M250Q200
8608,LJC08882,LJC08882.jpg,88-82,200,250,とげ (刺・棘),LJC-M250Q200
8609,LJC08883,LJC08883.jpg,88-83,200,250,とげ (刺・棘),LJC-M250Q200
8610,LJC08884,LJC08884.jpg,88-84,200,250,とげ (刺・棘),LJC-M250Q200
8611,LJC08885,LJC08885.jpg,88-85,200,250,とげ (刺・棘),LJC-M250Q200
8612,LJC08886,LJC08886.jpg,88-86,200,250,とげ (刺・棘),LJC-M250Q200
8613,LJC08887,LJC08887.jpg,88-87,200,250,とげ (刺・棘),LJC-M250Q200
8614,LJC08888,LJC08888.jpg,88-88,200,250,とげ (刺・棘),LJC-M250Q200
8615,LJC08889,LJC08889.jpg,88-89,200,250,とげ (刺・棘),LJC-M250Q200
8616,LJC08890,LJC08890.jpg,88-90,200,250,とげ (刺・棘),LJC-M250Q200
8617,LJC08891,LJC08891.jpg,88-91,200,250,とげ (刺・棘),LJC-M250Q200
8618,LJC08892,LJC08892.jpg,88-92,200,250,とげ (刺・棘),LJC-M250Q200
8619,LJC08893,LJC08893.jpg,88-93,200,250,とげ (刺・棘),LJC-M250Q200
8620,LJC08894,LJC08894.jpg,88-94,200,250,とげ (刺・棘),LJC-M250Q200
8621,LJC08895,LJC08895.jpg,88-95,200,250,とげ (刺・棘),LJC-M250Q200
8622,LJC08896,LJC08896.jpg,88-96,200,250,とげ (刺・棘),LJC-M250Q200
8623,LJC08897,LJC08897.jpg,88-97,114,251,たいよう (太陽),LJC-M251Q114
8624,LJC08898,LJC08898.jpg,88-98,114,251,たいよう (太陽),LJC-M251Q114
8625,LJC08901,LJC08901.jpg,89-01,114,251,たいよう (太陽),LJC-M251Q114
8626,LJC08902,LJC08902.jpg,89-02,114,251,たいよう (太陽),LJC-M251Q114
8627,LJC08903,LJC08903.jpg,89-03,114,251,たいよう (太陽),LJC-M251Q114
8628,LJC08904,LJC08904.jpg,89-04,114,251,たいよう (太陽),LJC-M251Q114
8629,LJC08905,LJC08905.jpg,89-05,114,251,たいよう (太陽),LJC-M251Q114
8630,LJC08906,LJC08906.jpg,89-06,114,251,たいよう (太陽),LJC-M251Q114
8631,LJC08907,LJC08907.jpg,89-07,114,251,たいよう (太陽),LJC-M251Q114
8632,LJC08908,LJC08908.jpg,89-08,114,251,たいよう (太陽),LJC-M251Q114
8633,LJC08909,LJC08909.jpg,89-09,114,251,たいよう (太陽),LJC-M251Q114
8634,LJC08910,LJC08910.jpg,89-10,114,251,たいよう (太陽),LJC-M251Q114
8635,LJC08911,LJC08911.jpg,89-11,114,251,たいよう (太陽),LJC-M251Q114
8636,LJC08912,LJC08912.jpg,89-12,114,251,たいよう (太陽),LJC-M251Q114
8637,LJC08913,LJC08913.jpg,89-13,114,251,たいよう (太陽),LJC-M251Q114
8638,LJC08914,LJC08914.jpg,89-14,114,251,たいよう (太陽),LJC-M251Q114
8639,LJC08915,LJC08915.jpg,89-15,114,251,たいよう (太陽),LJC-M251Q114
8640,LJC08916,LJC08916.jpg,89-16,114,251,たいよう (太陽),LJC-M251Q114
8641,LJC08917,LJC08917.jpg,89-17,114,251,たいよう (太陽),LJC-M251Q114
8642,LJC08918,LJC08918.jpg,89-18,114,251,たいよう (太陽),LJC-M251Q114
8643,LJC08919,LJC08919.jpg,89-19,114,251,たいよう (太陽),LJC-M251Q114
8644,LJC08920,LJC08920.jpg,89-20,114,251,たいよう (太陽),LJC-M251Q114
8645,LJC08921,LJC08921.jpg,89-21,114,251,たいよう (太陽),LJC-M251Q114
8646,LJC08922,LJC08922.jpg,89-22,114,251,たいよう (太陽),LJC-M251Q114
8647,LJC08923,LJC08923.jpg,89-23,114,251,たいよう (太陽),LJC-M251Q114
8648,LJC08924,LJC08924.jpg,89-24,114,251,たいよう (太陽),LJC-M251Q114
8649,LJC08925,LJC08925.jpg,89-25,114,251,たいよう (太陽),LJC-M251Q114
8650,LJC08926,LJC08926.jpg,89-26,114,251,たいよう (太陽),LJC-M251Q114
8651,LJC08927,LJC08927.jpg,89-27,114,251,たいよう (太陽),LJC-M251Q114
8652,LJC08928,LJC08928.jpg,89-28,114,251,たいよう (太陽),LJC-M251Q114
8653,LJC08929,LJC08929.jpg,89-29,114,251,たいよう (太陽),LJC-M251Q114
8654,LJC08930,LJC08930.jpg,89-30,114,251,たいよう (太陽),LJC-M251Q114
8655,LJC08931,LJC08931.jpg,89-31,114,251,たいよう (太陽),LJC-M251Q114
8656,LJC08932,LJC08932.jpg,89-32,114,251,たいよう (太陽),LJC-M251Q114
8657,LJC08933,LJC08933.jpg,89-33,114,251,たいよう (太陽),LJC-M251Q114
8658,LJC08934,LJC08934.jpg,89-34,114,251,たいよう (太陽),LJC-M251Q114
8659,LJC08935,LJC08935.jpg,89-35,114,251,たいよう (太陽),LJC-M251Q114
8660,LJC08936,LJC08936.jpg,89-36,114,251,たいよう (太陽),LJC-M251Q114
8661,LJC08937,LJC08937.jpg,89-37,114,251,たいよう (太陽),LJC-M251Q114
8662,LJC08938,LJC08938.jpg,89-38,114,251,たいよう (太陽),LJC-M251Q114
8663,LJC08939,LJC08939.jpg,89-39,114,251,たいよう (太陽),LJC-M251Q114
8664,LJC08940,LJC08940.jpg,89-40,114,251,たいよう (太陽),LJC-M251Q114
8665,LJC08941,LJC08941.jpg,89-41,114,251,たいよう (太陽),LJC-M251Q114
8666,LJC08942,LJC08942.jpg,89-42,114,251,たいよう (太陽),LJC-M251Q114
8667,LJC08943,LJC08943.jpg,89-43,114,251,たいよう (太陽),LJC-M251Q114
8668,LJC08944,LJC08944.jpg,89-44,114,251,たいよう (太陽),LJC-M251Q114
8669,LJC08945,LJC08945.jpg,89-45,114,251,たいよう (太陽),LJC-M251Q114
8670,LJC08946,LJC08946.jpg,89-46,114,251,たいよう (太陽),LJC-M251Q114
8671,LJC08947,LJC08947.jpg,89-47,114,251,たいよう (太陽),LJC-M251Q114
8672,LJC08948,LJC08948.jpg,89-48,114,251,たいよう (太陽),LJC-M251Q114
8673,LJC08949,LJC08949.jpg,89-49,114,251,たいよう (太陽),LJC-M251Q114
8674,LJC08950,LJC08950.jpg,89-50,114,251,たいよう (太陽),LJC-M251Q114
8675,LJC08951,LJC08951.jpg,89-51,114,251,たいよう (太陽),LJC-M251Q114
8676,LJC08952,LJC08952.jpg,89-52,114,251,たいよう (太陽),LJC-M251Q114
8677,LJC08953,LJC08953.jpg,89-53,114,251,たいよう (太陽),LJC-M251Q114
8678,LJC08954,LJC08954.jpg,89-54,114,251,たいよう (太陽),LJC-M251Q114
8679,LJC08955,LJC08955.jpg,89-55,114,251,たいよう (太陽),LJC-M251Q114
8680,LJC08956,LJC08956.jpg,89-56,114,251,たいよう (太陽),LJC-M251Q114
8681,LJC08957,LJC08957.jpg,89-57,114,251,たいよう (太陽),LJC-M251Q114
8682,LJC08958,LJC08958.jpg,89-58,114,251,たいよう (太陽),LJC-M251Q114
8683,LJC08959,LJC08959.jpg,89-59,114,251,たいよう (太陽),LJC-M251Q114
8684,LJC08960,LJC08960.jpg,89-60,114,251,たいよう (太陽),LJC-M251Q114
8685,LJC08961,LJC08961.jpg,89-61,114,251,たいよう (太陽),LJC-M251Q114
8686,LJC08962,LJC08962.jpg,89-62,114,251,たいよう (太陽),LJC-M251Q114
8687,LJC08963,LJC08963.jpg,89-63,114,251,たいよう (太陽),LJC-M251Q114
8688,LJC08964,LJC08964.jpg,89-64,114,251,たいよう (太陽),LJC-M251Q114
8689,LJC08965,LJC08965.jpg,89-65,114,251,たいよう (太陽),LJC-M251Q114
8690,LJC08966,LJC08966.jpg,89-66,114,251,たいよう (太陽),LJC-M251Q114
8691,LJC08967,LJC08967.jpg,89-67,116,252,つき (月),LJC-M252Q116
8692,LJC08968,LJC08968.jpg,89-68,116,252,つき (月),LJC-M252Q116
8693,LJC08969,LJC08969.jpg,89-69,116,252,つき (月),LJC-M252Q116
8694,LJC08970,LJC08970.jpg,89-70,116,252,つき (月),LJC-M252Q116
8695,LJC08971,LJC08971.jpg,89-71,116,252,つき (月),LJC-M252Q116
8696,LJC08972,LJC08972.jpg,89-72,116,252,つき (月),LJC-M252Q116
8697,LJC08973,LJC08973.jpg,89-73,116,252,つき (月),LJC-M252Q116
8698,LJC08974,LJC08974.jpg,89-74,116,252,つき (月),LJC-M252Q116
8699,LJC08975,LJC08975.jpg,89-75,116,252,つき (月),LJC-M252Q116
8700,LJC08976,LJC08976.jpg,89-76,116,252,つき (月),LJC-M252Q116
8701,LJC08977,LJC08977.jpg,89-77,116,252,つき (月),LJC-M252Q116
8702,LJC08978,LJC08978.jpg,89-78,116,252,つき (月),LJC-M252Q116
8703,LJC08979,LJC08979.jpg,89-79,116,252,つき (月),LJC-M252Q116
8704,LJC08980,LJC08980.jpg,89-80,116,252,つき (月),LJC-M252Q116
8705,LJC08981,LJC08981.jpg,89-81,116,252,つき (月),LJC-M252Q116
8706,LJC08982,LJC08982.jpg,89-82,116,252,つき (月),LJC-M252Q116
8707,LJC08983,LJC08983.jpg,89-83,116,252,つき (月),LJC-M252Q116
8708,LJC08984,LJC08984.jpg,89-84,116,252,つき (月),LJC-M252Q116
8709,LJC08985,LJC08985.jpg,89-85,116,252,つき (月),LJC-M252Q116
8710,LJC08986,LJC08986.jpg,89-86,116,252,つき (月),LJC-M252Q116
8711,LJC08987,LJC08987.jpg,89-87,116,252,つき (月),LJC-M252Q116
8712,LJC08988,LJC08988.jpg,89-88,116,252,つき (月),LJC-M252Q116
8713,LJC08989,LJC08989.jpg,89-89,116,252,つき (月),LJC-M252Q116
8714,LJC08990,LJC08990.jpg,89-90,116,252,つき (月),LJC-M252Q116
8715,LJC08991,LJC08991.jpg,89-91,116,252,つき (月),LJC-M252Q116
8716,LJC08992,LJC08992.jpg,89-92,116,252,つき (月),LJC-M252Q116
8717,LJC08993,LJC08993.jpg,89-93,116,252,つき (月),LJC-M252Q116
8718,LJC08994,LJC08994.jpg,89-94,116,252,つき (月),LJC-M252Q116
8719,LJC08995,LJC08995.jpg,89-95,116,252,つき (月),LJC-M252Q116
8720,LJC08996,LJC08996.jpg,89-96,116,252,つき (月),LJC-M252Q116
8721,LJC08997,LJC08997.jpg,89-97,116,252,つき (月),LJC-M252Q116
8722,LJC08998,LJC08998.jpg,89-98,116,252,つき (月),LJC-M252Q116
8723,LJC09001,LJC09001.jpg,90-01,116,252,つき (月),LJC-M252Q116
8724,LJC09002,LJC09002.jpg,90-02,116,252,つき (月),LJC-M252Q116
8725,LJC09003,LJC09003.jpg,90-03,116,252,つき (月),LJC-M252Q116
8726,LJC09004,LJC09004.jpg,90-04,116,252,つき (月),LJC-M252Q116
8727,LJC09005,LJC09005.jpg,90-05,116,252,つき (月),LJC-M252Q116
8728,LJC09006,LJC09006.jpg,90-06,116,252,つき (月),LJC-M252Q116
8729,LJC09007,LJC09007.jpg,90-07,116,252,つき (月),LJC-M252Q116
8730,LJC09008,LJC09008.jpg,90-08,116,252,つき (月),LJC-M252Q116
8731,LJC09009,LJC09009.jpg,90-09,116,252,つき (月),LJC-M252Q116
8732,LJC09010,LJC09010.jpg,90-10,117,253,あめ (雨),LJC-M253Q117
8733,LJC09011,LJC09011.jpg,90-11,118,254,つゆ (梅雨),LJC-M254Q118
8734,LJC09012,LJC09012.jpg,90-12,118,254,つゆ (梅雨),LJC-M254Q118
8735,LJC09013,LJC09013.jpg,90-13,118,254,つゆ (梅雨),LJC-M254Q118
8736,LJC09014,LJC09014.jpg,90-14,118,254,つゆ (梅雨),LJC-M254Q118
8737,LJC09015,LJC09015.jpg,90-15,118,254,つゆ (梅雨),LJC-M254Q118
8738,LJC09016,LJC09016.jpg,90-16,118,254,つゆ (梅雨),LJC-M254Q118
8739,LJC09017,LJC09017.jpg,90-17,118,254,つゆ (梅雨),LJC-M254Q118
8740,LJC09018,LJC09018.jpg,90-18,118,254,つゆ (梅雨),LJC-M254Q118
8741,LJC09019,LJC09019.jpg,90-19,118,254,つゆ (梅雨),LJC-M254Q118
8742,LJC09020,LJC09020.jpg,90-20,118,254,つゆ (梅雨),LJC-M254Q118
8743,LJC09021,LJC09021.jpg,90-21,118,254,つゆ (梅雨),LJC-M254Q118
8744,LJC09022,LJC09022.jpg,90-22,118,254,つゆ (梅雨),LJC-M254Q118
8745,LJC09023,LJC09023.jpg,90-23,118,254,つゆ (梅雨),LJC-M254Q118
8746,LJC09024,LJC09024.jpg,90-24,118,254,つゆ (梅雨),LJC-M254Q118
8747,LJC09025,LJC09025.jpg,90-25,118,254,つゆ (梅雨),LJC-M254Q118
8748,LJC09026,LJC09026.jpg,90-26,118,254,つゆ (梅雨),LJC-M254Q118
8749,LJC09027,LJC09027.jpg,90-27,118,254,つゆ (梅雨),LJC-M254Q118
8750,LJC09028,LJC09028.jpg,90-28,118,254,つゆ (梅雨),LJC-M254Q118
8751,LJC09029,LJC09029.jpg,90-29,118,254,つゆ (梅雨),LJC-M254Q118
8752,LJC09030,LJC09030.jpg,90-30,118,254,つゆ (梅雨),LJC-M254Q118
8753,LJC09031,LJC09031.jpg,90-31,118,254,つゆ (梅雨),LJC-M254Q118
8754,LJC09032,LJC09032.jpg,90-32,118,254,つゆ (梅雨),LJC-M254Q118
8755,LJC09033,LJC09033.jpg,90-33,118,254,つゆ (梅雨),LJC-M254Q118
8756,LJC09034,LJC09034.jpg,90-34,118,254,つゆ (梅雨),LJC-M254Q118
8757,LJC09035,LJC09035.jpg,90-35,118,254,つゆ (梅雨),LJC-M254Q118
8758,LJC09036,LJC09036.jpg,90-36,118,254,つゆ (梅雨),LJC-M254Q118
8759,LJC09037,LJC09037.jpg,90-37,118,254,つゆ (梅雨),LJC-M254Q118
8760,LJC09038,LJC09038.jpg,90-38,118,254,つゆ (梅雨),LJC-M254Q118
8761,LJC09039,LJC09039.jpg,90-39,118,254,つゆ (梅雨),LJC-M254Q118
8762,LJC09040,LJC09040.jpg,90-40,118,254,つゆ (梅雨),LJC-M254Q118
8763,LJC09041,LJC09041.jpg,90-41,118,254,つゆ (梅雨),LJC-M254Q118
8764,LJC09042,LJC09042.jpg,90-42,118,254,つゆ (梅雨),LJC-M254Q118
8765,LJC09043,LJC09043.jpg,90-43,118,254,つゆ (梅雨),LJC-M254Q118
8766,LJC09044,LJC09044.jpg,90-44,118,254,つゆ (梅雨),LJC-M254Q118
8767,LJC09045,LJC09045.jpg,90-45,118,254,つゆ (梅雨),LJC-M254Q118
8768,LJC09046,LJC09046.jpg,90-46,118,254,つゆ (梅雨),LJC-M254Q118
8769,LJC09047,LJC09047.jpg,90-47,118,254,つゆ (梅雨),LJC-M254Q118
8770,LJC09048,LJC09048.jpg,90-48,118,254,つゆ (梅雨),LJC-M254Q118
8771,LJC09049,LJC09049.jpg,90-49,118,254,つゆ (梅雨),LJC-M254Q118
8772,LJC09050,LJC09050.jpg,90-50,118,254,つゆ (梅雨),LJC-M254Q118
8773,LJC09051,LJC09051.jpg,90-51,118,254,つゆ (梅雨),LJC-M254Q118
8774,LJC09052,LJC09052.jpg,90-52,118,254,つゆ (梅雨),LJC-M254Q118
8775,LJC09053,LJC09053.jpg,90-53,118,254,つゆ (梅雨),LJC-M254Q118
8776,LJC09054,LJC09054.jpg,90-54,118,254,つゆ (梅雨),LJC-M254Q118
8777,LJC09055,LJC09055.jpg,90-55,118,254,つゆ (梅雨),LJC-M254Q118
8778,LJC09056,LJC09056.jpg,90-56,118,254,つゆ (梅雨),LJC-M254Q118
8779,LJC09057,LJC09057.jpg,90-57,118,254,つゆ (梅雨),LJC-M254Q118
8780,LJC09058,LJC09058.jpg,90-58,118,254,つゆ (梅雨),LJC-M254Q118
8781,LJC09059,LJC09059.jpg,90-59,118,254,つゆ (梅雨),LJC-M254Q118
8782,LJC09060,LJC09060.jpg,90-60,118,254,つゆ (梅雨),LJC-M254Q118
8783,LJC09061,LJC09061.jpg,90-61,118,254,つゆ (梅雨),LJC-M254Q118
8784,LJC09062,LJC09062.jpg,90-62,118,254,つゆ (梅雨),LJC-M254Q118
8785,LJC09063,LJC09063.jpg,90-63,118,254,つゆ (梅雨),LJC-M254Q118
8786,LJC09064,LJC09064.jpg,90-64,118,254,つゆ (梅雨),LJC-M254Q118
8787,LJC09065,LJC09065.jpg,90-65,118,254,つゆ (梅雨),LJC-M254Q118
8788,LJC09066,LJC09066.jpg,90-66,118,254,つゆ (梅雨),LJC-M254Q118
8789,LJC09067,LJC09067.jpg,90-67,118,254,つゆ (梅雨),LJC-M254Q118
8790,LJC09068,LJC09068.jpg,90-68,118,254,つゆ (梅雨),LJC-M254Q118
8791,LJC09069,LJC09069.jpg,90-69,118,254,つゆ (梅雨),LJC-M254Q118
8792,LJC09070,LJC09070.jpg,90-70,118,254,つゆ (梅雨),LJC-M254Q118
8793,LJC09071,LJC09071.jpg,90-71,118,254,つゆ (梅雨),LJC-M254Q118
8794,LJC09072,LJC09072.jpg,90-72,118,254,つゆ (梅雨),LJC-M254Q118
8795,LJC09073,LJC09073.jpg,90-73,118,254,つゆ (梅雨),LJC-M254Q118
8796,LJC09074,LJC09074.jpg,90-74,118,254,つゆ (梅雨),LJC-M254Q118
8797,LJC09075,LJC09075.jpg,90-75,118,254,つゆ (梅雨),LJC-M254Q118
8798,LJC09076,LJC09076.jpg,90-76,118,254,つゆ (梅雨),LJC-M254Q118
8799,LJC09077,LJC09077.jpg,90-77,118,254,つゆ (梅雨),LJC-M254Q118
8800,LJC09078,LJC09078.jpg,90-78,118,254,つゆ (梅雨),LJC-M254Q118
8801,LJC09079,LJC09079.jpg,90-79,118,254,つゆ (梅雨),LJC-M254Q118
8802,LJC09080,LJC09080.jpg,90-80,118,254,つゆ (梅雨),LJC-M254Q118
8803,LJC09081,LJC09081.jpg,90-81,118,254,つゆ (梅雨),LJC-M254Q118
8804,LJC09082,LJC09082.jpg,90-82,118,254,つゆ (梅雨),LJC-M254Q118
8805,LJC09083,LJC09083.jpg,90-83,118,254,つゆ (梅雨),LJC-M254Q118
8806,LJC09084,LJC09084.jpg,90-84,118,254,つゆ (梅雨),LJC-M254Q118
8807,LJC09085,LJC09085.jpg,90-85,118,254,つゆ (梅雨),LJC-M254Q118
8808,LJC09086,LJC09086.jpg,90-86,118,254,つゆ (梅雨),LJC-M254Q118
8809,LJC09087,LJC09087.jpg,90-87,118,254,つゆ (梅雨),LJC-M254Q118
8810,LJC09088,LJC09088.jpg,90-88,118,254,つゆ (梅雨),LJC-M254Q118
8811,LJC09089,LJC09089.jpg,90-89,118,254,つゆ (梅雨),LJC-M254Q118
8812,LJC09090,LJC09090.jpg,90-90,118,254,つゆ (梅雨),LJC-M254Q118
8813,LJC09091,LJC09091.jpg,90-91,118,254,つゆ (梅雨),LJC-M254Q118
8814,LJC09092,LJC09092.jpg,90-92,118,254,つゆ (梅雨),LJC-M254Q118
8815,LJC09093,LJC09093.jpg,90-93,118,254,つゆ (梅雨),LJC-M254Q118
8816,LJC09094,LJC09094.jpg,90-94,118,254,つゆ (梅雨),LJC-M254Q118
8817,LJC09095,LJC09095.jpg,90-95,118,254,つゆ (梅雨),LJC-M254Q118
8818,LJC09096,LJC09096.jpg,90-96,118,254,つゆ (梅雨),LJC-M254Q118
8819,LJC09097,LJC09097.jpg,90-97,118,254,つゆ (梅雨),LJC-M254Q118
8820,LJC09098,LJC09098.jpg,90-98,118,254,つゆ (梅雨),LJC-M254Q118
8821,LJC09101,LJC09101.jpg,91-01,118,254,つゆ (梅雨),LJC-M254Q118
8822,LJC09102,LJC09102.jpg,91-02,118,254,つゆ (梅雨),LJC-M254Q118
8823,LJC09103,LJC09103.jpg,91-03,118,254,つゆ (梅雨),LJC-M254Q118
8824,LJC09104,LJC09104.jpg,91-04,118,254,つゆ (梅雨),LJC-M254Q118
8825,LJC09105,LJC09105.jpg,91-05,118,254,つゆ (梅雨),LJC-M254Q118
8826,LJC09106,LJC09106.jpg,91-06,118,254,つゆ (梅雨),LJC-M254Q118
8827,LJC09107,LJC09107.jpg,91-07,118,254,つゆ (梅雨),LJC-M254Q118
8828,LJC09108,LJC09108.jpg,91-08,118,254,つゆ (梅雨),LJC-M254Q118
8829,LJC09109,LJC09109.jpg,91-09,118,254,つゆ (梅雨),LJC-M254Q118
8830,LJC09110,LJC09110.jpg,91-10,118,254,つゆ (梅雨),LJC-M254Q118
8831,LJC09111,LJC09111.jpg,91-11,118,254,つゆ (梅雨),LJC-M254Q118
8832,LJC09112,LJC09112.jpg,91-12,118,254,つゆ (梅雨),LJC-M254Q118
8833,LJC09113,LJC09113.jpg,91-13,118,254,つゆ (梅雨),LJC-M254Q118
8834,LJC09114,LJC09114.jpg,91-14,118,254,つゆ (梅雨),LJC-M254Q118
8835,LJC09115,LJC09115.jpg,91-15,118,254,つゆ (梅雨),LJC-M254Q118
8836,LJC09116,LJC09116.jpg,91-16,118,254,つゆ (梅雨),LJC-M254Q118
8837,LJC09117,LJC09117.jpg,91-17,118,254,つゆ (梅雨),LJC-M254Q118
8838,LJC09118,LJC09118.jpg,91-18,118,254,つゆ (梅雨),LJC-M254Q118
8839,LJC09119,LJC09119.jpg,91-19,118,254,つゆ (梅雨),LJC-M254Q118
8840,LJC09120,LJC09120.jpg,91-20,118,254,つゆ (梅雨),LJC-M254Q118
8841,LJC09121,LJC09121.jpg,91-21,118,254,つゆ (梅雨),LJC-M254Q118
8842,LJC09122,LJC09122.jpg,91-22,118,254,つゆ (梅雨),LJC-M254Q118
8843,LJC09123,LJC09123.jpg,91-23,118,254,つゆ (梅雨),LJC-M254Q118
8844,LJC09124,LJC09124.jpg,91-24,118,254,つゆ (梅雨),LJC-M254Q118
8845,LJC09125,LJC09125.jpg,91-25,118,254,つゆ (梅雨),LJC-M254Q118
8846,LJC09126,LJC09126.jpg,91-26,118,254,つゆ (梅雨),LJC-M254Q118
8847,LJC09127,LJC09127.jpg,91-27,118,254,つゆ (梅雨),LJC-M254Q118
8848,LJC09128,LJC09128.jpg,91-28,118,254,つゆ (梅雨),LJC-M254Q118
8849,LJC09129,LJC09129.jpg,91-29,118,254,つゆ (梅雨),LJC-M254Q118
8850,LJC09130,LJC09130.jpg,91-30,118,254,つゆ (梅雨),LJC-M254Q118
8851,LJC09131,LJC09131.jpg,91-31,118,254,つゆ (梅雨),LJC-M254Q118
8852,LJC09132,LJC09132.jpg,91-32,118,254,つゆ (梅雨),LJC-M254Q118
8853,LJC09133,LJC09133.jpg,91-33,118,254,つゆ (梅雨),LJC-M254Q118
8854,LJC09134,LJC09134.jpg,91-34,118,254,つゆ (梅雨),LJC-M254Q118
8855,LJC09135,LJC09135.jpg,91-35,118,254,つゆ (梅雨),LJC-M254Q118
8856,LJC09136,LJC09136.jpg,91-36,118,254,つゆ (梅雨),LJC-M254Q118
8857,LJC09137,LJC09137.jpg,91-37,118,254,つゆ (梅雨),LJC-M254Q118
8858,LJC09138,LJC09138.jpg,91-38,118,254,つゆ (梅雨),LJC-M254Q118
8859,LJC09139,LJC09139.jpg,91-39,118,254,つゆ (梅雨),LJC-M254Q118
8860,LJC09140,LJC09140.jpg,91-40,118,254,つゆ (梅雨),LJC-M254Q118
8861,LJC09141,LJC09141.jpg,91-41,118,254,つゆ (梅雨),LJC-M254Q118
8862,LJC09142,LJC09142.jpg,91-42,118,254,つゆ (梅雨),LJC-M254Q118
8863,LJC09143,LJC09143.jpg,91-43,118,254,つゆ (梅雨),LJC-M254Q118
8864,LJC09144,LJC09144.jpg,91-44,118,254,つゆ (梅雨),LJC-M254Q118
8865,LJC09145,LJC09145.jpg,91-45,118,254,つゆ (梅雨),LJC-M254Q118
8866,LJC09146,LJC09146.jpg,91-46,118,254,つゆ (梅雨),LJC-M254Q118
8867,LJC09147,LJC09147.jpg,91-47,118,254,つゆ (梅雨),LJC-M254Q118
8868,LJC09148,LJC09148.jpg,91-48,118,254,つゆ (梅雨),LJC-M254Q118
8869,LJC09149,LJC09149.jpg,91-49,118,254,つゆ (梅雨),LJC-M254Q118
8870,LJC09150,LJC09150.jpg,91-50,118,254,つゆ (梅雨),LJC-M254Q118
8871,LJC09151,LJC09151.jpg,91-51,118,254,つゆ (梅雨),LJC-M254Q118
8872,LJC09152,LJC09152.jpg,91-52,118,254,つゆ (梅雨),LJC-M254Q118
8873,LJC09153,LJC09153.jpg,91-53,118,254,つゆ (梅雨),LJC-M254Q118
8874,LJC09154,LJC09154.jpg,91-54,118,254,つゆ (梅雨),LJC-M254Q118
8875,LJC09155,LJC09155.jpg,91-55,118,254,つゆ (梅雨),LJC-M254Q118
8876,LJC09156,LJC09156.jpg,91-56,118,254,つゆ (梅雨),LJC-M254Q118
8877,LJC09157,LJC09157.jpg,91-57,118,254,つゆ (梅雨),LJC-M254Q118
8878,LJC09158,LJC09158.jpg,91-58,118,254,つゆ (梅雨),LJC-M254Q118
8879,LJC09159,LJC09159.jpg,91-59,118,254,つゆ (梅雨),LJC-M254Q118
8880,LJC09160,LJC09160.jpg,91-60,118,254,つゆ (梅雨),LJC-M254Q118
8881,LJC09161,LJC09161.jpg,91-61,118,254,つゆ (梅雨),LJC-M254Q118
8882,LJC09162,LJC09162.jpg,91-62,118,254,つゆ (梅雨),LJC-M254Q118
8883,LJC09163,LJC09163.jpg,91-63,118,254,つゆ (梅雨),LJC-M254Q118
8884,LJC09164,LJC09164.jpg,91-64,118,254,つゆ (梅雨),LJC-M254Q118
8885,LJC09165,LJC09165.jpg,91-65,118,254,つゆ (梅雨),LJC-M254Q118
8886,LJC09166,LJC09166.jpg,91-66,118,254,つゆ (梅雨),LJC-M254Q118
8887,LJC09167,LJC09167.jpg,91-67,118,254,つゆ (梅雨),LJC-M254Q118
8888,LJC09168,LJC09168.jpg,91-68,118,254,つゆ (梅雨),LJC-M254Q118
8889,LJC09169,LJC09169.jpg,91-69,118,254,つゆ (梅雨),LJC-M254Q118
8890,LJC09170,LJC09170.jpg,91-70,118,254,つゆ (梅雨),LJC-M254Q118
8891,LJC09171,LJC09171.jpg,91-71,118,254,つゆ (梅雨),LJC-M254Q118
8892,LJC09172,LJC09172.jpg,91-72,118,254,つゆ (梅雨),LJC-M254Q118
8893,LJC09173,LJC09173.jpg,91-73,118,254,つゆ (梅雨),LJC-M254Q118
8894,LJC09174,LJC09174.jpg,91-74,118,254,つゆ (梅雨),LJC-M254Q118
8895,LJC09175,LJC09175.jpg,91-75,118,254,つゆ (梅雨),LJC-M254Q118
8896,LJC09176,LJC09176.jpg,91-76,118,254,つゆ (梅雨),LJC-M254Q118
8897,LJC09177,LJC09177.jpg,91-77,118,254,つゆ (梅雨),LJC-M254Q118
8898,LJC09178,LJC09178.jpg,91-78,118,254,つゆ (梅雨),LJC-M254Q118
8899,LJC09179,LJC09179.jpg,91-79,118,254,つゆ (梅雨),LJC-M254Q118
8900,LJC09180,LJC09180.jpg,91-80,118,254,つゆ (梅雨),LJC-M254Q118
8901,LJC09181,LJC09181.jpg,91-81,118,254,つゆ (梅雨),LJC-M254Q118
8902,LJC09182,LJC09182.jpg,91-82,118,254,つゆ (梅雨),LJC-M254Q118
8903,LJC09183,LJC09183.jpg,91-83,118,254,つゆ (梅雨),LJC-M254Q118
8904,LJC09184,LJC09184.jpg,91-84,118,254,つゆ (梅雨),LJC-M254Q118
8905,LJC09185,LJC09185.jpg,91-85,118,254,つゆ (梅雨),LJC-M254Q118
8906,LJC09186,LJC09186.jpg,91-86,118,254,つゆ (梅雨),LJC-M254Q118
8907,LJC09187,LJC09187.jpg,91-87,118,254,つゆ (梅雨),LJC-M254Q118
8908,LJC09188,LJC09188.jpg,91-88,118,254,つゆ (梅雨),LJC-M254Q118
8909,LJC09189,LJC09189.jpg,91-89,118,254,つゆ (梅雨),LJC-M254Q118
8910,LJC09190,LJC09190.jpg,91-90,118,254,つゆ (梅雨),LJC-M254Q118
8911,LJC09191,LJC09191.jpg,91-91,118,254,つゆ (梅雨),LJC-M254Q118
8912,LJC09192,LJC09192.jpg,91-92,118,254,つゆ (梅雨),LJC-M254Q118
8913,LJC09193,LJC09193.jpg,91-93,118,254,つゆ (梅雨),LJC-M254Q118
8914,LJC09194,LJC09194.jpg,91-94,118,254,つゆ (梅雨),LJC-M254Q118
8915,LJC09195,LJC09195.jpg,91-95,118,254,つゆ (梅雨),LJC-M254Q118
8916,LJC09196,LJC09196.jpg,91-96,118,254,つゆ (梅雨),LJC-M254Q118
8917,LJC09197,LJC09197.jpg,91-97,118,254,つゆ (梅雨),LJC-M254Q118
8918,LJC09198,LJC09198.jpg,91-98,118,254,つゆ (梅雨),LJC-M254Q118
8919,LJC09201,LJC09201.jpg,92-01,118,254,つゆ (梅雨),LJC-M254Q118
8920,LJC09202,LJC09202.jpg,92-02,118,254,つゆ (梅雨),LJC-M254Q118
8921,LJC09203,LJC09203.jpg,92-03,118,254,つゆ (梅雨),LJC-M254Q118
8922,LJC09204,LJC09204.jpg,92-04,118,254,つゆ (梅雨),LJC-M254Q118
8923,LJC09205,LJC09205.jpg,92-05,118,254,つゆ (梅雨),LJC-M254Q118
8924,LJC09206,LJC09206.jpg,92-06,118,254,つゆ (梅雨),LJC-M254Q118
8925,LJC09207,LJC09207.jpg,92-07,118,254,つゆ (梅雨),LJC-M254Q118
8926,LJC09208,LJC09208.jpg,92-08,118,254,つゆ (梅雨),LJC-M254Q118
8927,LJC09209,LJC09209.jpg,92-09,118,254,つゆ (梅雨),LJC-M254Q118
8928,LJC09210,LJC09210.jpg,92-10,118,254,つゆ (梅雨),LJC-M254Q118
8929,LJC09211,LJC09211.jpg,92-11,118,254,つゆ (梅雨),LJC-M254Q118
8930,LJC09212,LJC09212.jpg,92-12,118,254,つゆ (梅雨),LJC-M254Q118
8931,LJC09213,LJC09213.jpg,92-13,118,254,つゆ (梅雨),LJC-M254Q118
8932,LJC09214,LJC09214.jpg,92-14,118,254,つゆ (梅雨),LJC-M254Q118
8933,LJC09215,LJC09215.jpg,92-15,118,254,つゆ (梅雨),LJC-M254Q118
8934,LJC09216,LJC09216.jpg,92-16,118,254,つゆ (梅雨),LJC-M254Q118
8935,LJC09217,LJC09217.jpg,92-17,118,254,つゆ (梅雨),LJC-M254Q118
8936,LJC09218,LJC09218.jpg,92-18,118,254,つゆ (梅雨),LJC-M254Q118
8937,LJC09219,LJC09219.jpg,92-19,118,254,つゆ (梅雨),LJC-M254Q118
8938,LJC09220,LJC09220.jpg,92-20,118,254,つゆ (梅雨),LJC-M254Q118
8939,LJC09221,LJC09221.jpg,92-21,118,254,つゆ (梅雨),LJC-M254Q118
8940,LJC09222,LJC09222.jpg,92-22,118,254,つゆ (梅雨),LJC-M254Q118
8941,LJC09223,LJC09223.jpg,92-23,118,254,つゆ (梅雨),LJC-M254Q118
8942,LJC09224,LJC09224.jpg,92-24,118,254,つゆ (梅雨),LJC-M254Q118
8943,LJC09225,LJC09225.jpg,92-25,118,254,つゆ (梅雨),LJC-M254Q118
8944,LJC09226,LJC09226.jpg,92-26,118,254,つゆ (梅雨),LJC-M254Q118
8945,LJC09227,LJC09227.jpg,92-27,118,254,つゆ (梅雨),LJC-M254Q118
8946,LJC09228,LJC09228.jpg,92-28,118,254,つゆ (梅雨),LJC-M254Q118
8947,LJC09229,LJC09229.jpg,92-29,118,254,つゆ (梅雨),LJC-M254Q118
8948,LJC09230,LJC09230.jpg,92-30,118,254,つゆ (梅雨),LJC-M254Q118
8949,LJC09231,LJC09231.jpg,92-31,118,254,つゆ (梅雨),LJC-M254Q118
8950,LJC09232,LJC09232.jpg,92-32,118,254,つゆ (梅雨),LJC-M254Q118
8951,LJC09233,LJC09233.jpg,92-33,118,254,つゆ (梅雨),LJC-M254Q118
8952,LJC09234,LJC09234.jpg,92-34,118,254,つゆ (梅雨),LJC-M254Q118
8953,LJC09235,LJC09235.jpg,92-35,118,254,つゆ (梅雨),LJC-M254Q118
8954,LJC09236,LJC09236.jpg,92-36,119,255,ゆうだち (夕立雨),LJC-M255Q119
8955,LJC09237,LJC09237.jpg,92-37,119,255,ゆうだち (夕立雨),LJC-M255Q119
8956,LJC09238,LJC09238.jpg,92-38,119,255,ゆうだち (夕立雨),LJC-M255Q119
8957,LJC09239,LJC09239.jpg,92-39,119,255,ゆうだち (夕立雨),LJC-M255Q119
8958,LJC09240,LJC09240.jpg,92-40,119,255,ゆうだち (夕立雨),LJC-M255Q119
8959,LJC09241,LJC09241.jpg,92-41,119,255,ゆうだち (夕立雨),LJC-M255Q119
8960,LJC09242,LJC09242.jpg,92-42,119,255,ゆうだち (夕立雨),LJC-M255Q119
8961,LJC09243,LJC09243.jpg,92-43,119,255,ゆうだち (夕立雨),LJC-M255Q119
8962,LJC09244,LJC09244.jpg,92-44,119,255,ゆうだち (夕立雨),LJC-M255Q119
8963,LJC09245,LJC09245.jpg,92-45,119,255,ゆうだち (夕立雨),LJC-M255Q119
8964,LJC09246,LJC09246.jpg,92-46,119,255,ゆうだち (夕立雨),LJC-M255Q119
8965,LJC09247,LJC09247.jpg,92-47,119,255,ゆうだち (夕立雨),LJC-M255Q119
8966,LJC09248,LJC09248.jpg,92-48,119,255,ゆうだち (夕立雨),LJC-M255Q119
8967,LJC09249,LJC09249.jpg,92-49,119,255,ゆうだち (夕立雨),LJC-M255Q119
8968,LJC09250,LJC09250.jpg,92-50,119,255,ゆうだち (夕立雨),LJC-M255Q119
8969,LJC09251,LJC09251.jpg,92-51,119,255,ゆうだち (夕立雨),LJC-M255Q119
8970,LJC09252,LJC09252.jpg,92-52,119,255,ゆうだち (夕立雨),LJC-M255Q119
8971,LJC09253,LJC09253.jpg,92-53,119,255,ゆうだち (夕立雨),LJC-M255Q119
8972,LJC09254,LJC09254.jpg,92-54,119,255,ゆうだち (夕立雨),LJC-M255Q119
8973,LJC09255,LJC09255.jpg,92-55,119,255,ゆうだち (夕立雨),LJC-M255Q119
8974,LJC09256,LJC09256.jpg,92-56,119,255,ゆうだち (夕立雨),LJC-M255Q119
8975,LJC09257,LJC09257.jpg,92-57,119,255,ゆうだち (夕立雨),LJC-M255Q119
8976,LJC09258,LJC09258.jpg,92-58,119,255,ゆうだち (夕立雨),LJC-M255Q119
8977,LJC09259,LJC09259.jpg,92-59,119,255,ゆうだち (夕立雨),LJC-M255Q119
8978,LJC09260,LJC09260.jpg,92-60,119,255,ゆうだち (夕立雨),LJC-M255Q119
8979,LJC09261,LJC09261.jpg,92-61,119,255,ゆうだち (夕立雨),LJC-M255Q119
8980,LJC09262,LJC09262.jpg,92-62,119,255,ゆうだち (夕立雨),LJC-M255Q119
8981,LJC09263,LJC09263.jpg,92-63,119,255,ゆうだち (夕立雨),LJC-M255Q119
8982,LJC09264,LJC09264.jpg,92-64,119,255,ゆうだち (夕立雨),LJC-M255Q119
8983,LJC09265,LJC09265.jpg,92-65,119,255,ゆうだち (夕立雨),LJC-M255Q119
8984,LJC09266,LJC09266.jpg,92-66,119,255,ゆうだち (夕立雨),LJC-M255Q119
8985,LJC09267,LJC09267.jpg,92-67,119,255,ゆうだち (夕立雨),LJC-M255Q119
8986,LJC09268,LJC09268.jpg,92-68,119,255,ゆうだち (夕立雨),LJC-M255Q119
8987,LJC09269,LJC09269.jpg,92-69,119,255,ゆうだち (夕立雨),LJC-M255Q119
8988,LJC09270,LJC09270.jpg,92-70,119,255,ゆうだち (夕立雨),LJC-M255Q119
8989,LJC09271,LJC09271.jpg,92-71,119,255,ゆうだち (夕立雨),LJC-M255Q119
8990,LJC09272,LJC09272.jpg,92-72,119,255,ゆうだち (夕立雨),LJC-M255Q119
8991,LJC09273,LJC09273.jpg,92-73,119,255,ゆうだち (夕立雨),LJC-M255Q119
8992,LJC09274,LJC09274.jpg,92-74,119,255,ゆうだち (夕立雨),LJC-M255Q119
8993,LJC09275,LJC09275.jpg,92-75,119,255,ゆうだち (夕立雨),LJC-M255Q119
8994,LJC09276,LJC09276.jpg,92-76,119,255,ゆうだち (夕立雨),LJC-M255Q119
8995,LJC09277,LJC09277.jpg,92-77,119,255,ゆうだち (夕立雨),LJC-M255Q119
8996,LJC09278,LJC09278.jpg,92-78,119,255,ゆうだち (夕立雨),LJC-M255Q119
8997,LJC09279,LJC09279.jpg,92-79,119,255,ゆうだち (夕立雨),LJC-M255Q119
8998,LJC09280,LJC09280.jpg,92-80,119,255,ゆうだち (夕立雨),LJC-M255Q119
8999,LJC09281,LJC09281.jpg,92-81,119,255,ゆうだち (夕立雨),LJC-M255Q119
9000,LJC09282,LJC09282.jpg,92-82,119,255,ゆうだち (夕立雨),LJC-M255Q119
9001,LJC09283,LJC09283.jpg,92-83,119,255,ゆうだち (夕立雨),LJC-M255Q119
9002,LJC09284,LJC09284.jpg,92-84,119,255,ゆうだち (夕立雨),LJC-M255Q119
9003,LJC09285,LJC09285.jpg,92-85,119,255,ゆうだち (夕立雨),LJC-M255Q119
9004,LJC09286,LJC09286.jpg,92-86,119,255,ゆうだち (夕立雨),LJC-M255Q119
9005,LJC09287,LJC09287.jpg,92-87,119,255,ゆうだち (夕立雨),LJC-M255Q119
9006,LJC09288,LJC09288.jpg,92-88,119,255,ゆうだち (夕立雨),LJC-M255Q119
9007,LJC09289,LJC09289.jpg,92-89,119,255,ゆうだち (夕立雨),LJC-M255Q119
9008,LJC09290,LJC09290.jpg,92-90,119,255,ゆうだち (夕立雨),LJC-M255Q119
9009,LJC09291,LJC09291.jpg,92-91,119,255,ゆうだち (夕立雨),LJC-M255Q119
9010,LJC09292,LJC09292.jpg,92-92,119,255,ゆうだち (夕立雨),LJC-M255Q119
9011,LJC09293,LJC09293.jpg,92-93,119,255,ゆうだち (夕立雨),LJC-M255Q119
9012,LJC09294,LJC09294.jpg,92-94,119,255,ゆうだち (夕立雨),LJC-M255Q119
9013,LJC09295,LJC09295.jpg,92-95,119,255,ゆうだち (夕立雨),LJC-M255Q119
9014,LJC09296,LJC09296.jpg,92-96,119,255,ゆうだち (夕立雨),LJC-M255Q119
9015,LJC09297,LJC09297.jpg,92-97,119,255,ゆうだち (夕立雨),LJC-M255Q119
9016,LJC09298,LJC09298.jpg,92-98,119,255,ゆうだち (夕立雨),LJC-M255Q119
9017,LJC09301,LJC09301.jpg,93-01,119,255,ゆうだち (夕立雨),LJC-M255Q119
9018,LJC09302,LJC09302.jpg,93-02,119,255,ゆうだち (夕立雨),LJC-M255Q119
9019,LJC09303,LJC09303.jpg,93-03,119,255,ゆうだち (夕立雨),LJC-M255Q119
9020,LJC09304,LJC09304.jpg,93-04,119,255,ゆうだち (夕立雨),LJC-M255Q119
9021,LJC09305,LJC09305.jpg,93-05,119,255,ゆうだち (夕立雨),LJC-M255Q119
9022,LJC09306,LJC09306.jpg,93-06,119,255,ゆうだち (夕立雨),LJC-M255Q119
9023,LJC09307,LJC09307.jpg,93-07,119,255,ゆうだち (夕立雨),LJC-M255Q119
9024,LJC09308,LJC09308.jpg,93-08,120,256,かみなり (雷),LJC-M256Q120
9025,LJC09309,LJC09309.jpg,93-09,120,256,かみなり (雷),LJC-M256Q120
9026,LJC09310,LJC09310.jpg,93-10,120,256,かみなり (雷),LJC-M256Q120
9027,LJC09311,LJC09311.jpg,93-11,120,256,かみなり (雷),LJC-M256Q120
9028,LJC09312,LJC09312.jpg,93-12,120,256,かみなり (雷),LJC-M256Q120
9029,LJC09313,LJC09313.jpg,93-13,120,256,かみなり (雷),LJC-M256Q120
9030,LJC09314,LJC09314.jpg,93-14,120,256,かみなり (雷),LJC-M256Q120
9031,LJC09315,LJC09315.jpg,93-15,120,256,かみなり (雷),LJC-M256Q120
9032,LJC09316,LJC09316.jpg,93-16,120,256,かみなり (雷),LJC-M256Q120
9033,LJC09317,LJC09317.jpg,93-17,120,256,かみなり (雷),LJC-M256Q120
9034,LJC09318,LJC09318.jpg,93-18,120,256,かみなり (雷),LJC-M256Q120
9035,LJC09319,LJC09319.jpg,93-19,120,256,かみなり (雷),LJC-M256Q120
9036,LJC09320,LJC09320.jpg,93-20,120,256,かみなり (雷),LJC-M256Q120
9037,LJC09321,LJC09321.jpg,93-21,120,256,かみなり (雷),LJC-M256Q120
9038,LJC09322,LJC09322.jpg,93-22,120,256,かみなり (雷),LJC-M256Q120
9039,LJC09323,LJC09323.jpg,93-23,120,256,かみなり (雷),LJC-M256Q120
9040,LJC09324,LJC09324.jpg,93-24,120,256,かみなり (雷),LJC-M256Q120
9041,LJC09325,LJC09325.jpg,93-25,120,256,かみなり (雷),LJC-M256Q120
9042,LJC09326,LJC09326.jpg,93-26,120,256,かみなり (雷),LJC-M256Q120
9043,LJC09327,LJC09327.jpg,93-27,120,256,かみなり (雷),LJC-M256Q120
9044,LJC09328,LJC09328.jpg,93-28,120,256,かみなり (雷),LJC-M256Q120
9045,LJC09329,LJC09329.jpg,93-29,120,256,かみなり (雷),LJC-M256Q120
9046,LJC09330,LJC09330.jpg,93-30,120,256,かみなり (雷),LJC-M256Q120
9047,LJC09331,LJC09331.jpg,93-31,120,256,かみなり (雷),LJC-M256Q120
9048,LJC09332,LJC09332.jpg,93-32,120,256,かみなり (雷),LJC-M256Q120
9049,LJC09333,LJC09333.jpg,93-33,120,256,かみなり (雷),LJC-M256Q120
9050,LJC09334,LJC09334.jpg,93-34,120,256,かみなり (雷),LJC-M256Q120
9051,LJC09335,LJC09335.jpg,93-35,120,256,かみなり (雷),LJC-M256Q120
9052,LJC09336,LJC09336.jpg,93-36,120,256,かみなり (雷),LJC-M256Q120
9053,LJC09337,LJC09337.jpg,93-37,120,256,かみなり (雷),LJC-M256Q120
9054,LJC09338,LJC09338.jpg,93-38,120,256,かみなり (雷),LJC-M256Q120
9055,LJC09339,LJC09339.jpg,93-39,120,256,かみなり (雷),LJC-M256Q120
9056,LJC09340,LJC09340.jpg,93-40,120,256,かみなり (雷),LJC-M256Q120
9057,LJC09341,LJC09341.jpg,93-41,120,256,かみなり (雷),LJC-M256Q120
9058,LJC09342,LJC09342.jpg,93-42,120,256,かみなり (雷),LJC-M256Q120
9059,LJC09343,LJC09343.jpg,93-43,120,256,かみなり (雷),LJC-M256Q120
9060,LJC09344,LJC09344.jpg,93-44,120,256,かみなり (雷),LJC-M256Q120
9061,LJC09345,LJC09345.jpg,93-45,120,256,かみなり (雷),LJC-M256Q120
9062,LJC09346,LJC09346.jpg,93-46,120,256,かみなり (雷),LJC-M256Q120
9063,LJC09347,LJC09347.jpg,93-47,120,256,かみなり (雷),LJC-M256Q120
9064,LJC09348,LJC09348.jpg,93-48,120,256,かみなり (雷),LJC-M256Q120
9065,LJC09349,LJC09349.jpg,93-49,120,256,かみなり (雷),LJC-M256Q120
9066,LJC09350,LJC09350.jpg,93-50,120,256,かみなり (雷),LJC-M256Q120
9067,LJC09351,LJC09351.jpg,93-51,120,256,かみなり (雷),LJC-M256Q120
9068,LJC09352,LJC09352.jpg,93-52,120,256,かみなり (雷),LJC-M256Q120
9069,LJC09353,LJC09353.jpg,93-53,120,256,かみなり (雷),LJC-M256Q120
9070,LJC09354,LJC09354.jpg,93-54,120,256,かみなり (雷),LJC-M256Q120
9071,LJC09355,LJC09355.jpg,93-55,120,256,かみなり (雷),LJC-M256Q120
9072,LJC09356,LJC09356.jpg,93-56,120,256,かみなり (雷),LJC-M256Q120
9073,LJC09357,LJC09357.jpg,93-57,120,256,かみなり (雷),LJC-M256Q120
9074,LJC09358,LJC09358.jpg,93-58,120,256,かみなり (雷),LJC-M256Q120
9075,LJC09359,LJC09359.jpg,93-59,120,256,かみなり (雷),LJC-M256Q120
9076,LJC09360,LJC09360.jpg,93-60,120,256,かみなり (雷),LJC-M256Q120
9077,LJC09361,LJC09361.jpg,93-61,120,256,かみなり (雷),LJC-M256Q120
9078,LJC09362,LJC09362.jpg,93-62,120,256,かみなり (雷),LJC-M256Q120
9079,LJC09363,LJC09363.jpg,93-63,120,256,かみなり (雷),LJC-M256Q120
9080,LJC09364,LJC09364.jpg,93-64,120,256,かみなり (雷),LJC-M256Q120
9081,LJC09365,LJC09365.jpg,93-65,120,256,かみなり (雷),LJC-M256Q120
9082,LJC09366,LJC09366.jpg,93-66,120,256,かみなり (雷),LJC-M256Q120
9083,LJC09367,LJC09367.jpg,93-67,120,256,かみなり (雷),LJC-M256Q120
9084,LJC09368,LJC09368.jpg,93-68,120,256,かみなり (雷),LJC-M256Q120
9085,LJC09369,LJC09369.jpg,93-69,120,256,かみなり (雷),LJC-M256Q120
9086,LJC09370,LJC09370.jpg,93-70,120,256,かみなり (雷),LJC-M256Q120
9087,LJC09371,LJC09371.jpg,93-71,120,256,かみなり (雷),LJC-M256Q120
9088,LJC09372,LJC09372.jpg,93-72,120,256,かみなり (雷),LJC-M256Q120
9089,LJC09373,LJC09373.jpg,93-73,120,256,かみなり (雷),LJC-M256Q120
9090,LJC09374,LJC09374.jpg,93-74,120,256,かみなり (雷),LJC-M256Q120
9091,LJC09375,LJC09375.jpg,93-75,120,256,かみなり (雷),LJC-M256Q120
9092,LJC09376,LJC09376.jpg,93-76,120,256,かみなり (雷),LJC-M256Q120
9093,LJC09377,LJC09377.jpg,93-77,122,258,いなずま (稲妻・電光),LJC-M258Q122
9094,LJC09378,LJC09378.jpg,93-78,122,258,いなずま (稲妻・電光),LJC-M258Q122
9095,LJC09379,LJC09379.jpg,93-79,122,258,いなずま (稲妻・電光),LJC-M258Q122
9096,LJC09380,LJC09380.jpg,93-80,122,258,いなずま (稲妻・電光),LJC-M258Q122
9097,LJC09381,LJC09381.jpg,93-81,122,258,いなずま (稲妻・電光),LJC-M258Q122
9098,LJC09382,LJC09382.jpg,93-82,122,258,いなずま (稲妻・電光),LJC-M258Q122
9099,LJC09383,LJC09383.jpg,93-83,122,258,いなずま (稲妻・電光),LJC-M258Q122
9100,LJC09384,LJC09384.jpg,93-84,122,258,いなずま (稲妻・電光),LJC-M258Q122
9101,LJC09385,LJC09385.jpg,93-85,122,258,いなずま (稲妻・電光),LJC-M258Q122
9102,LJC09386,LJC09386.jpg,93-86,122,258,いなずま (稲妻・電光),LJC-M258Q122
9103,LJC09387,LJC09387.jpg,93-87,122,258,いなずま (稲妻・電光),LJC-M258Q122
9104,LJC09388,LJC09388.jpg,93-88,122,258,いなずま (稲妻・電光),LJC-M258Q122
9105,LJC09389,LJC09389.jpg,93-89,122,258,いなずま (稲妻・電光),LJC-M258Q122
9106,LJC09390,LJC09390.jpg,93-90,122,258,いなずま (稲妻・電光),LJC-M258Q122
9107,LJC09391,LJC09391.jpg,93-91,122,258,いなずま (稲妻・電光),LJC-M258Q122
9108,LJC09392,LJC09392.jpg,93-92,122,258,いなずま (稲妻・電光),LJC-M258Q122
9109,LJC09393,LJC09393.jpg,93-93,122,258,いなずま (稲妻・電光),LJC-M258Q122
9110,LJC09394,LJC09394.jpg,93-94,122,258,いなずま (稲妻・電光),LJC-M258Q122
9111,LJC09395,LJC09395.jpg,93-95,122,258,いなずま (稲妻・電光),LJC-M258Q122
9112,LJC09396,LJC09396.jpg,93-96,122,258,いなずま (稲妻・電光),LJC-M258Q122
9113,LJC09397,LJC09397.jpg,93-97,122,258,いなずま (稲妻・電光),LJC-M258Q122
9114,LJC09398,LJC09398.jpg,93-98,122,258,いなずま (稲妻・電光),LJC-M258Q122
9115,LJC09401,LJC09401.jpg,94-01,122,258,いなずま (稲妻・電光),LJC-M258Q122
9116,LJC09402,LJC09402.jpg,94-02,122,258,いなずま (稲妻・電光),LJC-M258Q122
9117,LJC09403,LJC09403.jpg,94-03,122,258,いなずま (稲妻・電光),LJC-M258Q122
9118,LJC09404,LJC09404.jpg,94-04,122,258,いなずま (稲妻・電光),LJC-M258Q122
9119,LJC09405,LJC09405.jpg,94-05,122,258,いなずま (稲妻・電光),LJC-M258Q122
9120,LJC09406,LJC09406.jpg,94-06,122,258,いなずま (稲妻・電光),LJC-M258Q122
9121,LJC09407,LJC09407.jpg,94-07,122,258,いなずま (稲妻・電光),LJC-M258Q122
9122,LJC09408,LJC09408.jpg,94-08,122,258,いなずま (稲妻・電光),LJC-M258Q122
9123,LJC09409,LJC09409.jpg,94-09,122,258,いなずま (稲妻・電光),LJC-M258Q122
9124,LJC09410,LJC09410.jpg,94-10,122,258,いなずま (稲妻・電光),LJC-M258Q122
9125,LJC09411,LJC09411.jpg,94-11,122,258,いなずま (稲妻・電光),LJC-M258Q122
9126,LJC09412,LJC09412.jpg,94-12,122,258,いなずま (稲妻・電光),LJC-M258Q122
9127,LJC09413,LJC09413.jpg,94-13,122,258,いなずま (稲妻・電光),LJC-M258Q122
9128,LJC09414,LJC09414.jpg,94-14,122,258,いなずま (稲妻・電光),LJC-M258Q122
9129,LJC09415,LJC09415.jpg,94-15,122,258,いなずま (稲妻・電光),LJC-M258Q122
9130,LJC09416,LJC09416.jpg,94-16,122,258,いなずま (稲妻・電光),LJC-M258Q122
9131,LJC09417,LJC09417.jpg,94-17,122,258,いなずま (稲妻・電光),LJC-M258Q122
9132,LJC09418,LJC09418.jpg,94-18,122,258,いなずま (稲妻・電光),LJC-M258Q122
9133,LJC09419,LJC09419.jpg,94-19,122,258,いなずま (稲妻・電光),LJC-M258Q122
9134,LJC09420,LJC09420.jpg,94-20,122,258,いなずま (稲妻・電光),LJC-M258Q122
9135,LJC09421,LJC09421.jpg,94-21,122,258,いなずま (稲妻・電光),LJC-M258Q122
9136,LJC09422,LJC09422.jpg,94-22,122,258,いなずま (稲妻・電光),LJC-M258Q122
9137,LJC09423,LJC09423.jpg,94-23,122,258,いなずま (稲妻・電光),LJC-M258Q122
9138,LJC09424,LJC09424.jpg,94-24,122,258,いなずま (稲妻・電光),LJC-M258Q122
9139,LJC09425,LJC09425.jpg,94-25,122,258,いなずま (稲妻・電光),LJC-M258Q122
9140,LJC09426,LJC09426.jpg,94-26,122,258,いなずま (稲妻・電光),LJC-M258Q122
9141,LJC09427,LJC09427.jpg,94-27,122,258,いなずま (稲妻・電光),LJC-M258Q122
9142,LJC09428,LJC09428.jpg,94-28,122,258,いなずま (稲妻・電光),LJC-M258Q122
9143,LJC09429,LJC09429.jpg,94-29,122,258,いなずま (稲妻・電光),LJC-M258Q122
9144,LJC09430,LJC09430.jpg,94-30,122,258,いなずま (稲妻・電光),LJC-M258Q122
9145,LJC09431,LJC09431.jpg,94-31,122,258,いなずま (稲妻・電光),LJC-M258Q122
9146,LJC09432,LJC09432.jpg,94-32,122,258,いなずま (稲妻・電光),LJC-M258Q122
9147,LJC09433,LJC09433.jpg,94-33,122,258,いなずま (稲妻・電光),LJC-M258Q122
9148,LJC09434,LJC09434.jpg,94-34,122,258,いなずま (稲妻・電光),LJC-M258Q122
9149,LJC09435,LJC09435.jpg,94-35,122,258,いなずま (稲妻・電光),LJC-M258Q122
9150,LJC09436,LJC09436.jpg,94-36,122,258,いなずま (稲妻・電光),LJC-M258Q122
9151,LJC09437,LJC09437.jpg,94-37,122,258,いなずま (稲妻・電光),LJC-M258Q122
9152,LJC09438,LJC09438.jpg,94-38,122,258,いなずま (稲妻・電光),LJC-M258Q122
9153,LJC09439,LJC09439.jpg,94-39,122,258,いなずま (稲妻・電光),LJC-M258Q122
9154,LJC09440,LJC09440.jpg,94-40,122,258,いなずま (稲妻・電光),LJC-M258Q122
9155,LJC09441,LJC09441.jpg,94-41,122,258,いなずま (稲妻・電光),LJC-M258Q122
9156,LJC09442,LJC09442.jpg,94-42,122,258,いなずま (稲妻・電光),LJC-M258Q122
9157,LJC09443,LJC09443.jpg,94-43,122,258,いなずま (稲妻・電光),LJC-M258Q122
9158,LJC09444,LJC09444.jpg,94-44,122,258,いなずま (稲妻・電光),LJC-M258Q122
9159,LJC09445,LJC09445.jpg,94-45,122,258,いなずま (稲妻・電光),LJC-M258Q122
9160,LJC09446,LJC09446.jpg,94-46,122,258,いなずま (稲妻・電光),LJC-M258Q122
9161,LJC09447,LJC09447.jpg,94-47,122,258,いなずま (稲妻・電光),LJC-M258Q122
9162,LJC09448,LJC09448.jpg,94-48,122,258,いなずま (稲妻・電光),LJC-M258Q122
9163,LJC09449,LJC09449.jpg,94-49,122,258,いなずま (稲妻・電光),LJC-M258Q122
9164,LJC09450,LJC09450.jpg,94-50,122,258,いなずま (稲妻・電光),LJC-M258Q122
9165,LJC09451,LJC09451.jpg,94-51,122,258,いなずま (稲妻・電光),LJC-M258Q122
9166,LJC09452,LJC09452.jpg,94-52,122,258,いなずま (稲妻・電光),LJC-M258Q122
9167,LJC09453,LJC09453.jpg,94-53,124,259,にじ (虹),LJC-M259Q124
9168,LJC09454,LJC09454.jpg,94-54,124,259,にじ (虹),LJC-M259Q124
9169,LJC09455,LJC09455.jpg,94-55,124,259,にじ (虹),LJC-M259Q124
9170,LJC09456,LJC09456.jpg,94-56,124,259,にじ (虹),LJC-M259Q124
9171,LJC09457,LJC09457.jpg,94-57,124,259,にじ (虹),LJC-M259Q124
9172,LJC09458,LJC09458.jpg,94-58,124,259,にじ (虹),LJC-M259Q124
9173,LJC09459,LJC09459.jpg,94-59,124,259,にじ (虹),LJC-M259Q124
9174,LJC09460,LJC09460.jpg,94-60,124,259,にじ (虹),LJC-M259Q124
9175,LJC09461,LJC09461.jpg,94-61,124,259,にじ (虹),LJC-M259Q124
9176,LJC09462,LJC09462.jpg,94-62,124,259,にじ (虹),LJC-M259Q124
9177,LJC09463,LJC09463.jpg,94-63,124,259,にじ (虹),LJC-M259Q124
9178,LJC09464,LJC09464.jpg,94-64,124,259,にじ (虹),LJC-M259Q124
9179,LJC09465,LJC09465.jpg,94-65,124,259,にじ (虹),LJC-M259Q124
9180,LJC09466,LJC09466.jpg,94-66,124,259,にじ (虹),LJC-M259Q124
9181,LJC09467,LJC09467.jpg,94-67,124,259,にじ (虹),LJC-M259Q124
9182,LJC09468,LJC09468.jpg,94-68,124,259,にじ (虹),LJC-M259Q124
9183,LJC09469,LJC09469.jpg,94-69,124,259,にじ (虹),LJC-M259Q124
9184,LJC09470,LJC09470.jpg,94-70,124,259,にじ (虹),LJC-M259Q124
9185,LJC09471,LJC09471.jpg,94-71,124,259,にじ (虹),LJC-M259Q124
9186,LJC09472,LJC09472.jpg,94-72,124,259,にじ (虹),LJC-M259Q124
9187,LJC09473,LJC09473.jpg,94-73,124,259,にじ (虹),LJC-M259Q124
9188,LJC09474,LJC09474.jpg,94-74,124,259,にじ (虹),LJC-M259Q124
9189,LJC09475,LJC09475.jpg,94-75,124,259,にじ (虹),LJC-M259Q124
9190,LJC09476,LJC09476.jpg,94-76,124,259,にじ (虹),LJC-M259Q124
9191,LJC09477,LJC09477.jpg,94-77,124,259,にじ (虹),LJC-M259Q124
9192,LJC09478,LJC09478.jpg,94-78,124,259,にじ (虹),LJC-M259Q124
9193,LJC09479,LJC09479.jpg,94-79,124,259,にじ (虹),LJC-M259Q124
9194,LJC09480,LJC09480.jpg,94-80,124,259,にじ (虹),LJC-M259Q124
9195,LJC09481,LJC09481.jpg,94-81,124,259,にじ (虹),LJC-M259Q124
9196,LJC09482,LJC09482.jpg,94-82,124,259,にじ (虹),LJC-M259Q124
9197,LJC09483,LJC09483.jpg,94-83,124,259,にじ (虹),LJC-M259Q124
9198,LJC09484,LJC09484.jpg,94-84,124,259,にじ (虹),LJC-M259Q124
9199,LJC09485,LJC09485.jpg,94-85,124,259,にじ (虹),LJC-M259Q124
9200,LJC09486,LJC09486.jpg,94-86,124,259,にじ (虹),LJC-M259Q124
9201,LJC09487,LJC09487.jpg,94-87,124,259,にじ (虹),LJC-M259Q124
9202,LJC09488,LJC09488.jpg,94-88,124,259,にじ (虹),LJC-M259Q124
9203,LJC09489,LJC09489.jpg,94-89,124,259,にじ (虹),LJC-M259Q124
9204,LJC09490,LJC09490.jpg,94-90,124,259,にじ (虹),LJC-M259Q124
9205,LJC09491,LJC09491.jpg,94-91,124,259,にじ (虹),LJC-M259Q124
9206,LJC09492,LJC09492.jpg,94-92,124,259,にじ (虹),LJC-M259Q124
9207,LJC09493,LJC09493.jpg,94-93,124,259,にじ (虹),LJC-M259Q124
9208,LJC09494,LJC09494.jpg,94-94,124,259,にじ (虹),LJC-M259Q124
9209,LJC09495,LJC09495.jpg,94-95,124,259,にじ (虹),LJC-M259Q124
9210,LJC09496,LJC09496.jpg,94-96,124,259,にじ (虹),LJC-M259Q124
9211,LJC09497,LJC09497.jpg,94-97,124,259,にじ (虹),LJC-M259Q124
9212,LJC09498,LJC09498.jpg,94-98,124,259,にじ (虹),LJC-M259Q124
9213,LJC09501,LJC09501.jpg,95-01,124,259,にじ (虹),LJC-M259Q124
9214,LJC09502,LJC09502.jpg,95-02,124,259,にじ (虹),LJC-M259Q124
9215,LJC09503,LJC09503.jpg,95-03,124,259,にじ (虹),LJC-M259Q124
9216,LJC09504,LJC09504.jpg,95-04,124,259,にじ (虹),LJC-M259Q124
9217,LJC09505,LJC09505.jpg,95-05,124,259,にじ (虹),LJC-M259Q124
9218,LJC09506,LJC09506.jpg,95-06,124,259,にじ (虹),LJC-M259Q124
9219,LJC09507,LJC09507.jpg,95-07,124,259,にじ (虹),LJC-M259Q124
9220,LJC09508,LJC09508.jpg,95-08,125,260,ゆき (雪),LJC-M260Q125
9221,LJC09509,LJC09509.jpg,95-09,125,260,ゆき (雪),LJC-M260Q125
9222,LJC09510,LJC09510.jpg,95-10,125,260,ゆき (雪),LJC-M260Q125
9223,LJC09511,LJC09511.jpg,95-11,125,260,ゆき (雪),LJC-M260Q125
9224,LJC09512,LJC09512.jpg,95-12,125,260,ゆき (雪),LJC-M260Q125
9225,LJC09513,LJC09513.jpg,95-13,125,260,ゆき (雪),LJC-M260Q125
9226,LJC09514,LJC09514.jpg,95-14,125,260,ゆき (雪),LJC-M260Q125
9227,LJC09515,LJC09515.jpg,95-15,125,260,ゆき (雪),LJC-M260Q125
9228,LJC09516,LJC09516.jpg,95-16,125,260,ゆき (雪),LJC-M260Q125
9229,LJC09517,LJC09517.jpg,95-17,125,260,ゆき (雪),LJC-M260Q125
9230,LJC09518,LJC09518.jpg,95-18,125,260,ゆき (雪),LJC-M260Q125
9231,LJC09519,LJC09519.jpg,95-19,125,260,ゆき (雪),LJC-M260Q125
9232,LJC09520,LJC09520.jpg,95-20,125,260,ゆき (雪),LJC-M260Q125
9233,LJC09521,LJC09521.jpg,95-21,125,260,ゆき (雪),LJC-M260Q125
9234,LJC09522,LJC09522.jpg,95-22,125,260,ゆき (雪),LJC-M260Q125
9235,LJC09523,LJC09523.jpg,95-23,126,261,こおり (氷),LJC-M261Q126
9236,LJC09524,LJC09524.jpg,95-24,126,261,こおり (氷),LJC-M261Q126
9237,LJC09525,LJC09525.jpg,95-25,126,261,こおり (氷),LJC-M261Q126
9238,LJC09526,LJC09526.jpg,95-26,126,261,こおり (氷),LJC-M261Q126
9239,LJC09527,LJC09527.jpg,95-27,126,261,こおり (氷),LJC-M261Q126
9240,LJC09528,LJC09528.jpg,95-28,126,261,こおり (氷),LJC-M261Q126
9241,LJC09529,LJC09529.jpg,95-29,126,261,こおり (氷),LJC-M261Q126
9242,LJC09530,LJC09530.jpg,95-30,126,261,こおり (氷),LJC-M261Q126
9243,LJC09531,LJC09531.jpg,95-31,126,261,こおり (氷),LJC-M261Q126
9244,LJC09532,LJC09532.jpg,95-32,126,261,こおり (氷),LJC-M261Q126
9245,LJC09533,LJC09533.jpg,95-33,126,261,こおり (氷),LJC-M261Q126
9246,LJC09534,LJC09534.jpg,95-34,126,261,こおり (氷),LJC-M261Q126
9247,LJC09535,LJC09535.jpg,95-35,126,261,こおり (氷),LJC-M261Q126
9248,LJC09536,LJC09536.jpg,95-36,126,261,こおり (氷),LJC-M261Q126
9249,LJC09537,LJC09537.jpg,95-37,126,261,こおり (氷),LJC-M261Q126
9250,LJC09538,LJC09538.jpg,95-38,126,261,こおり (氷),LJC-M261Q126
9251,LJC09539,LJC09539.jpg,95-39,126,261,こおり (氷),LJC-M261Q126
9252,LJC09540,LJC09540.jpg,95-40,126,261,こおり (氷),LJC-M261Q126
9253,LJC09541,LJC09541.jpg,95-41,126,261,こおり (氷),LJC-M261Q126
9254,LJC09542,LJC09542.jpg,95-42,126,261,こおり (氷),LJC-M261Q126
9255,LJC09543,LJC09543.jpg,95-43,126,261,こおり (氷),LJC-M261Q126
9256,LJC09544,LJC09544.jpg,95-44,126,261,こおり (氷),LJC-M261Q126
9257,LJC09545,LJC09545.jpg,95-45,126,261,こおり (氷),LJC-M261Q126
9258,LJC09546,LJC09546.jpg,95-46,126,261,こおり (氷),LJC-M261Q126
9259,LJC09547,LJC09547.jpg,95-47,126,261,こおり (氷),LJC-M261Q126
9260,LJC09548,LJC09548.jpg,95-48,126,261,こおり (氷),LJC-M261Q126
9261,LJC09549,LJC09549.jpg,95-49,126,261,こおり (氷),LJC-M261Q126
9262,LJC09550,LJC09550.jpg,95-50,126,261,こおり (氷),LJC-M261Q126
9263,LJC09551,LJC09551.jpg,95-51,126,261,こおり (氷),LJC-M261Q126
9264,LJC09552,LJC09552.jpg,95-52,126,261,こおり (氷),LJC-M261Q126
9265,LJC09553,LJC09553.jpg,95-53,126,261,こおり (氷),LJC-M261Q126
9266,LJC09554,LJC09554.jpg,95-54,126,261,こおり (氷),LJC-M261Q126
9267,LJC09555,LJC09555.jpg,95-55,126,261,こおり (氷),LJC-M261Q126
9268,LJC09556,LJC09556.jpg,95-56,126,261,こおり (氷),LJC-M261Q126
9269,LJC09557,LJC09557.jpg,95-57,126,261,こおり (氷),LJC-M261Q126
9270,LJC09558,LJC09558.jpg,95-58,126,261,こおり (氷),LJC-M261Q126
9271,LJC09559,LJC09559.jpg,95-59,126,261,こおり (氷),LJC-M261Q126
9272,LJC09560,LJC09560.jpg,95-60,126,261,こおり (氷),LJC-M261Q126
9273,LJC09561,LJC09561.jpg,95-61,126,261,こおり (氷),LJC-M261Q126
9274,LJC09562,LJC09562.jpg,95-62,126,261,こおり (氷),LJC-M261Q126
9275,LJC09563,LJC09563.jpg,95-63,126,261,こおり (氷),LJC-M261Q126
9276,LJC09564,LJC09564.jpg,95-64,126,261,こおり (氷),LJC-M261Q126
9277,LJC09565,LJC09565.jpg,95-65,126,261,こおり (氷),LJC-M261Q126
9278,LJC09566,LJC09566.jpg,95-66,126,261,こおり (氷),LJC-M261Q126
9279,LJC09567,LJC09567.jpg,95-67,126,261,こおり (氷),LJC-M261Q126
9280,LJC09568,LJC09568.jpg,95-68,126,261,こおり (氷),LJC-M261Q126
9281,LJC09569,LJC09569.jpg,95-69,126,261,こおり (氷),LJC-M261Q126
9282,LJC09570,LJC09570.jpg,95-70,126,261,こおり (氷),LJC-M261Q126
9283,LJC09571,LJC09571.jpg,95-71,126,261,こおり (氷),LJC-M261Q126
9284,LJC09572,LJC09572.jpg,95-72,126,261,こおり (氷),LJC-M261Q126
9285,LJC09573,LJC09573.jpg,95-73,126,261,こおり (氷),LJC-M261Q126
9286,LJC09574,LJC09574.jpg,95-74,129,262,つらら (氷柱),LJC-M262Q129
9287,LJC09575,LJC09575.jpg,95-75,129,262,つらら (氷柱),LJC-M262Q129
9288,LJC09576,LJC09576.jpg,95-76,129,262,つらら (氷柱),LJC-M262Q129
9289,LJC09577,LJC09577.jpg,95-77,129,262,つらら (氷柱),LJC-M262Q129
9290,LJC09578,LJC09578.jpg,95-78,129,262,つらら (氷柱),LJC-M262Q129
9291,LJC09579,LJC09579.jpg,95-79,129,262,つらら (氷柱),LJC-M262Q129
9292,LJC09580,LJC09580.jpg,95-80,129,262,つらら (氷柱),LJC-M262Q129
9293,LJC09581,LJC09581.jpg,95-81,129,262,つらら (氷柱),LJC-M262Q129
9294,LJC09582,LJC09582.jpg,95-82,129,262,つらら (氷柱),LJC-M262Q129
9295,LJC09583,LJC09583.jpg,95-83,129,262,つらら (氷柱),LJC-M262Q129
9296,LJC09584,LJC09584.jpg,95-84,129,262,つらら (氷柱),LJC-M262Q129
9297,LJC09585,LJC09585.jpg,95-85,129,262,つらら (氷柱),LJC-M262Q129
9298,LJC09586,LJC09586.jpg,95-86,129,262,つらら (氷柱),LJC-M262Q129
9299,LJC09587,LJC09587.jpg,95-87,129,262,つらら (氷柱),LJC-M262Q129
9300,LJC09588,LJC09588.jpg,95-88,129,262,つらら (氷柱),LJC-M262Q129
9301,LJC09589,LJC09589.jpg,95-89,129,262,つらら (氷柱),LJC-M262Q129
9302,LJC09590,LJC09590.jpg,95-90,129,262,つらら (氷柱),LJC-M262Q129
9303,LJC09591,LJC09591.jpg,95-91,129,262,つらら (氷柱),LJC-M262Q129
9304,LJC09592,LJC09592.jpg,95-92,129,262,つらら (氷柱),LJC-M262Q129
9305,LJC09593,LJC09593.jpg,95-93,129,262,つらら (氷柱),LJC-M262Q129
9306,LJC09594,LJC09594.jpg,95-94,129,262,つらら (氷柱),LJC-M262Q129
9307,LJC09595,LJC09595.jpg,95-95,129,262,つらら (氷柱),LJC-M262Q129
9308,LJC09596,LJC09596.jpg,95-96,129,262,つらら (氷柱),LJC-M262Q129
9309,LJC09597,LJC09597.jpg,95-97,129,262,つらら (氷柱),LJC-M262Q129
9310,LJC09598,LJC09598.jpg,95-98,129,262,つらら (氷柱),LJC-M262Q129
9311,LJC09601,LJC09601.jpg,96-01,129,262,つらら (氷柱),LJC-M262Q129
9312,LJC09602,LJC09602.jpg,96-02,129,262,つらら (氷柱),LJC-M262Q129
9313,LJC09603,LJC09603.jpg,96-03,129,262,つらら (氷柱),LJC-M262Q129
9314,LJC09604,LJC09604.jpg,96-04,129,262,つらら (氷柱),LJC-M262Q129
9315,LJC09605,LJC09605.jpg,96-05,129,262,つらら (氷柱),LJC-M262Q129
9316,LJC09606,LJC09606.jpg,96-06,129,262,つらら (氷柱),LJC-M262Q129
9317,LJC09607,LJC09607.jpg,96-07,129,262,つらら (氷柱),LJC-M262Q129
9318,LJC09608,LJC09608.jpg,96-08,129,262,つらら (氷柱),LJC-M262Q129
9319,LJC09609,LJC09609.jpg,96-09,129,262,つらら (氷柱),LJC-M262Q129
9320,LJC09610,LJC09610.jpg,96-10,129,262,つらら (氷柱),LJC-M262Q129
9321,LJC09611,LJC09611.jpg,96-11,129,262,つらら (氷柱),LJC-M262Q129
9322,LJC09612,LJC09612.jpg,96-12,129,262,つらら (氷柱),LJC-M262Q129
9323,LJC09613,LJC09613.jpg,96-13,129,262,つらら (氷柱),LJC-M262Q129
9324,LJC09614,LJC09614.jpg,96-14,129,262,つらら (氷柱),LJC-M262Q129
9325,LJC09615,LJC09615.jpg,96-15,129,262,つらら (氷柱),LJC-M262Q129
9326,LJC09616,LJC09616.jpg,96-16,129,262,つらら (氷柱),LJC-M262Q129
9327,LJC09617,LJC09617.jpg,96-17,129,262,つらら (氷柱),LJC-M262Q129
9328,LJC09618,LJC09618.jpg,96-18,129,262,つらら (氷柱),LJC-M262Q129
9329,LJC09619,LJC09619.jpg,96-19,129,262,つらら (氷柱),LJC-M262Q129
9330,LJC09620,LJC09620.jpg,96-20,129,262,つらら (氷柱),LJC-M262Q129
9331,LJC09621,LJC09621.jpg,96-21,129,262,つらら (氷柱),LJC-M262Q129
9332,LJC09622,LJC09622.jpg,96-22,129,262,つらら (氷柱),LJC-M262Q129
9333,LJC09623,LJC09623.jpg,96-23,129,262,つらら (氷柱),LJC-M262Q129
9334,LJC09624,LJC09624.jpg,96-24,129,262,つらら (氷柱),LJC-M262Q129
9335,LJC09625,LJC09625.jpg,96-25,129,262,つらら (氷柱),LJC-M262Q129
9336,LJC09626,LJC09626.jpg,96-26,129,262,つらら (氷柱),LJC-M262Q129
9337,LJC09627,LJC09627.jpg,96-27,129,262,つらら (氷柱),LJC-M262Q129
9338,LJC09628,LJC09628.jpg,96-28,129,262,つらら (氷柱),LJC-M262Q129
9339,LJC09629,LJC09629.jpg,96-29,129,262,つらら (氷柱),LJC-M262Q129
9340,LJC09630,LJC09630.jpg,96-30,129,262,つらら (氷柱),LJC-M262Q129
9341,LJC09631,LJC09631.jpg,96-31,129,262,つらら (氷柱),LJC-M262Q129
9342,LJC09632,LJC09632.jpg,96-32,129,262,つらら (氷柱),LJC-M262Q129
9343,LJC09633,LJC09633.jpg,96-33,129,262,つらら (氷柱),LJC-M262Q129
9344,LJC09634,LJC09634.jpg,96-34,129,262,つらら (氷柱),LJC-M262Q129
9345,LJC09635,LJC09635.jpg,96-35,129,262,つらら (氷柱),LJC-M262Q129
9346,LJC09636,LJC09636.jpg,96-36,129,262,つらら (氷柱),LJC-M262Q129
9347,LJC09637,LJC09637.jpg,96-37,129,262,つらら (氷柱),LJC-M262Q129
9348,LJC09638,LJC09638.jpg,96-38,129,262,つらら (氷柱),LJC-M262Q129
9349,LJC09639,LJC09639.jpg,96-39,129,262,つらら (氷柱),LJC-M262Q129
9350,LJC09640,LJC09640.jpg,96-40,129,262,つらら (氷柱),LJC-M262Q129
9351,LJC09641,LJC09641.jpg,96-41,129,262,つらら (氷柱),LJC-M262Q129
9352,LJC09642,LJC09642.jpg,96-42,129,262,つらら (氷柱),LJC-M262Q129
9353,LJC09643,LJC09643.jpg,96-43,129,262,つらら (氷柱),LJC-M262Q129
9354,LJC09644,LJC09644.jpg,96-44,129,262,つらら (氷柱),LJC-M262Q129
9355,LJC09645,LJC09645.jpg,96-45,129,262,つらら (氷柱),LJC-M262Q129
9356,LJC09646,LJC09646.jpg,96-46,135,263,じしん (地震),LJC-M263Q135
9357,LJC09647,LJC09647.jpg,96-47,135,263,じしん (地震),LJC-M263Q135
9358,LJC09648,LJC09648.jpg,96-48,135,263,じしん (地震),LJC-M263Q135
9359,LJC09649,LJC09649.jpg,96-49,135,263,じしん (地震),LJC-M263Q135
9360,LJC09650,LJC09650.jpg,96-50,135,263,じしん (地震),LJC-M263Q135
9361,LJC09651,LJC09651.jpg,96-51,135,263,じしん (地震),LJC-M263Q135
9362,LJC09652,LJC09652.jpg,96-52,135,263,じしん (地震),LJC-M263Q135
9363,LJC09653,LJC09653.jpg,96-53,135,263,じしん (地震),LJC-M263Q135
9364,LJC09654,LJC09654.jpg,96-54,135,263,じしん (地震),LJC-M263Q135
9365,LJC09655,LJC09655.jpg,96-55,135,263,じしん (地震),LJC-M263Q135
9366,LJC09656,LJC09656.jpg,96-56,135,263,じしん (地震),LJC-M263Q135
9367,LJC09657,LJC09657.jpg,96-57,135,263,じしん (地震),LJC-M263Q135
9368,LJC09658,LJC09658.jpg,96-58,135,263,じしん (地震),LJC-M263Q135
9369,LJC09659,LJC09659.jpg,96-59,135,263,じしん (地震),LJC-M263Q135
9370,LJC09660,LJC09660.jpg,96-60,135,263,じしん (地震),LJC-M263Q135
9371,LJC09661,LJC09661.jpg,96-61,135,263,じしん (地震),LJC-M263Q135
9372,LJC09662,LJC09662.jpg,96-62,135,263,じしん (地震),LJC-M263Q135
9373,LJC09663,LJC09663.jpg,96-63,135,263,じしん (地震),LJC-M263Q135
9374,LJC09664,LJC09664.jpg,96-64,135,263,じしん (地震),LJC-M263Q135
9375,LJC09665,LJC09665.jpg,96-65,135,263,じしん (地震),LJC-M263Q135
9376,LJC09666,LJC09666.jpg,96-66,135,263,じしん (地震),LJC-M263Q135
9377,LJC09667,LJC09667.jpg,96-67,135,263,じしん (地震),LJC-M263Q135
9378,LJC09668,LJC09668.jpg,96-68,135,263,じしん (地震),LJC-M263Q135
9379,LJC09669,LJC09669.jpg,96-69,135,263,じしん (地震),LJC-M263Q135
9380,LJC09670,LJC09670.jpg,96-70,135,263,じしん (地震),LJC-M263Q135
9381,LJC09671,LJC09671.jpg,96-71,135,263,じしん (地震),LJC-M263Q135
9382,LJC09672,LJC09672.jpg,96-72,130,264,つむじかぜ (旋風),LJC-M264Q130
9383,LJC09673,LJC09673.jpg,96-73,130,264,つむじかぜ (旋風),LJC-M264Q130
9384,LJC09674,LJC09674.jpg,96-74,130,264,つむじかぜ (旋風),LJC-M264Q130
9385,LJC09675,LJC09675.jpg,96-75,130,264,つむじかぜ (旋風),LJC-M264Q130
9386,LJC09676,LJC09676.jpg,96-76,130,264,つむじかぜ (旋風),LJC-M264Q130
9387,LJC09677,LJC09677.jpg,96-77,130,264,つむじかぜ (旋風),LJC-M264Q130
9388,LJC09678,LJC09678.jpg,96-78,130,264,つむじかぜ (旋風),LJC-M264Q130
9389,LJC09679,LJC09679.jpg,96-79,130,264,つむじかぜ (旋風),LJC-M264Q130
9390,LJC09680,LJC09680.jpg,96-80,130,264,つむじかぜ (旋風),LJC-M264Q130
9391,LJC09681,LJC09681.jpg,96-81,130,264,つむじかぜ (旋風),LJC-M264Q130
9392,LJC09682,LJC09682.jpg,96-82,130,264,つむじかぜ (旋風),LJC-M264Q130
9393,LJC09683,LJC09683.jpg,96-83,130,264,つむじかぜ (旋風),LJC-M264Q130
9394,LJC09684,LJC09684.jpg,96-84,130,264,つむじかぜ (旋風),LJC-M264Q130
9395,LJC09685,LJC09685.jpg,96-85,130,264,つむじかぜ (旋風),LJC-M264Q130
9396,LJC09686,LJC09686.jpg,96-86,130,264,つむじかぜ (旋風),LJC-M264Q130
9397,LJC09687,LJC09687.jpg,96-87,130,264,つむじかぜ (旋風),LJC-M264Q130
9398,LJC09688,LJC09688.jpg,96-88,130,264,つむじかぜ (旋風),LJC-M264Q130
9399,LJC09689,LJC09689.jpg,96-89,130,264,つむじかぜ (旋風),LJC-M264Q130
9400,LJC09690,LJC09690.jpg,96-90,130,264,つむじかぜ (旋風),LJC-M264Q130
9401,LJC09691,LJC09691.jpg,96-91,130,264,つむじかぜ (旋風),LJC-M264Q130
9402,LJC09692,LJC09692.jpg,96-92,130,264,つむじかぜ (旋風),LJC-M264Q130
9403,LJC09693,LJC09693.jpg,96-93,130,264,つむじかぜ (旋風),LJC-M264Q130
9404,LJC09694,LJC09694.jpg,96-94,130,264,つむじかぜ (旋風),LJC-M264Q130
9405,LJC09695,LJC09695.jpg,96-95,130,264,つむじかぜ (旋風),LJC-M264Q130
9406,LJC09696,LJC09696.jpg,96-96,130,264,つむじかぜ (旋風),LJC-M264Q130
9407,LJC09697,LJC09697.jpg,96-97,130,264,つむじかぜ (旋風),LJC-M264Q130
9408,LJC09698,LJC09698.jpg,96-98,130,264,つむじかぜ (旋風),LJC-M264Q130
9409,LJC09701,LJC09701.jpg,97-01,130,264,つむじかぜ (旋風),LJC-M264Q130
9410,LJC09702,LJC09702.jpg,97-02,130,264,つむじかぜ (旋風),LJC-M264Q130
9411,LJC09703,LJC09703.jpg,97-03,130,264,つむじかぜ (旋風),LJC-M264Q130
9412,LJC09704,LJC09704.jpg,97-04,130,264,つむじかぜ (旋風),LJC-M264Q130
9413,LJC09705,LJC09705.jpg,97-05,130,264,つむじかぜ (旋風),LJC-M264Q130
9414,LJC09706,LJC09706.jpg,97-06,130,264,つむじかぜ (旋風),LJC-M264Q130
9415,LJC09707,LJC09707.jpg,97-07,130,264,つむじかぜ (旋風),LJC-M264Q130
9416,LJC09708,LJC09708.jpg,97-08,130,264,つむじかぜ (旋風),LJC-M264Q130
9417,LJC09709,LJC09709.jpg,97-09,130,264,つむじかぜ (旋風),LJC-M264Q130
9418,LJC09710,LJC09710.jpg,97-10,130,264,つむじかぜ (旋風),LJC-M264Q130
9419,LJC09711,LJC09711.jpg,97-11,130,264,つむじかぜ (旋風),LJC-M264Q130
9420,LJC09712,LJC09712.jpg,97-12,130,264,つむじかぜ (旋風),LJC-M264Q130
9421,LJC09713,LJC09713.jpg,97-13,130,264,つむじかぜ (旋風),LJC-M264Q130
9422,LJC09714,LJC09714.jpg,97-14,130,264,つむじかぜ (旋風),LJC-M264Q130
9423,LJC09715,LJC09715.jpg,97-15,130,264,つむじかぜ (旋風),LJC-M264Q130
9424,LJC09716,LJC09716.jpg,97-16,130,264,つむじかぜ (旋風),LJC-M264Q130
9425,LJC09717,LJC09717.jpg,97-17,130,264,つむじかぜ (旋風),LJC-M264Q130
9426,LJC09718,LJC09718.jpg,97-18,130,264,つむじかぜ (旋風),LJC-M264Q130
9427,LJC09719,LJC09719.jpg,97-19,130,264,つむじかぜ (旋風),LJC-M264Q130
9428,LJC09720,LJC09720.jpg,97-20,130,264,つむじかぜ (旋風),LJC-M264Q130
9429,LJC09721,LJC09721.jpg,97-21,130,264,つむじかぜ (旋風),LJC-M264Q130
9430,LJC09722,LJC09722.jpg,97-22,130,264,つむじかぜ (旋風),LJC-M264Q130
9431,LJC09723,LJC09723.jpg,97-23,130,264,つむじかぜ (旋風),LJC-M264Q130
9432,LJC09724,LJC09724.jpg,97-24,130,264,つむじかぜ (旋風),LJC-M264Q130
9433,LJC09725,LJC09725.jpg,97-25,130,264,つむじかぜ (旋風),LJC-M264Q130
9434,LJC09726,LJC09726.jpg,97-26,130,264,つむじかぜ (旋風),LJC-M264Q130
9435,LJC09727,LJC09727.jpg,97-27,130,264,つむじかぜ (旋風),LJC-M264Q130
9436,LJC09728,LJC09728.jpg,97-28,130,264,つむじかぜ (旋風),LJC-M264Q130
9437,LJC09729,LJC09729.jpg,97-29,130,264,つむじかぜ (旋風),LJC-M264Q130
9438,LJC09730,LJC09730.jpg,97-30,130,264,つむじかぜ (旋風),LJC-M264Q130
9439,LJC09731,LJC09731.jpg,97-31,130,264,つむじかぜ (旋風),LJC-M264Q130
9440,LJC09732,LJC09732.jpg,97-32,130,264,つむじかぜ (旋風),LJC-M264Q130
9441,LJC09733,LJC09733.jpg,97-33,130,264,つむじかぜ (旋風),LJC-M264Q130
9442,LJC09734,LJC09734.jpg,97-34,130,264,つむじかぜ (旋風),LJC-M264Q130
9443,LJC09735,LJC09735.jpg,97-35,130,264,つむじかぜ (旋風),LJC-M264Q130
9444,LJC09736,LJC09736.jpg,97-36,130,264,つむじかぜ (旋風),LJC-M264Q130
9445,LJC09737,LJC09737.jpg,97-37,130,264,つむじかぜ (旋風),LJC-M264Q130
9446,LJC09738,LJC09738.jpg,97-38,130,264,つむじかぜ (旋風),LJC-M264Q130
9447,LJC09739,LJC09739.jpg,97-39,130,264,つむじかぜ (旋風),LJC-M264Q130
9448,LJC09740,LJC09740.jpg,97-40,130,264,つむじかぜ (旋風),LJC-M264Q130
9449,LJC09741,LJC09741.jpg,97-41,130,264,つむじかぜ (旋風),LJC-M264Q130
9450,LJC09742,LJC09742.jpg,97-42,130,264,つむじかぜ (旋風),LJC-M264Q130
9451,LJC09743,LJC09743.jpg,97-43,130,264,つむじかぜ (旋風),LJC-M264Q130
9452,LJC09744,LJC09744.jpg,97-44,130,264,つむじかぜ (旋風),LJC-M264Q130
9453,LJC09745,LJC09745.jpg,97-45,130,264,つむじかぜ (旋風),LJC-M264Q130
9454,LJC09746,LJC09746.jpg,97-46,130,264,つむじかぜ (旋風),LJC-M264Q130
9455,LJC09747,LJC09747.jpg,97-47,130,264,つむじかぜ (旋風),LJC-M264Q130
9456,LJC09748,LJC09748.jpg,97-48,130,264,つむじかぜ (旋風),LJC-M264Q130
9457,LJC09749,LJC09749.jpg,97-49,130,264,つむじかぜ (旋風),LJC-M264Q130
9458,LJC09750,LJC09750.jpg,97-50,130,264,つむじかぜ (旋風),LJC-M264Q130
9459,LJC09751,LJC09751.jpg,97-51,130,264,つむじかぜ (旋風),LJC-M264Q130
9460,LJC09752,LJC09752.jpg,97-52,130,264,つむじかぜ (旋風),LJC-M264Q130
9461,LJC09753,LJC09753.jpg,97-53,130,264,つむじかぜ (旋風),LJC-M264Q130
9462,LJC09754,LJC09754.jpg,97-54,130,264,つむじかぜ (旋風),LJC-M264Q130
9463,LJC09755,LJC09755.jpg,97-55,130,264,つむじかぜ (旋風),LJC-M264Q130
9464,LJC09756,LJC09756.jpg,97-56,130,264,つむじかぜ (旋風),LJC-M264Q130
9465,LJC09757,LJC09757.jpg,97-57,130,264,つむじかぜ (旋風),LJC-M264Q130
9466,LJC09758,LJC09758.jpg,97-58,130,264,つむじかぜ (旋風),LJC-M264Q130
9467,LJC09759,LJC09759.jpg,97-59,130,264,つむじかぜ (旋風),LJC-M264Q130
9468,LJC09760,LJC09760.jpg,97-60,271,265,けむり (煙),LJC-M265Q271
9469,LJC09761,LJC09761.jpg,97-61,271,265,けむり (煙),LJC-M265Q271
9470,LJC09762,LJC09762.jpg,97-62,271,265,けむり (煙),LJC-M265Q271
9471,LJC09763,LJC09763.jpg,97-63,271,265,けむり (煙),LJC-M265Q271
9472,LJC09764,LJC09764.jpg,97-64,271,265,けむり (煙),LJC-M265Q271
9473,LJC09765,LJC09765.jpg,97-65,271,265,けむり (煙),LJC-M265Q271
9474,LJC09766,LJC09766.jpg,97-66,271,265,けむり (煙),LJC-M265Q271
9475,LJC09767,LJC09767.jpg,97-67,271,265,けむり (煙),LJC-M265Q271
9476,LJC09768,LJC09768.jpg,97-68,271,265,けむり (煙),LJC-M265Q271
9477,LJC09769,LJC09769.jpg,97-69,271,265,けむり (煙),LJC-M265Q271
9478,LJC09770,LJC09770.jpg,97-70,271,265,けむり (煙),LJC-M265Q271
9479,LJC09771,LJC09771.jpg,97-71,271,265,けむり (煙),LJC-M265Q271
9480,LJC09772,LJC09772.jpg,97-72,271,265,けむり (煙),LJC-M265Q271
9481,LJC09773,LJC09773.jpg,97-73,271,265,けむり (煙),LJC-M265Q271
9482,LJC09774,LJC09774.jpg,97-74,271,265,けむり (煙),LJC-M265Q271
9483,LJC09775,LJC09775.jpg,97-75,271,265,けむり (煙),LJC-M265Q271
9484,LJC09776,LJC09776.jpg,97-76,271,265,けむり (煙),LJC-M265Q271
9485,LJC09777,LJC09777.jpg,97-77,271,265,けむり (煙),LJC-M265Q271
9486,LJC09778,LJC09778.jpg,97-78,271,265,けむり (煙),LJC-M265Q271
9487,LJC09779,LJC09779.jpg,97-79,152,266,ゆげ (蒸気―湯の場合),LJC-M266Q152
9488,LJC09780,LJC09780.jpg,97-80,152,266,ゆげ (蒸気―湯の場合),LJC-M266Q152
9489,LJC09781,LJC09781.jpg,97-81,152,266,ゆげ (蒸気―湯の場合),LJC-M266Q152
9490,LJC09782,LJC09782.jpg,97-82,152,266,ゆげ (蒸気―湯の場合),LJC-M266Q152
9491,LJC09783,LJC09783.jpg,97-83,152,266,ゆげ (蒸気―湯の場合),LJC-M266Q152
9492,LJC09784,LJC09784.jpg,97-84,152,266,ゆげ (蒸気―湯の場合),LJC-M266Q152
9493,LJC09785,LJC09785.jpg,97-85,152,266,ゆげ (蒸気―湯の場合),LJC-M266Q152
9494,LJC09786,LJC09786.jpg,97-86,152,266,ゆげ (蒸気―湯の場合),LJC-M266Q152
9495,LJC09787,LJC09787.jpg,97-87,152,266,ゆげ (蒸気―湯の場合),LJC-M266Q152
9496,LJC09788,LJC09788.jpg,97-88,152,266,ゆげ (蒸気―湯の場合),LJC-M266Q152
9497,LJC09789,LJC09789.jpg,97-89,152,266,ゆげ (蒸気―湯の場合),LJC-M266Q152
9498,LJC09790,LJC09790.jpg,97-90,152,266,ゆげ (蒸気―湯の場合),LJC-M266Q152
9499,LJC09791,LJC09791.jpg,97-91,152,266,ゆげ (蒸気―湯の場合),LJC-M266Q152
9500,LJC09792,LJC09792.jpg,97-92,152,266,ゆげ (蒸気―湯の場合),LJC-M266Q152
9501,LJC09793,LJC09793.jpg,97-93,152,266,ゆげ (蒸気―湯の場合),LJC-M266Q152
9502,LJC09794,LJC09794.jpg,97-94,152,266,ゆげ (蒸気―湯の場合),LJC-M266Q152
9503,LJC09795,LJC09795.jpg,97-95,152,266,ゆげ (蒸気―湯の場合),LJC-M266Q152
9504,LJC09796,LJC09796.jpg,97-96,152,266,ゆげ (蒸気―湯の場合),LJC-M266Q152
9505,LJC09797,LJC09797.jpg,97-97,152,266,ゆげ (蒸気―湯の場合),LJC-M266Q152
9506,LJC09798,LJC09798.jpg,97-98,152,266,ゆげ (蒸気―湯の場合),LJC-M266Q152
9507,LJC09801,LJC09801.jpg,98-01,152,266,ゆげ (蒸気―湯の場合),LJC-M266Q152
9508,LJC09802,LJC09802.jpg,98-02,152,266,ゆげ (蒸気―湯の場合),LJC-M266Q152
9509,LJC09803,LJC09803.jpg,98-03,152,266,ゆげ (蒸気―湯の場合),LJC-M266Q152
9510,LJC09804,LJC09804.jpg,98-04,152,266,ゆげ (蒸気―湯の場合),LJC-M266Q152
9511,LJC09805,LJC09805.jpg,98-05,152,266,ゆげ (蒸気―湯の場合),LJC-M266Q152
9512,LJC09806,LJC09806.jpg,98-06,152,266,ゆげ (蒸気―湯の場合),LJC-M266Q152
9513,LJC09807,LJC09807.jpg,98-07,152,266,ゆげ (蒸気―湯の場合),LJC-M266Q152
9514,LJC09808,LJC09808.jpg,98-08,152,266,ゆげ (蒸気―湯の場合),LJC-M266Q152
9515,LJC09809,LJC09809.jpg,98-09,152,266,ゆげ (蒸気―湯の場合),LJC-M266Q152
9516,LJC09810,LJC09810.jpg,98-10,152,266,ゆげ (蒸気―湯の場合),LJC-M266Q152
9517,LJC09811,LJC09811.jpg,98-11,152,266,ゆげ (蒸気―湯の場合),LJC-M266Q152
9518,LJC09812,LJC09812.jpg,98-12,152,266,ゆげ (蒸気―湯の場合),LJC-M266Q152
9519,LJC09813,LJC09813.jpg,98-13,152,266,ゆげ (蒸気―湯の場合),LJC-M266Q152
9520,LJC09814,LJC09814.jpg,98-14,152,266,ゆげ (蒸気―湯の場合),LJC-M266Q152
9521,LJC09815,LJC09815.jpg,98-15,152,266,ゆげ (蒸気―湯の場合),LJC-M266Q152
9522,LJC09816,LJC09816.jpg,98-16,152,266,ゆげ (蒸気―湯の場合),LJC-M266Q152
9523,LJC09817,LJC09817.jpg,98-17,152,266,ゆげ (蒸気―湯の場合),LJC-M266Q152
9524,LJC09818,LJC09818.jpg,98-18,152,266,ゆげ (蒸気―湯の場合),LJC-M266Q152
9525,LJC09819,LJC09819.jpg,98-19,152,266,ゆげ (蒸気―湯の場合),LJC-M266Q152
9526,LJC09820,LJC09820.jpg,98-20,152,266,ゆげ (蒸気―湯の場合),LJC-M266Q152
9527,LJC09821,LJC09821.jpg,98-21,152,266,ゆげ (蒸気―湯の場合),LJC-M266Q152
9528,LJC09822,LJC09822.jpg,98-22,152,266,ゆげ (蒸気―湯の場合),LJC-M266Q152
9529,LJC09823,LJC09823.jpg,98-23,153,267,ゆげ (蒸気―飯の場合),LJC-M266Q152
9530,LJC09824,LJC09824.jpg,98-24,153,267,ゆげ (蒸気―飯の場合),LJC-M266Q152
9531,LJC09825,LJC09825.jpg,98-25,153,267,ゆげ (蒸気―飯の場合),LJC-M266Q152
9532,LJC09826,LJC09826.jpg,98-26,153,267,ゆげ (蒸気―飯の場合),LJC-M266Q152
9533,LJC09827,LJC09827.jpg,98-27,153,267,ゆげ (蒸気―飯の場合),LJC-M266Q152
9534,LJC09828,LJC09828.jpg,98-28,153,267,ゆげ (蒸気―飯の場合),LJC-M266Q152
9535,LJC09829,LJC09829.jpg,98-29,153,267,ゆげ (蒸気―飯の場合),LJC-M266Q152
9536,LJC09830,LJC09830.jpg,98-30,153,267,ゆげ (蒸気―飯の場合),LJC-M266Q152
9537,LJC09831,LJC09831.jpg,98-31,153,267,ゆげ (蒸気―飯の場合),LJC-M266Q152
9538,LJC09832,LJC09832.jpg,98-32,153,267,ゆげ (蒸気―飯の場合),LJC-M266Q152
9539,LJC09833,LJC09833.jpg,98-33,153,267,ゆげ (蒸気―飯の場合),LJC-M266Q152
9540,LJC09834,LJC09834.jpg,98-34,153,267,ゆげ (蒸気―飯の場合),LJC-M266Q152
9541,LJC09835,LJC09835.jpg,98-35,153,267,ゆげ (蒸気―飯の場合),LJC-M266Q152
9542,LJC09836,LJC09836.jpg,98-36,153,267,ゆげ (蒸気―飯の場合),LJC-M266Q152
9543,LJC09837,LJC09837.jpg,98-37,153,267,ゆげ (蒸気―飯の場合),LJC-M266Q152
9544,LJC09838,LJC09838.jpg,98-38,153,267,ゆげ (蒸気―飯の場合),LJC-M266Q152
9545,LJC09839,LJC09839.jpg,98-39,153,267,ゆげ (蒸気―飯の場合),LJC-M266Q152
9546,LJC09840,LJC09840.jpg,98-40,153,267,ゆげ (蒸気―飯の場合),LJC-M266Q152
9547,LJC09841,LJC09841.jpg,98-41,153,267,ゆげ (蒸気―飯の場合),LJC-M266Q152
9548,LJC09842,LJC09842.jpg,98-42,153,267,ゆげ (蒸気―飯の場合),LJC-M266Q152
9549,LJC09843,LJC09843.jpg,98-43,153,267,ゆげ (蒸気―飯の場合),LJC-M266Q152
9550,LJC09844,LJC09844.jpg,98-44,153,267,ゆげ (蒸気―飯の場合),LJC-M266Q152
9551,LJC09845,LJC09845.jpg,98-45,153,267,ゆげ (蒸気―飯の場合),LJC-M266Q152
9552,LJC09846,LJC09846.jpg,98-46,153,267,ゆげ (蒸気―飯の場合),LJC-M266Q152
9553,LJC09847,LJC09847.jpg,98-47,153,267,ゆげ (蒸気―飯の場合),LJC-M266Q152
9554,LJC09848,LJC09848.jpg,98-48,153,267,ゆげ (蒸気―飯の場合),LJC-M266Q152
9555,LJC09849,LJC09849.jpg,98-49,153,267,ゆげ (蒸気―飯の場合),LJC-M266Q152
9556,LJC09850,LJC09850.jpg,98-50,153,267,ゆげ (蒸気―飯の場合),LJC-M266Q152
9557,LJC09851,LJC09851.jpg,98-51,153,267,ゆげ (蒸気―飯の場合),LJC-M266Q152
9558,LJC09852,LJC09852.jpg,98-52,153,267,ゆげ (蒸気―飯の場合),LJC-M266Q152
9559,LJC09853,LJC09853.jpg,98-53,153,267,ゆげ (蒸気―飯の場合),LJC-M266Q152
9560,LJC09854,LJC09854.jpg,98-54,153,267,ゆげ (蒸気―飯の場合),LJC-M266Q152
9561,LJC09855,LJC09855.jpg,98-55,153,267,ゆげ (蒸気―飯の場合),LJC-M266Q152
9562,LJC09856,LJC09856.jpg,98-56,153,267,ゆげ (蒸気―飯の場合),LJC-M266Q152
9563,LJC09857,LJC09857.jpg,98-57,153,267,ゆげ (蒸気―飯の場合),LJC-M266Q152
9564,LJC09858,LJC09858.jpg,98-58,153,267,ゆげ (蒸気―飯の場合),LJC-M266Q152
9565,LJC09859,LJC09859.jpg,98-59,153,267,ゆげ (蒸気―飯の場合),LJC-M266Q152
9566,LJC09860,LJC09860.jpg,98-60,153,267,ゆげ (蒸気―飯の場合),LJC-M266Q152
9567,LJC09861,LJC09861.jpg,98-61,153,267,ゆげ (蒸気―飯の場合),LJC-M266Q152
9568,LJC09862,LJC09862.jpg,98-62,153,267,ゆげ (蒸気―飯の場合),LJC-M266Q152
9569,LJC09863,LJC09863.jpg,98-63,153,267,ゆげ (蒸気―飯の場合),LJC-M266Q152
9570,LJC09864,LJC09864.jpg,98-64,153,267,ゆげ (蒸気―飯の場合),LJC-M266Q152
9571,LJC09865,LJC09865.jpg,98-65,153,267,ゆげ (蒸気―飯の場合),LJC-M266Q152
9572,LJC09866,LJC09866.jpg,98-66,153,267,ゆげ (蒸気―飯の場合),LJC-M266Q152
9573,LJC09867,LJC09867.jpg,98-67,153,267,ゆげ (蒸気―飯の場合),LJC-M266Q152
9574,LJC09868,LJC09868.jpg,98-68,153,267,ゆげ (蒸気―飯の場合),LJC-M266Q152
9575,LJC09869,LJC09869.jpg,98-69,153,267,ゆげ (蒸気―飯の場合),LJC-M266Q152
9576,LJC09870,LJC09870.jpg,98-70,153,267,ゆげ (蒸気―飯の場合),LJC-M266Q152
9577,LJC09871,LJC09871.jpg,98-71,153,267,ゆげ (蒸気―飯の場合),LJC-M266Q152
9578,LJC09872,LJC09872.jpg,98-72,153,267,ゆげ (蒸気―飯の場合),LJC-M266Q152
9579,LJC09873,LJC09873.jpg,98-73,153,267,ゆげ (蒸気―飯の場合),LJC-M266Q152
9580,LJC09874,LJC09874.jpg,98-74,38,268,におい (芳香),LJC-M268Q038
9581,LJC09875,LJC09875.jpg,98-75,38,268,におい (芳香),LJC-M268Q038
9582,LJC09876,LJC09876.jpg,98-76,38,268,におい (芳香),LJC-M268Q038
9583,LJC09877,LJC09877.jpg,98-77,38,268,におい (芳香),LJC-M268Q038
9584,LJC09878,LJC09878.jpg,98-78,38,268,におい (芳香),LJC-M268Q038
9585,LJC09879,LJC09879.jpg,98-79,38,268,におい (芳香),LJC-M268Q038
9586,LJC09880,LJC09880.jpg,98-80,38,268,におい (芳香),LJC-M268Q038
9587,LJC09881,LJC09881.jpg,98-81,38,268,におい (芳香),LJC-M268Q038
9588,LJC09882,LJC09882.jpg,98-82,38,268,におい (芳香),LJC-M268Q038
9589,LJC09883,LJC09883.jpg,98-83,38,268,におい (芳香),LJC-M268Q038
9590,LJC09884,LJC09884.jpg,98-84,38,268,におい (芳香),LJC-M268Q038
9591,LJC09885,LJC09885.jpg,98-85,38,268,におい (芳香),LJC-M268Q038
9592,LJC09886,LJC09886.jpg,98-86,38,268,におい (芳香),LJC-M268Q038
9593,LJC09887,LJC09887.jpg,98-87,38,268,におい (芳香),LJC-M268Q038
9594,LJC09888,LJC09888.jpg,98-88,38,268,におい (芳香),LJC-M268Q038
9595,LJC09889,LJC09889.jpg,98-89,38,268,におい (芳香),LJC-M268Q038
9596,LJC09890,LJC09890.jpg,98-90,38,268,におい (芳香),LJC-M268Q038
9597,LJC09891,LJC09891.jpg,98-91,38,268,におい (芳香),LJC-M268Q038
9598,LJC09892,LJC09892.jpg,98-92,38,268,におい (芳香),LJC-M268Q038
9599,LJC09893,LJC09893.jpg,98-93,38,268,におい (芳香),LJC-M268Q038
9600,LJC09894,LJC09894.jpg,98-94,38,268,におい (芳香),LJC-M268Q038
9601,LJC09895,LJC09895.jpg,98-95,38,268,におい (芳香),LJC-M268Q038
9602,LJC09896,LJC09896.jpg,98-96,38,268,におい (芳香),LJC-M268Q038
9603,LJC09897,LJC09897.jpg,98-97,38,268,におい (芳香),LJC-M268Q038
9604,LJC09898,LJC09898.jpg,98-98,38,268,におい (芳香),LJC-M268Q038
9605,LJC09901,LJC09901.jpg,99-01,38,268,におい (芳香),LJC-M268Q038
9606,LJC09902,LJC09902.jpg,99-02,38,268,におい (芳香),LJC-M268Q038
9607,LJC09903,LJC09903.jpg,99-03,38,268,におい (芳香),LJC-M268Q038
9608,LJC09904,LJC09904.jpg,99-04,38,268,におい (芳香),LJC-M268Q038
9609,LJC09905,LJC09905.jpg,99-05,38,268,におい (芳香),LJC-M268Q038
9610,LJC09906,LJC09906.jpg,99-06,38,268,におい (芳香),LJC-M268Q038
9611,LJC09907,LJC09907.jpg,99-07,38,268,におい (芳香),LJC-M268Q038
9612,LJC09908,LJC09908.jpg,99-08,38,268,におい (芳香),LJC-M268Q038
9613,LJC09909,LJC09909.jpg,99-09,38,268,におい (芳香),LJC-M268Q038
9614,LJC09910,LJC09910.jpg,99-10,38,268,におい (芳香),LJC-M268Q038
9615,LJC09911,LJC09911.jpg,99-11,38,268,におい (芳香),LJC-M268Q038
9616,LJC09912,LJC09912.jpg,99-12,38,268,におい (芳香),LJC-M268Q038
9617,LJC09913,LJC09913.jpg,99-13,38,268,におい (芳香),LJC-M268Q038
9618,LJC09914,LJC09914.jpg,99-14,38,268,におい (芳香),LJC-M268Q038
9619,LJC09915,LJC09915.jpg,99-15,38,268,におい (芳香),LJC-M268Q038
9620,LJC09916,LJC09916.jpg,99-16,38,268,におい (芳香),LJC-M268Q038
9621,LJC09917,LJC09917.jpg,99-17,38,268,におい (芳香),LJC-M268Q038
9622,LJC09918,LJC09918.jpg,99-18,38,268,におい (芳香),LJC-M268Q038
9623,LJC09919,LJC09919.jpg,99-19,38,268,におい (芳香),LJC-M268Q038
9624,LJC09920,LJC09920.jpg,99-20,38,268,におい (芳香),LJC-M268Q038
9625,LJC09921,LJC09921.jpg,99-21,38,268,におい (芳香),LJC-M268Q038
9626,LJC09922,LJC09922.jpg,99-22,38,268,におい (芳香),LJC-M268Q038
9627,LJC09923,LJC09923.jpg,99-23,38,268,におい (芳香),LJC-M268Q038
9628,LJC09924,LJC09924.jpg,99-24,38,268,におい (芳香),LJC-M268Q038
9629,LJC09925,LJC09925.jpg,99-25,38,268,におい (芳香),LJC-M268Q038
9630,LJC09926,LJC09926.jpg,99-26,38,268,におい (芳香),LJC-M268Q038
9631,LJC09927,LJC09927.jpg,99-27,38,268,におい (芳香),LJC-M268Q038
9632,LJC09928,LJC09928.jpg,99-28,38,268,におい (芳香),LJC-M268Q038
9633,LJC09929,LJC09929.jpg,99-29,38,268,におい (芳香),LJC-M268Q038
9634,LJC09930,LJC09930.jpg,99-30,38,268,におい (芳香),LJC-M268Q038
9635,LJC09931,LJC09931.jpg,99-31,38,268,におい (芳香),LJC-M268Q038
9636,LJC09932,LJC09932.jpg,99-32,38,268,におい (芳香),LJC-M268Q038
9637,LJC09933,LJC09933.jpg,99-33,38,268,におい (芳香),LJC-M268Q038
9638,LJC09934,LJC09934.jpg,99-34,38,268,におい (芳香),LJC-M268Q038
9639,LJC09935,LJC09935.jpg,99-35,38,268,におい (芳香),LJC-M268Q038
9640,LJC09936,LJC09936.jpg,99-36,38,268,におい (芳香),LJC-M268Q038
9641,LJC09937,LJC09937.jpg,99-37,38,268,におい (芳香),LJC-M268Q038
9642,LJC09938,LJC09938.jpg,99-38,38,268,におい (芳香),LJC-M268Q038
9643,LJC09939,LJC09939.jpg,99-39,38,268,におい (芳香),LJC-M268Q038
9644,LJC09940,LJC09940.jpg,99-40,38,268,におい (芳香),LJC-M268Q038
9645,LJC09941,LJC09941.jpg,99-41,38,268,におい (芳香),LJC-M268Q038
9646,LJC09942,LJC09942.jpg,99-42,38,268,におい (芳香),LJC-M268Q038
9647,LJC09943,LJC09943.jpg,99-43,38,268,におい (芳香),LJC-M268Q038
9648,LJC09944,LJC09944.jpg,99-44,38,268,におい (芳香),LJC-M268Q038
9649,LJC09945,LJC09945.jpg,99-45,38,268,におい (芳香),LJC-M268Q038
9650,LJC09946,LJC09946.jpg,99-46,38,268,におい (芳香),LJC-M268Q038
9651,LJC09947,LJC09947.jpg,99-47,38,268,におい (芳香),LJC-M268Q038
9652,LJC09948,LJC09948.jpg,99-48,38,268,におい (芳香),LJC-M268Q038
9653,LJC09949,LJC09949.jpg,99-49,38,268,におい (芳香),LJC-M268Q038
9654,LJC09950,LJC09950.jpg,99-50,38,268,におい (芳香),LJC-M268Q038
9655,LJC09951,LJC09951.jpg,99-51,38,268,におい (芳香),LJC-M268Q038
9656,LJC09952,LJC09952.jpg,99-52,38,268,におい (芳香),LJC-M268Q038
9657,LJC09953,LJC09953.jpg,99-53,38,268,におい (芳香),LJC-M268Q038
9658,LJC09954,LJC09954.jpg,99-54,38,268,におい (芳香),LJC-M268Q038
9659,LJC09955,LJC09955.jpg,99-55,38,268,におい (芳香),LJC-M268Q038
9660,LJC09956,LJC09956.jpg,99-56,38,268,におい (芳香),LJC-M268Q038
9661,LJC09957,LJC09957.jpg,99-57,38,268,におい (芳香),LJC-M268Q038
9662,LJC09958,LJC09958.jpg,99-58,38,268,におい (芳香),LJC-M268Q038
9663,LJC09959,LJC09959.jpg,99-59,38,268,におい (芳香),LJC-M268Q038
9664,LJC09960,LJC09960.jpg,99-60,38,268,におい (芳香),LJC-M268Q038
9665,LJC09961,LJC09961.jpg,99-61,38,268,におい (芳香),LJC-M268Q038
9666,LJC09962,LJC09962.jpg,99-62,38,268,におい (芳香),LJC-M268Q038
9667,LJC09963,LJC09963.jpg,99-63,38,268,におい (芳香),LJC-M268Q038
9668,LJC09964,LJC09964.jpg,99-64,38,268,におい (芳香),LJC-M268Q038
9669,LJC09965,LJC09965.jpg,99-65,38,268,におい (芳香),LJC-M268Q038
9670,LJC09966,LJC09966.jpg,99-66,38,268,におい (芳香),LJC-M268Q038
9671,LJC09967,LJC09967.jpg,99-67,39,269,におい (悪臭),LJC-M269Q039
9672,LJC09968,LJC09968.jpg,99-68,39,269,におい (悪臭),LJC-M269Q039
9673,LJC09969,LJC09969.jpg,99-69,39,269,におい (悪臭),LJC-M269Q039
9674,LJC09970,LJC09970.jpg,99-70,39,269,におい (悪臭),LJC-M269Q039
9675,LJC09971,LJC09971.jpg,99-71,39,269,におい (悪臭),LJC-M269Q039
9676,LJC09972,LJC09972.jpg,99-72,39,269,におい (悪臭),LJC-M269Q039
9677,LJC09973,LJC09973.jpg,99-73,39,269,におい (悪臭),LJC-M269Q039
9678,LJC09974,LJC09974.jpg,99-74,39,269,におい (悪臭),LJC-M269Q039
9679,LJC09975,LJC09975.jpg,99-75,39,269,におい (悪臭),LJC-M269Q039
9680,LJC09976,LJC09976.jpg,99-76,39,269,におい (悪臭),LJC-M269Q039
9681,LJC09977,LJC09977.jpg,99-77,39,269,におい (悪臭),LJC-M269Q039
9682,LJC09978,LJC09978.jpg,99-78,39,269,におい (悪臭),LJC-M269Q039
9683,LJC09979,LJC09979.jpg,99-79,39,269,におい (悪臭),LJC-M269Q039
9684,LJC09980,LJC09980.jpg,99-80,39,269,におい (悪臭),LJC-M269Q039
9685,LJC09981,LJC09981.jpg,99-81,39,269,におい (悪臭),LJC-M269Q039
9686,LJC09982,LJC09982.jpg,99-82,39,269,におい (悪臭),LJC-M269Q039
9687,LJC09983,LJC09983.jpg,99-83,39,269,におい (悪臭),LJC-M269Q039
9688,LJC09984,LJC09984.jpg,99-84,39,269,におい (悪臭),LJC-M269Q039
9689,LJC09985,LJC09985.jpg,99-85,39,269,におい (悪臭),LJC-M269Q039
9690,LJC09986,LJC09986.jpg,99-86,39,269,におい (悪臭),LJC-M269Q039
9691,LJC09987,LJC09987.jpg,99-87,39,269,におい (悪臭),LJC-M269Q039
9692,LJC09988,LJC09988.jpg,99-88,39,269,におい (悪臭),LJC-M269Q039
9693,LJC09989,LJC09989.jpg,99-89,39,269,におい (悪臭),LJC-M269Q039
9694,LJC09990,LJC09990.jpg,99-90,39,269,におい (悪臭),LJC-M269Q039
9695,LJC09991,LJC09991.jpg,99-91,39,269,におい (悪臭),LJC-M269Q039
9696,LJC09992,LJC09992.jpg,99-92,39,269,におい (悪臭),LJC-M269Q039
9697,LJC09993,LJC09993.jpg,99-93,39,269,におい (悪臭),LJC-M269Q039
9698,LJC09994,LJC09994.jpg,99-94,39,269,におい (悪臭),LJC-M269Q039
9699,LJC09995,LJC09995.jpg,99-95,39,269,におい (悪臭),LJC-M269Q039
9700,LJC09996,LJC09996.jpg,99-96,39,269,におい (悪臭),LJC-M269Q039
9701,LJC09997,LJC09997.jpg,99-97,39,269,におい (悪臭),LJC-M269Q039
9702,LJC09998,LJC09998.jpg,99-98,39,269,におい (悪臭),LJC-M269Q039
9703,LJC10001,LJC10001.jpg,100-01,39,269,におい (悪臭),LJC-M269Q039
9704,LJC10002,LJC10002.jpg,100-02,39,269,におい (悪臭),LJC-M269Q039
9705,LJC10003,LJC10003.jpg,100-03,39,269,におい (悪臭),LJC-M269Q039
9706,LJC10004,LJC10004.jpg,100-04,39,269,におい (悪臭),LJC-M269Q039
9707,LJC10005,LJC10005.jpg,100-05,39,269,におい (悪臭),LJC-M269Q039
9708,LJC10006,LJC10006.jpg,100-06,39,269,におい (悪臭),LJC-M269Q039
9709,LJC10007,LJC10007.jpg,100-07,39,269,におい (悪臭),LJC-M269Q039
9710,LJC10008,LJC10008.jpg,100-08,39,269,におい (悪臭),LJC-M269Q039
9711,LJC10009,LJC10009.jpg,100-09,39,269,におい (悪臭),LJC-M269Q039
9712,LJC10010,LJC10010.jpg,100-10,39,269,におい (悪臭),LJC-M269Q039
9713,LJC10011,LJC10011.jpg,100-11,39,269,におい (悪臭),LJC-M269Q039
9714,LJC10012,LJC10012.jpg,100-12,39,269,におい (悪臭),LJC-M269Q039
9715,LJC10013,LJC10013.jpg,100-13,39,269,におい (悪臭),LJC-M269Q039
9716,LJC10014,LJC10014.jpg,100-14,39,269,におい (悪臭),LJC-M269Q039
9717,LJC10015,LJC10015.jpg,100-15,39,269,におい (悪臭),LJC-M269Q039
9718,LJC10016,LJC10016.jpg,100-16,39,269,におい (悪臭),LJC-M269Q039
9719,LJC10017,LJC10017.jpg,100-17,39,269,におい (悪臭),LJC-M269Q039
9720,LJC10018,LJC10018.jpg,100-18,39,269,におい (悪臭),LJC-M269Q039
9721,LJC10019,LJC10019.jpg,100-19,39,269,におい (悪臭),LJC-M269Q039
9722,LJC10020,LJC10020.jpg,100-20,39,269,におい (悪臭),LJC-M269Q039
9723,LJC10021,LJC10021.jpg,100-21,39,269,におい (悪臭),LJC-M269Q039
9724,LJC10022,LJC10022.jpg,100-22,39,269,におい (悪臭),LJC-M269Q039
9725,LJC10023,LJC10023.jpg,100-23,39,269,におい (悪臭),LJC-M269Q039
9726,LJC10024,LJC10024.jpg,100-24,39,269,におい (悪臭),LJC-M269Q039
9727,LJC10025,LJC10025.jpg,100-25,39,269,におい (悪臭),LJC-M269Q039
9728,LJC10026,LJC10026.jpg,100-26,150,270,はい (灰),LJC-M270Q150
9729,LJC10027,LJC10027.jpg,100-27,150,270,はい (灰),LJC-M270Q150
9730,LJC10028,LJC10028.jpg,100-28,150,270,はい (灰),LJC-M270Q150
9731,LJC10029,LJC10029.jpg,100-29,150,270,はい (灰),LJC-M270Q150
9732,LJC10030,LJC10030.jpg,100-30,150,270,はい (灰),LJC-M270Q150
9733,LJC10031,LJC10031.jpg,100-31,150,270,はい (灰),LJC-M270Q150
9734,LJC10032,LJC10032.jpg,100-32,150,270,はい (灰),LJC-M270Q150
9735,LJC10033,LJC10033.jpg,100-33,150,270,はい (灰),LJC-M270Q150
9736,LJC10034,LJC10034.jpg,100-34,150,270,はい (灰),LJC-M270Q150
9737,LJC10035,LJC10035.jpg,100-35,150,270,はい (灰),LJC-M270Q150
9738,LJC10036,LJC10036.jpg,100-36,150,270,はい (灰),LJC-M270Q150
9739,LJC10037,LJC10037.jpg,100-37,150,270,はい (灰),LJC-M270Q150
9740,LJC10038,LJC10038.jpg,100-38,150,270,はい (灰),LJC-M270Q150
9741,LJC10039,LJC10039.jpg,100-39,150,270,はい (灰),LJC-M270Q150
9742,LJC10040,LJC10040.jpg,100-40,150,270,はい (灰),LJC-M270Q150
9743,LJC10041,LJC10041.jpg,100-41,150,270,はい (灰),LJC-M270Q150
9744,LJC10042,LJC10042.jpg,100-42,150,270,はい (灰),LJC-M270Q150
9745,LJC10043,LJC10043.jpg,100-43,150,270,はい (灰),LJC-M270Q150
9746,LJC10044,LJC10044.jpg,100-44,150,270,はい (灰),LJC-M270Q150
9747,LJC10045,LJC10045.jpg,100-45,150,270,はい (灰),LJC-M270Q150
9748,LJC10046,LJC10046.jpg,100-46,150,270,はい (灰),LJC-M270Q150
9749,LJC10047,LJC10047.jpg,100-47,150,270,はい (灰),LJC-M270Q150
9750,LJC10048,LJC10048.jpg,100-48,150,270,はい (灰),LJC-M270Q150
9751,LJC10049,LJC10049.jpg,100-49,150,270,はい (灰),LJC-M270Q150
9752,LJC10050,LJC10050.jpg,100-50,150,270,はい (灰),LJC-M270Q150
9753,LJC10051,LJC10051.jpg,100-51,150,270,はい (灰),LJC-M270Q150
9754,LJC10052,LJC10052.jpg,100-52,150,270,はい (灰),LJC-M270Q150
9755,LJC10053,LJC10053.jpg,100-53,150,270,はい (灰),LJC-M270Q150
9756,LJC10054,LJC10054.jpg,100-54,150,270,はい (灰),LJC-M270Q150
9757,LJC10055,LJC10055.jpg,100-55,150,270,はい (灰),LJC-M270Q150
9758,LJC10056,LJC10056.jpg,100-56,150,270,はい (灰),LJC-M270Q150
9759,LJC10057,LJC10057.jpg,100-57,150,270,はい (灰),LJC-M270Q150
9760,LJC10058,LJC10058.jpg,100-58,150,270,はい (灰),LJC-M270Q150
9761,LJC10059,LJC10059.jpg,100-59,150,270,はい (灰),LJC-M270Q150
9762,LJC10060,LJC10060.jpg,100-60,150,270,はい (灰),LJC-M270Q150
9763,LJC10061,LJC10061.jpg,100-61,150,270,はい (灰),LJC-M270Q150
9764,LJC10062,LJC10062.jpg,100-62,150,270,はい (灰),LJC-M270Q150
9765,LJC10063,LJC10063.jpg,100-63,150,270,はい (灰),LJC-M270Q150
9766,LJC10064,LJC10064.jpg,100-64,150,270,はい (灰),LJC-M270Q150
9767,LJC10065,LJC10065.jpg,100-65,150,270,はい (灰),LJC-M270Q150
9768,LJC10066,LJC10066.jpg,100-66,133,271,ほこり (埃),LJC-M271Q133
9769,LJC10067,LJC10067.jpg,100-67,133,271,ほこり (埃),LJC-M271Q133
9770,LJC10068,LJC10068.jpg,100-68,133,271,ほこり (埃),LJC-M271Q133
9771,LJC10069,LJC10069.jpg,100-69,133,271,ほこり (埃),LJC-M271Q133
9772,LJC10070,LJC10070.jpg,100-70,133,271,ほこり (埃),LJC-M271Q133
9773,LJC10071,LJC10071.jpg,100-71,133,271,ほこり (埃),LJC-M271Q133
9774,LJC10072,LJC10072.jpg,100-72,133,271,ほこり (埃),LJC-M271Q133
9775,LJC10073,LJC10073.jpg,100-73,133,271,ほこり (埃),LJC-M271Q133
9776,LJC10074,LJC10074.jpg,100-74,133,271,ほこり (埃),LJC-M271Q133
9777,LJC10075,LJC10075.jpg,100-75,133,271,ほこり (埃),LJC-M271Q133
9778,LJC10076,LJC10076.jpg,100-76,133,271,ほこり (埃),LJC-M271Q133
9779,LJC10077,LJC10077.jpg,100-77,133,271,ほこり (埃),LJC-M271Q133
9780,LJC10078,LJC10078.jpg,100-78,133,271,ほこり (埃),LJC-M271Q133
9781,LJC10079,LJC10079.jpg,100-79,133,271,ほこり (埃),LJC-M271Q133
9782,LJC10080,LJC10080.jpg,100-80,133,271,ほこり (埃),LJC-M271Q133
9783,LJC10081,LJC10081.jpg,100-81,133,271,ほこり (埃),LJC-M271Q133
9784,LJC10082,LJC10082.jpg,100-82,133,271,ほこり (埃),LJC-M271Q133
9785,LJC10083,LJC10083.jpg,100-83,133,271,ほこり (埃),LJC-M271Q133
9786,LJC10084,LJC10084.jpg,100-84,133,271,ほこり (埃),LJC-M271Q133
9787,LJC10085,LJC10085.jpg,100-85,133,271,ほこり (埃),LJC-M271Q133
9788,LJC10086,LJC10086.jpg,100-86,133,271,ほこり (埃),LJC-M271Q133
9789,LJC10087,LJC10087.jpg,100-87,133,271,ほこり (埃),LJC-M271Q133
9790,LJC10088,LJC10088.jpg,100-88,133,271,ほこり (埃),LJC-M271Q133
9791,LJC10089,LJC10089.jpg,100-89,131,272,ごみ (目にはいるもの―塵),LJC-M272Q131
9792,LJC10090,LJC10090.jpg,100-90,131,272,ごみ (目にはいるもの―塵),LJC-M272Q131
9793,LJC10091,LJC10091.jpg,100-91,131,272,ごみ (目にはいるもの―塵),LJC-M272Q131
9794,LJC10092,LJC10092.jpg,100-92,131,272,ごみ (目にはいるもの―塵),LJC-M272Q131
9795,LJC10093,LJC10093.jpg,100-93,131,272,ごみ (目にはいるもの―塵),LJC-M272Q131
9796,LJC10094,LJC10094.jpg,100-94,131,272,ごみ (目にはいるもの―塵),LJC-M272Q131
9797,LJC10095,LJC10095.jpg,100-95,131,272,ごみ (目にはいるもの―塵),LJC-M272Q131
9798,LJC10096,LJC10096.jpg,100-96,131,272,ごみ (目にはいるもの―塵),LJC-M272Q131
9799,LJC10097,LJC10097.jpg,100-97,131,272,ごみ (目にはいるもの―塵),LJC-M272Q131
9800,LJC10098,LJC10098.jpg,100-98,131,272,ごみ (目にはいるもの―塵),LJC-M272Q131
9801,LJC10101,LJC10101.jpg,101-01,131,272,ごみ (目にはいるもの―塵),LJC-M272Q131
9802,LJC10102,LJC10102.jpg,101-02,131,272,ごみ (目にはいるもの―塵),LJC-M272Q131
9803,LJC10103,LJC10103.jpg,101-03,131,272,ごみ (目にはいるもの―塵),LJC-M272Q131
9804,LJC10104,LJC10104.jpg,101-04,131,272,ごみ (目にはいるもの―塵),LJC-M272Q131
9805,LJC10105,LJC10105.jpg,101-05,131,272,ごみ (目にはいるもの―塵),LJC-M272Q131
9806,LJC10106,LJC10106.jpg,101-06,131,272,ごみ (目にはいるもの―塵),LJC-M272Q131
9807,LJC10107,LJC10107.jpg,101-07,131,272,ごみ (目にはいるもの―塵),LJC-M272Q131
9808,LJC10108,LJC10108.jpg,101-08,131,272,ごみ (目にはいるもの―塵),LJC-M272Q131
9809,LJC10109,LJC10109.jpg,101-09,131,272,ごみ (目にはいるもの―塵),LJC-M272Q131
9810,LJC10110,LJC10110.jpg,101-10,131,272,ごみ (目にはいるもの―塵),LJC-M272Q131
9811,LJC10111,LJC10111.jpg,101-11,131,272,ごみ (目にはいるもの―塵),LJC-M272Q131
9812,LJC10112,LJC10112.jpg,101-12,131,272,ごみ (目にはいるもの―塵),LJC-M272Q131
9813,LJC10113,LJC10113.jpg,101-13,131,272,ごみ (目にはいるもの―塵),LJC-M272Q131
9814,LJC10114,LJC10114.jpg,101-14,131,272,ごみ (目にはいるもの―塵),LJC-M272Q131
9815,LJC10115,LJC10115.jpg,101-15,131,272,ごみ (目にはいるもの―塵),LJC-M272Q131
9816,LJC10116,LJC10116.jpg,101-16,131,272,ごみ (目にはいるもの―塵),LJC-M272Q131
9817,LJC10117,LJC10117.jpg,101-17,131,272,ごみ (目にはいるもの―塵),LJC-M272Q131
9818,LJC10118,LJC10118.jpg,101-18,131,272,ごみ (目にはいるもの―塵),LJC-M272Q131
9819,LJC10119,LJC10119.jpg,101-19,131,272,ごみ (目にはいるもの―塵),LJC-M272Q131
9820,LJC10120,LJC10120.jpg,101-20,132,273,ごみ (掃除の対象―塵芥),LJC-M273Q132
9821,LJC10121,LJC10121.jpg,101-21,132,273,ごみ (掃除の対象―塵芥),LJC-M273Q132
9822,LJC10122,LJC10122.jpg,101-22,132,273,ごみ (掃除の対象―塵芥),LJC-M273Q132
9823,LJC10123,LJC10123.jpg,101-23,132,273,ごみ (掃除の対象―塵芥),LJC-M273Q132
9824,LJC10124,LJC10124.jpg,101-24,132,273,ごみ (掃除の対象―塵芥),LJC-M273Q132
9825,LJC10125,LJC10125.jpg,101-25,132,273,ごみ (掃除の対象―塵芥),LJC-M273Q132
9826,LJC10126,LJC10126.jpg,101-26,132,273,ごみ (掃除の対象―塵芥),LJC-M273Q132
9827,LJC10127,LJC10127.jpg,101-27,132,273,ごみ (掃除の対象―塵芥),LJC-M273Q132
9828,LJC10128,LJC10128.jpg,101-28,132,273,ごみ (掃除の対象―塵芥),LJC-M273Q132
9829,LJC10129,LJC10129.jpg,101-29,132,273,ごみ (掃除の対象―塵芥),LJC-M273Q132
9830,LJC10130,LJC10130.jpg,101-30,132,273,ごみ (掃除の対象―塵芥),LJC-M273Q132
9831,LJC10131,LJC10131.jpg,101-31,132,273,ごみ (掃除の対象―塵芥),LJC-M273Q132
9832,LJC10132,LJC10132.jpg,101-32,132,273,ごみ (掃除の対象―塵芥),LJC-M273Q132
9833,LJC10133,LJC10133.jpg,101-33,132,273,ごみ (掃除の対象―塵芥),LJC-M273Q132
9834,LJC10134,LJC10134.jpg,101-34,132,273,ごみ (掃除の対象―塵芥),LJC-M273Q132
9835,LJC10135,LJC10135.jpg,101-35,132,273,ごみ (掃除の対象―塵芥),LJC-M273Q132
9836,LJC10136,LJC10136.jpg,101-36,132,273,ごみ (掃除の対象―塵芥),LJC-M273Q132
9837,LJC10137,LJC10137.jpg,101-37,132,273,ごみ (掃除の対象―塵芥),LJC-M273Q132
9838,LJC10138,LJC10138.jpg,101-38,132,273,ごみ (掃除の対象―塵芥),LJC-M273Q132
9839,LJC10139,LJC10139.jpg,101-39,132,273,ごみ (掃除の対象―塵芥),LJC-M273Q132
9840,LJC10140,LJC10140.jpg,101-40,132,273,ごみ (掃除の対象―塵芥),LJC-M273Q132
9841,LJC10141,LJC10141.jpg,101-41,132,273,ごみ (掃除の対象―塵芥),LJC-M273Q132
9842,LJC10142,LJC10142.jpg,101-42,132,273,ごみ (掃除の対象―塵芥),LJC-M273Q132
9843,LJC10143,LJC10143.jpg,101-43,132,273,ごみ (掃除の対象―塵芥),LJC-M273Q132
9844,LJC10144,LJC10144.jpg,101-44,132,273,ごみ (掃除の対象―塵芥),LJC-M273Q132
9845,LJC10145,LJC10145.jpg,101-45,132,273,ごみ (掃除の対象―塵芥),LJC-M273Q132
9846,LJC10146,LJC10146.jpg,101-46,132,273,ごみ (掃除の対象―塵芥),LJC-M273Q132
9847,LJC10147,LJC10147.jpg,101-47,132,273,ごみ (掃除の対象―塵芥),LJC-M273Q132
9848,LJC10148,LJC10148.jpg,101-48,132,273,ごみ (掃除の対象―塵芥),LJC-M273Q132
9849,LJC10149,LJC10149.jpg,101-49,132,273,ごみ (掃除の対象―塵芥),LJC-M273Q132
9850,LJC10150,LJC10150.jpg,101-50,134,274,ごみ (川のごみ―塵芥),LJC-M274Q134
9851,LJC10151,LJC10151.jpg,101-51,134,274,ごみ (川のごみ―塵芥),LJC-M274Q134
9852,LJC10152,LJC10152.jpg,101-52,134,274,ごみ (川のごみ―塵芥),LJC-M274Q134
9853,LJC10153,LJC10153.jpg,101-53,134,274,ごみ (川のごみ―塵芥),LJC-M274Q134
9854,LJC10154,LJC10154.jpg,101-54,134,274,ごみ (川のごみ―塵芥),LJC-M274Q134
9855,LJC10155,LJC10155.jpg,101-55,134,274,ごみ (川のごみ―塵芥),LJC-M274Q134
9856,LJC10156,LJC10156.jpg,101-56,134,274,ごみ (川のごみ―塵芥),LJC-M274Q134
9857,LJC10157,LJC10157.jpg,101-57,134,274,ごみ (川のごみ―塵芥),LJC-M274Q134
9858,LJC10158,LJC10158.jpg,101-58,134,274,ごみ (川のごみ―塵芥),LJC-M274Q134
9859,LJC10159,LJC10159.jpg,101-59,134,274,ごみ (川のごみ―塵芥),LJC-M274Q134
9860,LJC10160,LJC10160.jpg,101-60,134,274,ごみ (川のごみ―塵芥),LJC-M274Q134
9861,LJC10161,LJC10161.jpg,101-61,134,274,ごみ (川のごみ―塵芥),LJC-M274Q134
9862,LJC10162,LJC10162.jpg,101-62,134,274,ごみ (川のごみ―塵芥),LJC-M274Q134
9863,LJC10163,LJC10163.jpg,101-63,134,274,ごみ (川のごみ―塵芥),LJC-M274Q134
9864,LJC10164,LJC10164.jpg,101-64,134,274,ごみ (川のごみ―塵芥),LJC-M274Q134
9865,LJC10165,LJC10165.jpg,101-65,134,274,ごみ (川のごみ―塵芥),LJC-M274Q134
9866,LJC10166,LJC10166.jpg,101-66,134,274,ごみ (川のごみ―塵芥),LJC-M274Q134
9867,LJC10167,LJC10167.jpg,101-67,134,274,ごみ (川のごみ―塵芥),LJC-M274Q134
9868,LJC10168,LJC10168.jpg,101-68,134,274,ごみ (川のごみ―塵芥),LJC-M274Q134
9869,LJC10169,LJC10169.jpg,101-69,134,274,ごみ (川のごみ―塵芥),LJC-M274Q134
9870,LJC10170,LJC10170.jpg,101-70,134,274,ごみ (川のごみ―塵芥),LJC-M274Q134
9871,LJC10171,LJC10171.jpg,101-71,134,274,ごみ (川のごみ―塵芥),LJC-M274Q134
9872,LJC10172,LJC10172.jpg,101-72,134,274,ごみ (川のごみ―塵芥),LJC-M274Q134
9873,LJC10173,LJC10173.jpg,101-73,134,274,ごみ (川のごみ―塵芥),LJC-M274Q134
9874,LJC10174,LJC10174.jpg,101-74,134,274,ごみ (川のごみ―塵芥),LJC-M274Q134
9875,LJC10175,LJC10175.jpg,101-75,134,274,ごみ (川のごみ―塵芥),LJC-M274Q134
9876,LJC10176,LJC10176.jpg,101-76,134,274,ごみ (川のごみ―塵芥),LJC-M274Q134
9877,LJC10177,LJC10177.jpg,101-77,134,274,ごみ (川のごみ―塵芥),LJC-M274Q134
9878,LJC10178,LJC10178.jpg,101-78,134,274,ごみ (川のごみ―塵芥),LJC-M274Q134
9879,LJC10179,LJC10179.jpg,101-79,134,274,ごみ (川のごみ―塵芥),LJC-M274Q134
9880,LJC10180,LJC10180.jpg,101-80,134,274,ごみ (川のごみ―塵芥),LJC-M274Q134
9881,LJC10181,LJC10181.jpg,101-81,134,274,ごみ (川のごみ―塵芥),LJC-M274Q134
9882,LJC10182,LJC10182.jpg,101-82,134,274,ごみ (川のごみ―塵芥),LJC-M274Q134
9883,LJC10183,LJC10183.jpg,101-83,105,275,さきおととい (一昨昨日),LJC-M275Q105
9884,LJC10184,LJC10184.jpg,101-84,105,275,さきおととい (一昨昨日),LJC-M275Q105
9885,LJC10185,LJC10185.jpg,101-85,105,275,さきおととい (一昨昨日),LJC-M275Q105
9886,LJC10186,LJC10186.jpg,101-86,105,275,さきおととい (一昨昨日),LJC-M275Q105
9887,LJC10187,LJC10187.jpg,101-87,105,275,さきおととい (一昨昨日),LJC-M275Q105
9888,LJC10188,LJC10188.jpg,101-88,105,275,さきおととい (一昨昨日),LJC-M275Q105
9889,LJC10189,LJC10189.jpg,101-89,105,275,さきおととい (一昨昨日),LJC-M275Q105
9890,LJC10190,LJC10190.jpg,101-90,105,275,さきおととい (一昨昨日),LJC-M275Q105
9891,LJC10191,LJC10191.jpg,101-91,105,275,さきおととい (一昨昨日),LJC-M275Q105
9892,LJC10192,LJC10192.jpg,101-92,105,275,さきおととい (一昨昨日),LJC-M275Q105
9893,LJC10193,LJC10193.jpg,101-93,105,275,さきおととい (一昨昨日),LJC-M275Q105
9894,LJC10194,LJC10194.jpg,101-94,105,275,さきおととい (一昨昨日),LJC-M275Q105
9895,LJC10195,LJC10195.jpg,101-95,105,275,さきおととい (一昨昨日),LJC-M275Q105
9896,LJC10196,LJC10196.jpg,101-96,105,275,さきおととい (一昨昨日),LJC-M275Q105
9897,LJC10197,LJC10197.jpg,101-97,105,275,さきおととい (一昨昨日),LJC-M275Q105
9898,LJC10198,LJC10198.jpg,101-98,105,275,さきおととい (一昨昨日),LJC-M275Q105
9899,LJC10201,LJC10201.jpg,102-01,105,275,さきおととい (一昨昨日),LJC-M275Q105
9900,LJC10202,LJC10202.jpg,102-02,105,275,さきおととい (一昨昨日),LJC-M275Q105
9901,LJC10203,LJC10203.jpg,102-03,105,275,さきおととい (一昨昨日),LJC-M275Q105
9902,LJC10204,LJC10204.jpg,102-04,105,275,さきおととい (一昨昨日),LJC-M275Q105
9903,LJC10205,LJC10205.jpg,102-05,105,275,さきおととい (一昨昨日),LJC-M275Q105
9904,LJC10206,LJC10206.jpg,102-06,105,275,さきおととい (一昨昨日),LJC-M275Q105
9905,LJC10207,LJC10207.jpg,102-07,105,275,さきおととい (一昨昨日),LJC-M275Q105
9906,LJC10208,LJC10208.jpg,102-08,105,275,さきおととい (一昨昨日),LJC-M275Q105
9907,LJC10209,LJC10209.jpg,102-09,105,275,さきおととい (一昨昨日),LJC-M275Q105
9908,LJC10210,LJC10210.jpg,102-10,105,275,さきおととい (一昨昨日),LJC-M275Q105
9909,LJC10211,LJC10211.jpg,102-11,105,275,さきおととい (一昨昨日),LJC-M275Q105
9910,LJC10212,LJC10212.jpg,102-12,105,275,さきおととい (一昨昨日),LJC-M275Q105
9911,LJC10213,LJC10213.jpg,102-13,105,275,さきおととい (一昨昨日),LJC-M275Q105
9912,LJC10214,LJC10214.jpg,102-14,105,275,さきおととい (一昨昨日),LJC-M275Q105
9913,LJC10215,LJC10215.jpg,102-15,105,275,さきおととい (一昨昨日),LJC-M275Q105
9914,LJC10216,LJC10216.jpg,102-16,105,275,さきおととい (一昨昨日),LJC-M275Q105
9915,LJC10217,LJC10217.jpg,102-17,105,275,さきおととい (一昨昨日),LJC-M275Q105
9916,LJC10218,LJC10218.jpg,102-18,105,275,さきおととい (一昨昨日),LJC-M275Q105
9917,LJC10219,LJC10219.jpg,102-19,105,275,さきおととい (一昨昨日),LJC-M275Q105
9918,LJC10220,LJC10220.jpg,102-20,105,275,さきおととい (一昨昨日),LJC-M275Q105
9919,LJC10221,LJC10221.jpg,102-21,105,275,さきおととい (一昨昨日),LJC-M275Q105
9920,LJC10222,LJC10222.jpg,102-22,105,275,さきおととい (一昨昨日),LJC-M275Q105
9921,LJC10223,LJC10223.jpg,102-23,104,276,おととい (一昨日),LJC-M276Q104
9922,LJC10224,LJC10224.jpg,102-24,104,276,おととい (一昨日),LJC-M276Q104
9923,LJC10225,LJC10225.jpg,102-25,104,276,おととい (一昨日),LJC-M276Q104
9924,LJC10226,LJC10226.jpg,102-26,104,276,おととい (一昨日),LJC-M276Q104
9925,LJC10227,LJC10227.jpg,102-27,104,276,おととい (一昨日),LJC-M276Q104
9926,LJC10228,LJC10228.jpg,102-28,104,276,おととい (一昨日),LJC-M276Q104
9927,LJC10229,LJC10229.jpg,102-29,104,276,おととい (一昨日),LJC-M276Q104
9928,LJC10230,LJC10230.jpg,102-30,104,276,おととい (一昨日),LJC-M276Q104
9929,LJC10231,LJC10231.jpg,102-31,104,276,おととい (一昨日),LJC-M276Q104
9930,LJC10232,LJC10232.jpg,102-32,104,276,おととい (一昨日),LJC-M276Q104
9931,LJC10233,LJC10233.jpg,102-33,104,276,おととい (一昨日),LJC-M276Q104
9932,LJC10234,LJC10234.jpg,102-34,104,276,おととい (一昨日),LJC-M276Q104
9933,LJC10235,LJC10235.jpg,102-35,104,276,おととい (一昨日),LJC-M276Q104
9934,LJC10236,LJC10236.jpg,102-36,104,276,おととい (一昨日),LJC-M276Q104
9935,LJC10237,LJC10237.jpg,102-37,104,276,おととい (一昨日),LJC-M276Q104
9936,LJC10238,LJC10238.jpg,102-38,104,276,おととい (一昨日),LJC-M276Q104
9937,LJC10239,LJC10239.jpg,102-39,104,276,おととい (一昨日),LJC-M276Q104
9938,LJC10240,LJC10240.jpg,102-40,104,276,おととい (一昨日),LJC-M276Q104
9939,LJC10241,LJC10241.jpg,102-41,104,276,おととい (一昨日),LJC-M276Q104
9940,LJC10242,LJC10242.jpg,102-42,104,276,おととい (一昨日),LJC-M276Q104
9941,LJC10243,LJC10243.jpg,102-43,104,276,おととい (一昨日),LJC-M276Q104
9942,LJC10244,LJC10244.jpg,102-44,104,276,おととい (一昨日),LJC-M276Q104
9943,LJC10245,LJC10245.jpg,102-45,104,276,おととい (一昨日),LJC-M276Q104
9944,LJC10246,LJC10246.jpg,102-46,104,276,おととい (一昨日),LJC-M276Q104
9945,LJC10247,LJC10247.jpg,102-47,104,276,おととい (一昨日),LJC-M276Q104
9946,LJC10248,LJC10248.jpg,102-48,104,276,おととい (一昨日),LJC-M276Q104
9947,LJC10249,LJC10249.jpg,102-49,104,276,おととい (一昨日),LJC-M276Q104
9948,LJC10250,LJC10250.jpg,102-50,104,276,おととい (一昨日),LJC-M276Q104
9949,LJC10251,LJC10251.jpg,102-51,104,276,おととい (一昨日),LJC-M276Q104
9950,LJC10252,LJC10252.jpg,102-52,104,276,おととい (一昨日),LJC-M276Q104
9951,LJC10253,LJC10253.jpg,102-53,104,276,おととい (一昨日),LJC-M276Q104
9952,LJC10254,LJC10254.jpg,102-54,104,276,おととい (一昨日),LJC-M276Q104
9953,LJC10255,LJC10255.jpg,102-55,104,276,おととい (一昨日),LJC-M276Q104
9954,LJC10256,LJC10256.jpg,102-56,104,276,おととい (一昨日),LJC-M276Q104
9955,LJC10257,LJC10257.jpg,102-57,104,276,おととい (一昨日),LJC-M276Q104
9956,LJC10258,LJC10258.jpg,102-58,104,276,おととい (一昨日),LJC-M276Q104
9957,LJC10259,LJC10259.jpg,102-59,104,276,おととい (一昨日),LJC-M276Q104
9958,LJC10260,LJC10260.jpg,102-60,104,276,おととい (一昨日),LJC-M276Q104
9959,LJC10261,LJC10261.jpg,102-61,104,276,おととい (一昨日),LJC-M276Q104
9960,LJC10262,LJC10262.jpg,102-62,104,276,おととい (一昨日),LJC-M276Q104
9961,LJC10263,LJC10263.jpg,102-63,104,276,おととい (一昨日),LJC-M276Q104
9962,LJC10264,LJC10264.jpg,102-64,107,277,おとといのばん (一昨晩),LJC-M277Q107
9963,LJC10265,LJC10265.jpg,102-65,107,277,おとといのばん (一昨晩),LJC-M277Q107
9964,LJC10266,LJC10266.jpg,102-66,107,277,おとといのばん (一昨晩),LJC-M277Q107
9965,LJC10267,LJC10267.jpg,102-67,107,277,おとといのばん (一昨晩),LJC-M277Q107
9966,LJC10268,LJC10268.jpg,102-68,107,277,おとといのばん (一昨晩),LJC-M277Q107
9967,LJC10269,LJC10269.jpg,102-69,107,277,おとといのばん (一昨晩),LJC-M277Q107
9968,LJC10270,LJC10270.jpg,102-70,107,277,おとといのばん (一昨晩),LJC-M277Q107
9969,LJC10271,LJC10271.jpg,102-71,107,277,おとといのばん (一昨晩),LJC-M277Q107
9970,LJC10272,LJC10272.jpg,102-72,107,277,おとといのばん (一昨晩),LJC-M277Q107
9971,LJC10273,LJC10273.jpg,102-73,107,277,おとといのばん (一昨晩),LJC-M277Q107
9972,LJC10274,LJC10274.jpg,102-74,107,277,おとといのばん (一昨晩),LJC-M277Q107
9973,LJC10275,LJC10275.jpg,102-75,107,277,おとといのばん (一昨晩),LJC-M277Q107
9974,LJC10276,LJC10276.jpg,102-76,107,277,おとといのばん (一昨晩),LJC-M277Q107
9975,LJC10277,LJC10277.jpg,102-77,107,277,おとといのばん (一昨晩),LJC-M277Q107
9976,LJC10278,LJC10278.jpg,102-78,107,277,おとといのばん (一昨晩),LJC-M277Q107
9977,LJC10279,LJC10279.jpg,102-79,107,277,おとといのばん (一昨晩),LJC-M277Q107
9978,LJC10280,LJC10280.jpg,102-80,107,277,おとといのばん (一昨晩),LJC-M277Q107
9979,LJC10281,LJC10281.jpg,102-81,107,277,おとといのばん (一昨晩),LJC-M277Q107
9980,LJC10282,LJC10282.jpg,102-82,107,277,おとといのばん (一昨晩),LJC-M277Q107
9981,LJC10283,LJC10283.jpg,102-83,107,277,おとといのばん (一昨晩),LJC-M277Q107
9982,LJC10284,LJC10284.jpg,102-84,107,277,おとといのばん (一昨晩),LJC-M277Q107
9983,LJC10285,LJC10285.jpg,102-85,107,277,おとといのばん (一昨晩),LJC-M277Q107
9984,LJC10286,LJC10286.jpg,102-86,107,277,おとといのばん (一昨晩),LJC-M277Q107
9985,LJC10287,LJC10287.jpg,102-87,107,277,おとといのばん (一昨晩),LJC-M277Q107
9986,LJC10288,LJC10288.jpg,102-88,107,277,おとといのばん (一昨晩),LJC-M277Q107
9987,LJC10289,LJC10289.jpg,102-89,107,277,おとといのばん (一昨晩),LJC-M277Q107
9988,LJC10290,LJC10290.jpg,102-90,107,277,おとといのばん (一昨晩),LJC-M277Q107
9989,LJC10291,LJC10291.jpg,102-91,107,277,おとといのばん (一昨晩),LJC-M277Q107
9990,LJC10292,LJC10292.jpg,102-92,107,277,おとといのばん (一昨晩),LJC-M277Q107
9991,LJC10293,LJC10293.jpg,102-93,107,277,おとといのばん (一昨晩),LJC-M277Q107
9992,LJC10294,LJC10294.jpg,102-94,107,277,おとといのばん (一昨晩),LJC-M277Q107
9993,LJC10295,LJC10295.jpg,102-95,107,277,おとといのばん (一昨晩),LJC-M277Q107
9994,LJC10296,LJC10296.jpg,102-96,107,277,おとといのばん (一昨晩),LJC-M277Q107
9995,LJC10297,LJC10297.jpg,102-97,107,277,おとといのばん (一昨晩),LJC-M277Q107
9996,LJC10298,LJC10298.jpg,102-98,107,277,おとといのばん (一昨晩),LJC-M277Q107
9997,LJC10301,LJC10301.jpg,103-01,107,277,おとといのばん (一昨晩),LJC-M277Q107
9998,LJC10302,LJC10302.jpg,103-02,107,277,おとといのばん (一昨晩),LJC-M277Q107
9999,LJC10303,LJC10303.jpg,103-03,107,277,おとといのばん (一昨晩),LJC-M277Q107
10000,LJC10304,LJC10304.jpg,103-04,103,278,きのう (昨日),LJC-M278Q103
10001,LJC10305,LJC10305.jpg,103-05,103,278,きのう (昨日),LJC-M278Q103
10002,LJC10306,LJC10306.jpg,103-06,103,278,きのう (昨日),LJC-M278Q103
10003,LJC10307,LJC10307.jpg,103-07,103,278,きのう (昨日),LJC-M278Q103
10004,LJC10308,LJC10308.jpg,103-08,103,278,きのう (昨日),LJC-M278Q103
10005,LJC10309,LJC10309.jpg,103-09,103,278,きのう (昨日),LJC-M278Q103
10006,LJC10310,LJC10310.jpg,103-10,103,278,きのう (昨日),LJC-M278Q103
10007,LJC10311,LJC10311.jpg,103-11,103,278,きのう (昨日),LJC-M278Q103
10008,LJC10312,LJC10312.jpg,103-12,103,278,きのう (昨日),LJC-M278Q103
10009,LJC10313,LJC10313.jpg,103-13,103,278,きのう (昨日),LJC-M278Q103
10010,LJC10314,LJC10314.jpg,103-14,103,278,きのう (昨日),LJC-M278Q103
10011,LJC10315,LJC10315.jpg,103-15,103,278,きのう (昨日),LJC-M278Q103
10012,LJC10316,LJC10316.jpg,103-16,103,278,きのう (昨日),LJC-M278Q103
10013,LJC10317,LJC10317.jpg,103-17,103,278,きのう (昨日),LJC-M278Q103
10014,LJC10318,LJC10318.jpg,103-18,103,278,きのう (昨日),LJC-M278Q103
10015,LJC10319,LJC10319.jpg,103-19,103,278,きのう (昨日),LJC-M278Q103
10016,LJC10320,LJC10320.jpg,103-20,103,278,きのう (昨日),LJC-M278Q103
10017,LJC10321,LJC10321.jpg,103-21,103,278,きのう (昨日),LJC-M278Q103
10018,LJC10322,LJC10322.jpg,103-22,103,278,きのう (昨日),LJC-M278Q103
10019,LJC10323,LJC10323.jpg,103-23,103,278,きのう (昨日),LJC-M278Q103
10020,LJC10324,LJC10324.jpg,103-24,103,278,きのう (昨日),LJC-M278Q103
10021,LJC10325,LJC10325.jpg,103-25,103,278,きのう (昨日),LJC-M278Q103
10022,LJC10326,LJC10326.jpg,103-26,103,278,きのう (昨日),LJC-M278Q103
10023,LJC10327,LJC10327.jpg,103-27,103,278,きのう (昨日),LJC-M278Q103
10024,LJC10328,LJC10328.jpg,103-28,103,278,きのう (昨日),LJC-M278Q103
10025,LJC10329,LJC10329.jpg,103-29,103,278,きのう (昨日),LJC-M278Q103
10026,LJC10330,LJC10330.jpg,103-30,103,278,きのう (昨日),LJC-M278Q103
10027,LJC10331,LJC10331.jpg,103-31,103,278,きのう (昨日),LJC-M278Q103
10028,LJC10332,LJC10332.jpg,103-32,103,278,きのう (昨日),LJC-M278Q103
10029,LJC10333,LJC10333.jpg,103-33,103,278,きのう (昨日),LJC-M278Q103
10030,LJC10334,LJC10334.jpg,103-34,103,278,きのう (昨日),LJC-M278Q103
10031,LJC10335,LJC10335.jpg,103-35,103,278,きのう (昨日),LJC-M278Q103
10032,LJC10336,LJC10336.jpg,103-36,103,278,きのう (昨日),LJC-M278Q103
10033,LJC10337,LJC10337.jpg,103-37,103,278,きのう (昨日),LJC-M278Q103
10034,LJC10338,LJC10338.jpg,103-38,103,278,きのう (昨日),LJC-M278Q103
10035,LJC10339,LJC10339.jpg,103-39,103,278,きのう (昨日),LJC-M278Q103
10036,LJC10340,LJC10340.jpg,103-40,103,278,きのう (昨日),LJC-M278Q103
10037,LJC10341,LJC10341.jpg,103-41,103,278,きのう (昨日),LJC-M278Q103
10038,LJC10342,LJC10342.jpg,103-42,103,278,きのう (昨日),LJC-M278Q103
10039,LJC10343,LJC10343.jpg,103-43,103,278,きのう (昨日),LJC-M278Q103
10040,LJC10344,LJC10344.jpg,103-44,103,278,きのう (昨日),LJC-M278Q103
10041,LJC10345,LJC10345.jpg,103-45,103,278,きのう (昨日),LJC-M278Q103
10042,LJC10346,LJC10346.jpg,103-46,103,278,きのう (昨日),LJC-M278Q103
10043,LJC10347,LJC10347.jpg,103-47,103,278,きのう (昨日),LJC-M278Q103
10044,LJC10348,LJC10348.jpg,103-48,103,278,きのう (昨日),LJC-M278Q103
10045,LJC10349,LJC10349.jpg,103-49,103,278,きのう (昨日),LJC-M278Q103
10046,LJC10350,LJC10350.jpg,103-50,103,278,きのう (昨日),LJC-M278Q103
10047,LJC10351,LJC10351.jpg,103-51,106,279,さくばん (昨晩),LJC-M279Q106
10048,LJC10352,LJC10352.jpg,103-52,106,279,さくばん (昨晩),LJC-M279Q106
10049,LJC10353,LJC10353.jpg,103-53,106,279,さくばん (昨晩),LJC-M279Q106
10050,LJC10354,LJC10354.jpg,103-54,106,279,さくばん (昨晩),LJC-M279Q106
10051,LJC10355,LJC10355.jpg,103-55,106,279,さくばん (昨晩),LJC-M279Q106
10052,LJC10356,LJC10356.jpg,103-56,106,279,さくばん (昨晩),LJC-M279Q106
10053,LJC10357,LJC10357.jpg,103-57,106,279,さくばん (昨晩),LJC-M279Q106
10054,LJC10358,LJC10358.jpg,103-58,106,279,さくばん (昨晩),LJC-M279Q106
10055,LJC10359,LJC10359.jpg,103-59,106,279,さくばん (昨晩),LJC-M279Q106
10056,LJC10360,LJC10360.jpg,103-60,106,279,さくばん (昨晩),LJC-M279Q106
10057,LJC10361,LJC10361.jpg,103-61,106,279,さくばん (昨晩),LJC-M279Q106
10058,LJC10362,LJC10362.jpg,103-62,106,279,さくばん (昨晩),LJC-M279Q106
10059,LJC10363,LJC10363.jpg,103-63,106,279,さくばん (昨晩),LJC-M279Q106
10060,LJC10364,LJC10364.jpg,103-64,106,279,さくばん (昨晩),LJC-M279Q106
10061,LJC10365,LJC10365.jpg,103-65,106,279,さくばん (昨晩),LJC-M279Q106
10062,LJC10366,LJC10366.jpg,103-66,106,279,さくばん (昨晩),LJC-M279Q106
10063,LJC10367,LJC10367.jpg,103-67,106,279,さくばん (昨晩),LJC-M279Q106
10064,LJC10368,LJC10368.jpg,103-68,106,279,さくばん (昨晩),LJC-M279Q106
10065,LJC10369,LJC10369.jpg,103-69,106,279,さくばん (昨晩),LJC-M279Q106
10066,LJC10370,LJC10370.jpg,103-70,106,279,さくばん (昨晩),LJC-M279Q106
10067,LJC10371,LJC10371.jpg,103-71,106,279,さくばん (昨晩),LJC-M279Q106
10068,LJC10372,LJC10372.jpg,103-72,106,279,さくばん (昨晩),LJC-M279Q106
10069,LJC10373,LJC10373.jpg,103-73,106,279,さくばん (昨晩),LJC-M279Q106
10070,LJC10374,LJC10374.jpg,103-74,106,279,さくばん (昨晩),LJC-M279Q106
10071,LJC10375,LJC10375.jpg,103-75,106,279,さくばん (昨晩),LJC-M279Q106
10072,LJC10376,LJC10376.jpg,103-76,106,279,さくばん (昨晩),LJC-M279Q106
10073,LJC10377,LJC10377.jpg,103-77,106,279,さくばん (昨晩),LJC-M279Q106
10074,LJC10378,LJC10378.jpg,103-78,106,279,さくばん (昨晩),LJC-M279Q106
10075,LJC10379,LJC10379.jpg,103-79,106,279,さくばん (昨晩),LJC-M279Q106
10076,LJC10380,LJC10380.jpg,103-80,106,279,さくばん (昨晩),LJC-M279Q106
10077,LJC10381,LJC10381.jpg,103-81,106,279,さくばん (昨晩),LJC-M279Q106
10078,LJC10382,LJC10382.jpg,103-82,106,279,さくばん (昨晩),LJC-M279Q106
10079,LJC10383,LJC10383.jpg,103-83,106,279,さくばん (昨晩),LJC-M279Q106
10080,LJC10384,LJC10384.jpg,103-84,106,279,さくばん (昨晩),LJC-M279Q106
10081,LJC10385,LJC10385.jpg,103-85,106,279,さくばん (昨晩),LJC-M279Q106
10082,LJC10386,LJC10386.jpg,103-86,106,279,さくばん (昨晩),LJC-M279Q106
10083,LJC10387,LJC10387.jpg,103-87,106,279,さくばん (昨晩),LJC-M279Q106
10084,LJC10388,LJC10388.jpg,103-88,106,279,さくばん (昨晩),LJC-M279Q106
10085,LJC10389,LJC10389.jpg,103-89,106,279,さくばん (昨晩),LJC-M279Q106
10086,LJC10390,LJC10390.jpg,103-90,106,279,さくばん (昨晩),LJC-M279Q106
10087,LJC10391,LJC10391.jpg,103-91,106,279,さくばん (昨晩),LJC-M279Q106
10088,LJC10392,LJC10392.jpg,103-92,106,279,さくばん (昨晩),LJC-M279Q106
10089,LJC10393,LJC10393.jpg,103-93,106,279,さくばん (昨晩),LJC-M279Q106
10090,LJC10394,LJC10394.jpg,103-94,106,279,さくばん (昨晩),LJC-M279Q106
10091,LJC10395,LJC10395.jpg,103-95,106,279,さくばん (昨晩),LJC-M279Q106
10092,LJC10396,LJC10396.jpg,103-96,106,279,さくばん (昨晩),LJC-M279Q106
10093,LJC10397,LJC10397.jpg,103-97,106,279,さくばん (昨晩),LJC-M279Q106
10094,LJC10398,LJC10398.jpg,103-98,106,279,さくばん (昨晩),LJC-M279Q106
10095,LJC10401,LJC10401.jpg,104-01,106,279,さくばん (昨晩),LJC-M279Q106
10096,LJC10402,LJC10402.jpg,104-02,106,279,さくばん (昨晩),LJC-M279Q106
10097,LJC10403,LJC10403.jpg,104-03,106,279,さくばん (昨晩),LJC-M279Q106
10098,LJC10404,LJC10404.jpg,104-04,106,279,さくばん (昨晩),LJC-M279Q106
10099,LJC10405,LJC10405.jpg,104-05,106,279,さくばん (昨晩),LJC-M279Q106
10100,LJC10406,LJC10406.jpg,104-06,106,279,さくばん (昨晩),LJC-M279Q106
10101,LJC10407,LJC10407.jpg,104-07,106,279,さくばん (昨晩),LJC-M279Q106
10102,LJC10408,LJC10408.jpg,104-08,106,279,さくばん (昨晩),LJC-M279Q106
10103,LJC10409,LJC10409.jpg,104-09,106,279,さくばん (昨晩),LJC-M279Q106
10104,LJC10410,LJC10410.jpg,104-10,106,279,さくばん (昨晩),LJC-M279Q106
10105,LJC10411,LJC10411.jpg,104-11,106,279,さくばん (昨晩),LJC-M279Q106
10106,LJC10412,LJC10412.jpg,104-12,106,279,さくばん (昨晩),LJC-M279Q106
10107,LJC10413,LJC10413.jpg,104-13,106,279,さくばん (昨晩),LJC-M279Q106
10108,LJC10414,LJC10414.jpg,104-14,102,280,きょう (今日),LJC-M280Q102
10109,LJC10415,LJC10415.jpg,104-15,102,280,きょう (今日),LJC-M280Q102
10110,LJC10416,LJC10416.jpg,104-16,102,280,きょう (今日),LJC-M280Q102
10111,LJC10417,LJC10417.jpg,104-17,102,280,きょう (今日),LJC-M280Q102
10112,LJC10418,LJC10418.jpg,104-18,102,280,きょう (今日),LJC-M280Q102
10113,LJC10419,LJC10419.jpg,104-19,102,280,きょう (今日),LJC-M280Q102
10114,LJC10420,LJC10420.jpg,104-20,102,280,きょう (今日),LJC-M280Q102
10115,LJC10421,LJC10421.jpg,104-21,102,280,きょう (今日),LJC-M280Q102
10116,LJC10422,LJC10422.jpg,104-22,102,280,きょう (今日),LJC-M280Q102
10117,LJC10423,LJC10423.jpg,104-23,102,280,きょう (今日),LJC-M280Q102
10118,LJC10424,LJC10424.jpg,104-24,102,280,きょう (今日),LJC-M280Q102
10119,LJC10425,LJC10425.jpg,104-25,112,281,こんばん (今晩),LJC-M281Q112
10120,LJC10426,LJC10426.jpg,104-26,112,281,こんばん (今晩),LJC-M281Q112
10121,LJC10427,LJC10427.jpg,104-27,112,281,こんばん (今晩),LJC-M281Q112
10122,LJC10428,LJC10428.jpg,104-28,112,281,こんばん (今晩),LJC-M281Q112
10123,LJC10429,LJC10429.jpg,104-29,112,281,こんばん (今晩),LJC-M281Q112
10124,LJC10430,LJC10430.jpg,104-30,112,281,こんばん (今晩),LJC-M281Q112
10125,LJC10431,LJC10431.jpg,104-31,112,281,こんばん (今晩),LJC-M281Q112
10126,LJC10432,LJC10432.jpg,104-32,112,281,こんばん (今晩),LJC-M281Q112
10127,LJC10433,LJC10433.jpg,104-33,112,281,こんばん (今晩),LJC-M281Q112
10128,LJC10434,LJC10434.jpg,104-34,112,281,こんばん (今晩),LJC-M281Q112
10129,LJC10435,LJC10435.jpg,104-35,112,281,こんばん (今晩),LJC-M281Q112
10130,LJC10436,LJC10436.jpg,104-36,112,281,こんばん (今晩),LJC-M281Q112
10131,LJC10437,LJC10437.jpg,104-37,112,281,こんばん (今晩),LJC-M281Q112
10132,LJC10438,LJC10438.jpg,104-38,112,281,こんばん (今晩),LJC-M281Q112
10133,LJC10439,LJC10439.jpg,104-39,112,281,こんばん (今晩),LJC-M281Q112
10134,LJC10440,LJC10440.jpg,104-40,112,281,こんばん (今晩),LJC-M281Q112
10135,LJC10441,LJC10441.jpg,104-41,112,281,こんばん (今晩),LJC-M281Q112
10136,LJC10442,LJC10442.jpg,104-42,112,281,こんばん (今晩),LJC-M281Q112
10137,LJC10443,LJC10443.jpg,104-43,112,281,こんばん (今晩),LJC-M281Q112
10138,LJC10444,LJC10444.jpg,104-44,112,281,こんばん (今晩),LJC-M281Q112
10139,LJC10445,LJC10445.jpg,104-45,112,281,こんばん (今晩),LJC-M281Q112
10140,LJC10446,LJC10446.jpg,104-46,112,281,こんばん (今晩),LJC-M281Q112
10141,LJC10447,LJC10447.jpg,104-47,112,281,こんばん (今晩),LJC-M281Q112
10142,LJC10448,LJC10448.jpg,104-48,112,281,こんばん (今晩),LJC-M281Q112
10143,LJC10449,LJC10449.jpg,104-49,112,281,こんばん (今晩),LJC-M281Q112
10144,LJC10450,LJC10450.jpg,104-50,112,281,こんばん (今晩),LJC-M281Q112
10145,LJC10451,LJC10451.jpg,104-51,112,281,こんばん (今晩),LJC-M281Q112
10146,LJC10452,LJC10452.jpg,104-52,112,281,こんばん (今晩),LJC-M281Q112
10147,LJC10453,LJC10453.jpg,104-53,112,281,こんばん (今晩),LJC-M281Q112
10148,LJC10454,LJC10454.jpg,104-54,112,281,こんばん (今晩),LJC-M281Q112
10149,LJC10455,LJC10455.jpg,104-55,112,281,こんばん (今晩),LJC-M281Q112
10150,LJC10456,LJC10456.jpg,104-56,112,281,こんばん (今晩),LJC-M281Q112
10151,LJC10457,LJC10457.jpg,104-57,112,281,こんばん (今晩),LJC-M281Q112
10152,LJC10458,LJC10458.jpg,104-58,112,281,こんばん (今晩),LJC-M281Q112
10153,LJC10459,LJC10459.jpg,104-59,112,281,こんばん (今晩),LJC-M281Q112
10154,LJC10460,LJC10460.jpg,104-60,112,281,こんばん (今晩),LJC-M281Q112
10155,LJC10461,LJC10461.jpg,104-61,112,281,こんばん (今晩),LJC-M281Q112
10156,LJC10462,LJC10462.jpg,104-62,112,281,こんばん (今晩),LJC-M281Q112
10157,LJC10463,LJC10463.jpg,104-63,112,281,こんばん (今晩),LJC-M281Q112
10158,LJC10464,LJC10464.jpg,104-64,112,281,こんばん (今晩),LJC-M281Q112
10159,LJC10465,LJC10465.jpg,104-65,112,281,こんばん (今晩),LJC-M281Q112
10160,LJC10466,LJC10466.jpg,104-66,112,281,こんばん (今晩),LJC-M281Q112
10161,LJC10467,LJC10467.jpg,104-67,112,281,こんばん (今晩),LJC-M281Q112
10162,LJC10468,LJC10468.jpg,104-68,112,281,こんばん (今晩),LJC-M281Q112
10163,LJC10469,LJC10469.jpg,104-69,112,281,こんばん (今晩),LJC-M281Q112
10164,LJC10470,LJC10470.jpg,104-70,112,281,こんばん (今晩),LJC-M281Q112
10165,LJC10471,LJC10471.jpg,104-71,112,281,こんばん (今晩),LJC-M281Q112
10166,LJC10472,LJC10472.jpg,104-72,112,281,こんばん (今晩),LJC-M281Q112
10167,LJC10473,LJC10473.jpg,104-73,112,281,こんばん (今晩),LJC-M281Q112
10168,LJC10474,LJC10474.jpg,104-74,112,281,こんばん (今晩),LJC-M281Q112
10169,LJC10475,LJC10475.jpg,104-75,112,281,こんばん (今晩),LJC-M281Q112
10170,LJC10476,LJC10476.jpg,104-76,112,281,こんばん (今晩),LJC-M281Q112
10171,LJC10477,LJC10477.jpg,104-77,112,281,こんばん (今晩),LJC-M281Q112
10172,LJC10478,LJC10478.jpg,104-78,112,281,こんばん (今晩),LJC-M281Q112
10173,LJC10479,LJC10479.jpg,104-79,112,281,こんばん (今晩),LJC-M281Q112
10174,LJC10480,LJC10480.jpg,104-80,112,281,こんばん (今晩),LJC-M281Q112
10175,LJC10481,LJC10481.jpg,104-81,108,282,あした (明日),LJC-M282Q108
10176,LJC10482,LJC10482.jpg,104-82,108,282,あした (明日),LJC-M282Q108
10177,LJC10483,LJC10483.jpg,104-83,108,282,あした (明日),LJC-M282Q108
10178,LJC10484,LJC10484.jpg,104-84,108,282,あした (明日),LJC-M282Q108
10179,LJC10485,LJC10485.jpg,104-85,108,282,あした (明日),LJC-M282Q108
10180,LJC10486,LJC10486.jpg,104-86,108,282,あした (明日),LJC-M282Q108
10181,LJC10487,LJC10487.jpg,104-87,108,282,あした (明日),LJC-M282Q108
10182,LJC10488,LJC10488.jpg,104-88,108,282,あした (明日),LJC-M282Q108
10183,LJC10489,LJC10489.jpg,104-89,108,282,あした (明日),LJC-M282Q108
10184,LJC10490,LJC10490.jpg,104-90,108,282,あした (明日),LJC-M282Q108
10185,LJC10491,LJC10491.jpg,104-91,108,282,あした (明日),LJC-M282Q108
10186,LJC10492,LJC10492.jpg,104-92,108,282,あした (明日),LJC-M282Q108
10187,LJC10493,LJC10493.jpg,104-93,108,282,あした (明日),LJC-M282Q108
10188,LJC10494,LJC10494.jpg,104-94,108,282,あした (明日),LJC-M282Q108
10189,LJC10495,LJC10495.jpg,104-95,108,282,あした (明日),LJC-M282Q108
10190,LJC10496,LJC10496.jpg,104-96,108,282,あした (明日),LJC-M282Q108
10191,LJC10497,LJC10497.jpg,104-97,108,282,あした (明日),LJC-M282Q108
10192,LJC10498,LJC10498.jpg,104-98,108,282,あした (明日),LJC-M282Q108
10193,LJC10501,LJC10501.jpg,105-01,108,282,あした (明日),LJC-M282Q108
10194,LJC10502,LJC10502.jpg,105-02,108,282,あした (明日),LJC-M282Q108
10195,LJC10503,LJC10503.jpg,105-03,108,282,あした (明日),LJC-M282Q108
10196,LJC10504,LJC10504.jpg,105-04,108,282,あした (明日),LJC-M282Q108
10197,LJC10505,LJC10505.jpg,105-05,108,282,あした (明日),LJC-M282Q108
10198,LJC10506,LJC10506.jpg,105-06,108,282,あした (明日),LJC-M282Q108
10199,LJC10507,LJC10507.jpg,105-07,108,282,あした (明日),LJC-M282Q108
10200,LJC10508,LJC10508.jpg,105-08,108,282,あした (明日),LJC-M282Q108
10201,LJC10509,LJC10509.jpg,105-09,108,282,あした (明日),LJC-M282Q108
10202,LJC10510,LJC10510.jpg,105-10,113,283,あしたのばん (明晩),LJC-M283Q113
10203,LJC10511,LJC10511.jpg,105-11,113,283,あしたのばん (明晩),LJC-M283Q114
10204,LJC10512,LJC10512.jpg,105-12,113,283,あしたのばん (明晩),LJC-M283Q115
10205,LJC10513,LJC10513.jpg,105-13,113,283,あしたのばん (明晩),LJC-M283Q116
10206,LJC10514,LJC10514.jpg,105-14,113,283,あしたのばん (明晩),LJC-M283Q117
10207,LJC10515,LJC10515.jpg,105-15,113,283,あしたのばん (明晩),LJC-M283Q118
10208,LJC10516,LJC10516.jpg,105-16,113,283,あしたのばん (明晩),LJC-M283Q119
10209,LJC10517,LJC10517.jpg,105-17,113,283,あしたのばん (明晩),LJC-M283Q120
10210,LJC10518,LJC10518.jpg,105-18,113,283,あしたのばん (明晩),LJC-M283Q121
10211,LJC10519,LJC10519.jpg,105-19,113,283,あしたのばん (明晩),LJC-M283Q122
10212,LJC10520,LJC10520.jpg,105-20,113,283,あしたのばん (明晩),LJC-M283Q123
10213,LJC10521,LJC10521.jpg,105-21,113,283,あしたのばん (明晩),LJC-M283Q124
10214,LJC10522,LJC10522.jpg,105-22,113,283,あしたのばん (明晩),LJC-M283Q125
10215,LJC10523,LJC10523.jpg,105-23,113,283,あしたのばん (明晩),LJC-M283Q126
10216,LJC10524,LJC10524.jpg,105-24,113,283,あしたのばん (明晩),LJC-M283Q127
10217,LJC10525,LJC10525.jpg,105-25,113,283,あしたのばん (明晩),LJC-M283Q128
10218,LJC10526,LJC10526.jpg,105-26,113,283,あしたのばん (明晩),LJC-M283Q129
10219,LJC10527,LJC10527.jpg,105-27,113,283,あしたのばん (明晩),LJC-M283Q130
10220,LJC10528,LJC10528.jpg,105-28,113,283,あしたのばん (明晩),LJC-M283Q131
10221,LJC10529,LJC10529.jpg,105-29,113,283,あしたのばん (明晩),LJC-M283Q132
10222,LJC10530,LJC10530.jpg,105-30,109,284,あさって (明後日),LJC-M284Q109
10223,LJC10531,LJC10531.jpg,105-31,109,284,あさって (明後日),LJC-M284Q109
10224,LJC10532,LJC10532.jpg,105-32,109,284,あさって (明後日),LJC-M284Q109
10225,LJC10533,LJC10533.jpg,105-33,110,285,しあさって (明明後日),LJC-M285Q110
10226,LJC10534,LJC10534.jpg,105-34,110,285,しあさって (明明後日),LJC-M285Q110
10227,LJC10535,LJC10535.jpg,105-35,110,285,しあさって (明明後日),LJC-M285Q110
10228,LJC10536,LJC10536.jpg,105-36,110,285,しあさって (明明後日),LJC-M285Q110
10229,LJC10537,LJC10537.jpg,105-37,110,285,しあさって (明明後日),LJC-M285Q110
10230,LJC10538,LJC10538.jpg,105-38,110,285,しあさって (明明後日),LJC-M285Q110
10231,LJC10539,LJC10539.jpg,105-39,110,285,しあさって (明明後日),LJC-M285Q110
10232,LJC10540,LJC10540.jpg,105-40,110,285,しあさって (明明後日),LJC-M285Q110
10233,LJC10541,LJC10541.jpg,105-41,110,285,しあさって (明明後日),LJC-M285Q110
10234,LJC10542,LJC10542.jpg,105-42,110,285,しあさって (明明後日),LJC-M285Q110
10235,LJC10543,LJC10543.jpg,105-43,110,285,しあさって (明明後日),LJC-M285Q110
10236,LJC10544,LJC10544.jpg,105-44,110,285,しあさって (明明後日),LJC-M285Q110
10237,LJC10545,LJC10545.jpg,105-45,110,285,しあさって (明明後日),LJC-M285Q110
10238,LJC10546,LJC10546.jpg,105-46,110,285,しあさって (明明後日),LJC-M285Q110
10239,LJC10547,LJC10547.jpg,105-47,110,285,しあさって (明明後日),LJC-M285Q110
10240,LJC10548,LJC10548.jpg,105-48,110,285,しあさって (明明後日),LJC-M285Q110
10241,LJC10549,LJC10549.jpg,105-49,111,286,やのあさって (明明明後日),LJC-M286Q111
10242,LJC10550,LJC10550.jpg,105-50,111,286,やのあさって (明明明後日),LJC-M286Q111
10243,LJC10551,LJC10551.jpg,105-51,111,286,やのあさって (明明明後日),LJC-M286Q111
10244,LJC10552,LJC10552.jpg,105-52,111,286,やのあさって (明明明後日),LJC-M286Q111
10245,LJC10553,LJC10553.jpg,105-53,111,286,やのあさって (明明明後日),LJC-M286Q111
10246,LJC10554,LJC10554.jpg,105-54,111,286,やのあさって (明明明後日),LJC-M286Q111
10247,LJC10555,LJC10555.jpg,105-55,111,286,やのあさって (明明明後日),LJC-M286Q111
10248,LJC10556,LJC10556.jpg,105-56,111,286,やのあさって (明明明後日),LJC-M286Q111
10249,LJC10557,LJC10557.jpg,105-57,111,286,やのあさって (明明明後日),LJC-M286Q111
10250,LJC10558,LJC10558.jpg,105-58,111,286,やのあさって (明明明後日),LJC-M286Q111
10251,LJC10559,LJC10559.jpg,105-59,111,286,やのあさって (明明明後日),LJC-M286Q111
10252,LJC10560,LJC10560.jpg,105-60,111,286,やのあさって (明明明後日),LJC-M286Q111
10253,LJC10561,LJC10561.jpg,105-61,111,286,やのあさって (明明明後日),LJC-M286Q111
10254,LJC10562,LJC10562.jpg,105-62,111,286,やのあさって (明明明後日),LJC-M286Q111
10255,LJC10563,LJC10563.jpg,105-63,111,286,やのあさって (明明明後日),LJC-M286Q111
10256,LJC10564,LJC10564.jpg,105-64,111,286,やのあさって (明明明後日),LJC-M286Q111
10257,LJC10565,LJC10565.jpg,105-65,111,286,やのあさって (明明明後日),LJC-M286Q111
10258,LJC10566,LJC10566.jpg,105-66,111,286,やのあさって (明明明後日),LJC-M286Q111
10259,LJC10567,LJC10567.jpg,105-67,111,286,やのあさって (明明明後日),LJC-M286Q111
10260,LJC10568,LJC10568.jpg,105-68,111,286,やのあさって (明明明後日),LJC-M286Q111
10261,LJC10569,LJC10569.jpg,105-69,111,286,やのあさって (明明明後日),LJC-M286Q111
10262,LJC10570,LJC10570.jpg,105-70,111,286,やのあさって (明明明後日),LJC-M286Q111
10263,LJC10571,LJC10571.jpg,105-71,111,286,やのあさって (明明明後日),LJC-M286Q111
10264,LJC10572,LJC10572.jpg,105-72,111,286,やのあさって (明明明後日),LJC-M286Q111
10265,LJC10573,LJC10573.jpg,105-73,111,286,やのあさって (明明明後日),LJC-M286Q111
10266,LJC10574,LJC10574.jpg,105-74,111,286,やのあさって (明明明後日),LJC-M286Q111
10267,LJC10575,LJC10575.jpg,105-75,111,286,やのあさって (明明明後日),LJC-M286Q111
10268,LJC10576,LJC10576.jpg,105-76,111,286,やのあさって (明明明後日),LJC-M286Q111
10269,LJC10577,LJC10577.jpg,105-77,111,286,やのあさって (明明明後日),LJC-M286Q111
10270,LJC10578,LJC10578.jpg,105-78,111,286,やのあさって (明明明後日),LJC-M286Q111
10271,LJC10579,LJC10579.jpg,105-79,111,286,やのあさって (明明明後日),LJC-M286Q111
10272,LJC10580,LJC10580.jpg,105-80,111,286,やのあさって (明明明後日),LJC-M286Q111
10273,LJC10581,LJC10581.jpg,105-81,111,286,やのあさって (明明明後日),LJC-M286Q111
10274,LJC10582,LJC10582.jpg,105-82,111,286,やのあさって (明明明後日),LJC-M286Q111
10275,LJC10583,LJC10583.jpg,105-83,111,286,やのあさって (明明明後日),LJC-M286Q111
10276,LJC10584,LJC10584.jpg,105-84,111,286,やのあさって (明明明後日),LJC-M286Q111
10277,LJC10585,LJC10585.jpg,105-85,111,286,やのあさって (明明明後日),LJC-M286Q111
10278,LJC10586,LJC10586.jpg,105-86,111,286,やのあさって (明明明後日),LJC-M286Q111
10279,LJC10587,LJC10587.jpg,105-87,111,286,やのあさって (明明明後日),LJC-M286Q111
10280,LJC10588,LJC10588.jpg,105-88,111,286,やのあさって (明明明後日),LJC-M286Q111
10281,LJC10589,LJC10589.jpg,105-89,111,286,やのあさって (明明明後日),LJC-M286Q111
10282,LJC10590,LJC10590.jpg,105-90,111,286,やのあさって (明明明後日),LJC-M286Q111
10283,LJC10591,LJC10591.jpg,105-91,111,286,やのあさって (明明明後日),LJC-M286Q111
10284,LJC10592,LJC10592.jpg,105-92,111,286,やのあさって (明明明後日),LJC-M286Q111
10285,LJC10593,LJC10593.jpg,105-93,111,286,やのあさって (明明明後日),LJC-M286Q111
10286,LJC10594,LJC10594.jpg,105-94,111,286,やのあさって (明明明後日),LJC-M286Q111
10287,LJC10595,LJC10595.jpg,105-95,111,286,やのあさって (明明明後日),LJC-M286Q111
10288,LJC10596,LJC10596.jpg,105-96,111,286,やのあさって (明明明後日),LJC-M286Q111
10289,LJC10597,LJC10597.jpg,105-97,111,286,やのあさって (明明明後日),LJC-M286Q111
10290,LJC10598,LJC10598.jpg,105-98,111,286,やのあさって (明明明後日),LJC-M286Q111
10291,LJC10601,LJC10601.jpg,106-01,111,286,やのあさって (明明明後日),LJC-M286Q111
10292,LJC10602,LJC10602.jpg,106-02,111,286,やのあさって (明明明後日),LJC-M286Q111
10293,LJC10603,LJC10603.jpg,106-03,111,286,やのあさって (明明明後日),LJC-M286Q111
10294,LJC10604,LJC10604.jpg,106-04,111,286,やのあさって (明明明後日),LJC-M286Q111
10295,LJC10605,LJC10605.jpg,106-05,111,286,やのあさって (明明明後日),LJC-M286Q111
10296,LJC10606,LJC10606.jpg,106-06,111,286,やのあさって (明明明後日),LJC-M286Q111
10297,LJC10607,LJC10607.jpg,106-07,111,286,やのあさって (明明明後日),LJC-M286Q111
10298,LJC10608,LJC10608.jpg,106-08,111,286,やのあさって (明明明後日),LJC-M286Q111
10299,LJC10609,LJC10609.jpg,106-09,111,286,やのあさって (明明明後日),LJC-M286Q111
10300,LJC10610,LJC10610.jpg,106-10,111,286,やのあさって (明明明後日),LJC-M286Q111
10301,LJC10611,LJC10611.jpg,106-11,111,286,やのあさって (明明明後日),LJC-M286Q111
10302,LJC10612,LJC10612.jpg,106-12,111,286,やのあさって (明明明後日),LJC-M286Q111
10303,LJC10613,LJC10613.jpg,106-13,111,286,やのあさって (明明明後日),LJC-M286Q111
10304,LJC10614,LJC10614.jpg,106-14,111,286,やのあさって (明明明後日),LJC-M286Q111
10305,LJC10615,LJC10615.jpg,106-15,111,286,やのあさって (明明明後日),LJC-M286Q111
10306,LJC10616,LJC10616.jpg,106-16,111,286,やのあさって (明明明後日),LJC-M286Q111
10307,LJC10617,LJC10617.jpg,106-17,111,286,やのあさって (明明明後日),LJC-M286Q111
10308,LJC10618,LJC10618.jpg,106-18,111,286,やのあさって (明明明後日),LJC-M286Q111
10309,LJC10619,LJC10619.jpg,106-19,111,286,やのあさって (明明明後日),LJC-M286Q111
10310,LJC10620,LJC10620.jpg,106-20,111,286,やのあさって (明明明後日),LJC-M286Q111
10311,LJC10621,LJC10621.jpg,106-21,111,286,やのあさって (明明明後日),LJC-M286Q111
10312,LJC10622,LJC10622.jpg,106-22,111,286,やのあさって (明明明後日),LJC-M286Q111
10313,LJC10623,LJC10623.jpg,106-23,111,286,やのあさって (明明明後日),LJC-M286Q111
10314,LJC10624,LJC10624.jpg,106-24,111,286,やのあさって (明明明後日),LJC-M286Q111
10315,LJC10625,LJC10625.jpg,106-25,111,286,やのあさって (明明明後日),LJC-M286Q111
10316,LJC10626,LJC10626.jpg,106-26,111,286,やのあさって (明明明後日),LJC-M286Q111
10317,LJC10627,LJC10627.jpg,106-27,111,286,やのあさって (明明明後日),LJC-M286Q111
10318,LJC10628,LJC10628.jpg,106-28,111,286,やのあさって (明明明後日),LJC-M286Q111
10319,LJC10629,LJC10629.jpg,106-29,111,286,やのあさって (明明明後日),LJC-M286Q111
10320,LJC10630,LJC10630.jpg,106-30,111,286,やのあさって (明明明後日),LJC-M286Q111
10321,LJC10631,LJC10631.jpg,106-31,111,286,やのあさって (明明明後日),LJC-M286Q111
10322,LJC10632,LJC10632.jpg,106-32,111,286,やのあさって (明明明後日),LJC-M286Q111
10323,LJC10633,LJC10633.jpg,106-33,111,286,やのあさって (明明明後日),LJC-M286Q111
10324,LJC10634,LJC10634.jpg,106-34,111,286,やのあさって (明明明後日),LJC-M286Q111
10325,LJC10635,LJC10635.jpg,106-35,111,286,やのあさって (明明明後日),LJC-M286Q111
10326,LJC10636,LJC10636.jpg,106-36,111,286,やのあさって (明明明後日),LJC-M286Q111
10327,LJC10637,LJC10637.jpg,106-37,111,286,やのあさって (明明明後日),LJC-M286Q111
10328,LJC10638,LJC10638.jpg,106-38,111,286,やのあさって (明明明後日),LJC-M286Q111
10329,LJC10639,LJC10639.jpg,106-39,111,286,やのあさって (明明明後日),LJC-M286Q111
10330,LJC10640,LJC10640.jpg,106-40,111,286,やのあさって (明明明後日),LJC-M286Q111
10331,LJC10641,LJC10641.jpg,106-41,111,286,やのあさって (明明明後日),LJC-M286Q111
10332,LJC10642,LJC10642.jpg,106-42,111,286,やのあさって (明明明後日),LJC-M286Q111
10333,LJC10643,LJC10643.jpg,106-43,111,286,やのあさって (明明明後日),LJC-M286Q111
10334,LJC10644,LJC10644.jpg,106-44,111,286,やのあさって (明明明後日),LJC-M286Q111
10335,LJC10645,LJC10645.jpg,106-45,238,287,なのか (七日),LJC-M287Q238
10336,LJC10646,LJC10646.jpg,106-46,238,287,なのか (七日),LJC-M287Q238
10337,LJC10647,LJC10647.jpg,106-47,238,287,なのか (七日),LJC-M287Q238
10338,LJC10648,LJC10648.jpg,106-48,238,287,なのか (七日),LJC-M287Q238
10339,LJC10649,LJC10649.jpg,106-49,238,287,なのか (七日),LJC-M287Q238
10340,LJC10650,LJC10650.jpg,106-50,239,288,ここのか (九日),LJC-M288Q239
10341,LJC10651,LJC10651.jpg,106-51,239,288,ここのか (九日),LJC-M288Q239
10342,LJC10652,LJC10652.jpg,106-52,239,288,ここのか (九日),LJC-M288Q239
10343,LJC10653,LJC10653.jpg,106-53,239,288,ここのか (九日),LJC-M288Q239
10344,LJC10654,LJC10654.jpg,106-54,253,291,おいしい (美味しい),LJC-M291Q253
10345,LJC10655,LJC10655.jpg,106-55,253,291,おいしい (美味しい),LJC-M291Q253
10346,LJC10656,LJC10656.jpg,106-56,253,291,おいしい (美味しい),LJC-M291Q253
10347,LJC10657,LJC10657.jpg,106-57,253,291,おいしい (美味しい),LJC-M291Q253
10348,LJC10658,LJC10658.jpg,106-58,253,291,おいしい (美味しい),LJC-M291Q253
10349,LJC10659,LJC10659.jpg,106-59,253,291,おいしい (美味しい),LJC-M291Q253
10350,LJC10660,LJC10660.jpg,106-60,253,291,おいしい (美味しい),LJC-M291Q253
10351,LJC10661,LJC10661.jpg,106-61,253,291,おいしい (美味しい),LJC-M291Q253
10352,LJC10662,LJC10662.jpg,106-62,253,291,おいしい (美味しい),LJC-M291Q253
10353,LJC10663,LJC10663.jpg,106-63,253,291,おいしい (美味しい),LJC-M291Q253
10354,LJC10664,LJC10664.jpg,106-64,253,291,おいしい (美味しい),LJC-M291Q253
10355,LJC10665,LJC10665.jpg,106-65,253,291,おいしい (美味しい),LJC-M291Q253
10356,LJC10666,LJC10666.jpg,106-66,253,291,おいしい (美味しい),LJC-M291Q253
10357,LJC10667,LJC10667.jpg,106-67,253,291,おいしい (美味しい),LJC-M291Q253
10358,LJC10668,LJC10668.jpg,106-68,253,291,おいしい (美味しい),LJC-M291Q253
10359,LJC10669,LJC10669.jpg,106-69,253,291,おいしい (美味しい),LJC-M291Q253
10360,LJC10670,LJC10670.jpg,106-70,253,291,おいしい (美味しい),LJC-M291Q253
10361,LJC10671,LJC10671.jpg,106-71,253,291,おいしい (美味しい),LJC-M291Q253
10362,LJC10672,LJC10672.jpg,106-72,14,293,いくつ (何歳),LJC-M293Q014
10363,LJC10673,LJC10673.jpg,106-73,14,293,いくつ (何歳),LJC-M293Q014
10364,LJC10674,LJC10674.jpg,106-74,14,293,いくつ (何歳),LJC-M293Q014
10365,LJC10675,LJC10675.jpg,106-75,14,293,いくつ (何歳),LJC-M293Q014
10366,LJC10676,LJC10676.jpg,106-76,14,293,いくつ (何歳),LJC-M293Q014
10367,LJC10677,LJC10677.jpg,106-77,14,293,いくつ (何歳),LJC-M293Q014
10368,LJC10678,LJC10678.jpg,106-78,14,293,いくつ (何歳),LJC-M293Q014
10369,LJC10679,LJC10679.jpg,106-79,14,293,いくつ (何歳),LJC-M293Q014
10370,LJC10680,LJC10680.jpg,106-80,14,293,いくつ (何歳),LJC-M293Q014
10371,LJC10681,LJC10681.jpg,106-81,14,293,いくつ (何歳),LJC-M293Q014
10372,LJC10682,LJC10682.jpg,106-82,14,293,いくつ (何歳),LJC-M293Q014
10373,LJC10683,LJC10683.jpg,106-83,14,293,いくつ (何歳),LJC-M293Q014
10374,LJC10684,LJC10684.jpg,106-84,14,293,いくつ (何歳),LJC-M293Q014
10375,LJC10685,LJC10685.jpg,106-85,14,293,いくつ (何歳),LJC-M293Q014
10376,LJC10686,LJC10686.jpg,106-86,14,293,いくつ (何歳),LJC-M293Q014
10377,LJC10687,LJC10687.jpg,106-87,14,293,いくつ (何歳),LJC-M293Q014
10378,LJC10688,LJC10688.jpg,106-88,14,293,いくつ (何歳),LJC-M293Q014
10379,LJC10689,LJC10689.jpg,106-89,14,293,いくつ (何歳),LJC-M293Q014
10380,LJC10690,LJC10690.jpg,106-90,14,293,いくつ (何歳),LJC-M293Q014
10381,LJC10691,LJC10691.jpg,106-91,14,293,いくつ (何歳),LJC-M293Q014
10382,LJC10692,LJC10692.jpg,106-92,14,293,いくつ (何歳),LJC-M293Q014
10383,LJC10693,LJC10693.jpg,106-93,14,293,いくつ (何歳),LJC-M293Q014
10384,LJC10694,LJC10694.jpg,106-94,14,293,いくつ (何歳),LJC-M293Q014
10385,LJC10695,LJC10695.jpg,106-95,14,293,いくつ (何歳),LJC-M293Q014
10386,LJC10696,LJC10696.jpg,106-96,14,293,いくつ (何歳),LJC-M293Q014
10387,LJC10697,LJC10697.jpg,106-97,14,293,いくつ (何歳),LJC-M293Q014
10388,LJC10698,LJC10698.jpg,106-98,14,293,いくつ (何歳),LJC-M293Q014
10389,LJC10701,LJC10701.jpg,107-01,14,293,いくつ (何歳),LJC-M293Q014
10390,LJC10702,LJC10702.jpg,107-02,14,293,いくつ (何歳),LJC-M293Q014
10391,LJC10703,LJC10703.jpg,107-03,14,293,いくつ (何歳),LJC-M293Q014
10392,LJC10704,LJC10704.jpg,107-04,14,293,いくつ (何歳),LJC-M293Q014
10393,LJC10705,LJC10705.jpg,107-05,14,293,いくつ (何歳),LJC-M293Q014
10394,LJC10706,LJC10706.jpg,107-06,14,293,いくつ (何歳),LJC-M293Q014
10395,LJC10707,LJC10707.jpg,107-07,14,293,いくつ (何歳),LJC-M293Q014
10396,LJC10708,LJC10708.jpg,107-08,14,293,いくつ (何歳),LJC-M293Q014
10397,LJC10709,LJC10709.jpg,107-09,14,293,いくつ (何歳),LJC-M293Q014
10398,LJC10710,LJC10710.jpg,107-10,14,293,いくつ (何歳),LJC-M293Q014
10399,LJC10711,LJC10711.jpg,107-11,14,293,いくつ (何歳),LJC-M293Q014
10400,LJC10712,LJC10712.jpg,107-12,14,293,いくつ (何歳),LJC-M293Q014
10401,LJC10713,LJC10713.jpg,107-13,14,293,いくつ (何歳),LJC-M293Q014
10402,LJC10714,LJC10714.jpg,107-14,14,293,いくつ (何歳),LJC-M293Q014
10403,LJC10715,LJC10715.jpg,107-15,14,293,いくつ (何歳),LJC-M293Q014
10404,LJC10716,LJC10716.jpg,107-16,14,293,いくつ (何歳),LJC-M293Q014
10405,LJC10717,LJC10717.jpg,107-17,14,293,いくつ (何歳),LJC-M293Q014
10406,LJC10718,LJC10718.jpg,107-18,14,293,いくつ (何歳),LJC-M293Q014
10407,LJC10719,LJC10719.jpg,107-19,14,293,いくつ (何歳),LJC-M293Q014
10408,LJC10720,LJC10720.jpg,107-20,263,294,かつぐ (片方の肩で包を担ぐ),LJC-M294Q263
10409,LJC10721,LJC10721.jpg,107-21,263,294,かつぐ (片方の肩で包を担ぐ),LJC-M294Q263
10410,LJC10722,LJC10722.jpg,107-22,263,294,かつぐ (片方の肩で包を担ぐ),LJC-M294Q263
10411,LJC10723,LJC10723.jpg,107-23,263,294,かつぐ (片方の肩で包を担ぐ),LJC-M294Q263
10412,LJC10724,LJC10724.jpg,107-24,263,294,かつぐ (片方の肩で包を担ぐ),LJC-M294Q263
10413,LJC10725,LJC10725.jpg,107-25,263,294,かつぐ (片方の肩で包を担ぐ),LJC-M294Q263
10414,LJC10726,LJC10726.jpg,107-26,263,294,かつぐ (片方の肩で包を担ぐ),LJC-M294Q263
10415,LJC10727,LJC10727.jpg,107-27,263,294,かつぐ (片方の肩で包を担ぐ),LJC-M294Q263
10416,LJC10728,LJC10728.jpg,107-28,263,294,かつぐ (片方の肩で包を担ぐ),LJC-M294Q263
10417,LJC10729,LJC10729.jpg,107-29,263,294,かつぐ (片方の肩で包を担ぐ),LJC-M294Q263
10418,LJC10730,LJC10730.jpg,107-30,263,294,かつぐ (片方の肩で包を担ぐ),LJC-M294Q263
10419,LJC10731,LJC10731.jpg,107-31,263,294,かつぐ (片方の肩で包を担ぐ),LJC-M294Q263
10420,LJC10732,LJC10732.jpg,107-32,263,294,かつぐ (片方の肩で包を担ぐ),LJC-M294Q263
10421,LJC10733,LJC10733.jpg,107-33,263,294,かつぐ (片方の肩で包を担ぐ),LJC-M294Q263
10422,LJC10734,LJC10734.jpg,107-34,263,294,かつぐ (片方の肩で包を担ぐ),LJC-M294Q263
10423,LJC10735,LJC10735.jpg,107-35,263,294,かつぐ (片方の肩で包を担ぐ),LJC-M294Q263
10424,LJC10736,LJC10736.jpg,107-36,263,294,かつぐ (片方の肩で包を担ぐ),LJC-M294Q263
10425,LJC10737,LJC10737.jpg,107-37,263,294,かつぐ (片方の肩で包を担ぐ),LJC-M294Q263
10426,LJC10738,LJC10738.jpg,107-38,263,294,かつぐ (片方の肩で包を担ぐ),LJC-M294Q263
10427,LJC10739,LJC10739.jpg,107-39,92,296,かぞえる (お金を数える),LJC-M296Q092
10428,LJC10740,LJC10740.jpg,107-40,92,296,かぞえる (お金を数える),LJC-M296Q092
10429,LJC10741,LJC10741.jpg,107-41,92,296,かぞえる (お金を数える),LJC-M296Q092
10430,LJC10742,LJC10742.jpg,107-42,92,296,かぞえる (お金を数える),LJC-M296Q092
10431,LJC10743,LJC10743.jpg,107-43,92,296,かぞえる (お金を数える),LJC-M296Q092
10432,LJC10744,LJC10744.jpg,107-44,92,296,かぞえる (お金を数える),LJC-M296Q092
10433,LJC10745,LJC10745.jpg,107-45,92,296,かぞえる (お金を数える),LJC-M296Q092
10434,LJC10746,LJC10746.jpg,107-46,92,296,かぞえる (お金を数える),LJC-M296Q092
10435,LJC10747,LJC10747.jpg,107-47,92,296,かぞえる (お金を数える),LJC-M296Q092
10436,LJC10748,LJC10748.jpg,107-48,92,296,かぞえる (お金を数える),LJC-M296Q092
10437,LJC10749,LJC10749.jpg,107-49,92,296,かぞえる (お金を数える),LJC-M296Q092
10438,LJC10750,LJC10750.jpg,107-50,92,296,かぞえる (お金を数える),LJC-M296Q092
10439,LJC10751,LJC10751.jpg,107-51,92,296,かぞえる (お金を数える),LJC-M296Q092
10440,LJC10752,LJC10752.jpg,107-52,92,296,かぞえる (お金を数える),LJC-M296Q092
10441,LJC10753,LJC10753.jpg,107-53,92,296,かぞえる (お金を数える),LJC-M296Q092
10442,LJC10754,LJC10754.jpg,107-54,92,296,かぞえる (お金を数える),LJC-M296Q092
10443,LJC10755,LJC10755.jpg,107-55,92,296,かぞえる (お金を数える),LJC-M296Q092
10444,LJC10756,LJC10756.jpg,107-56,92,296,かぞえる (お金を数える),LJC-M296Q092
10445,LJC10757,LJC10757.jpg,107-57,92,296,かぞえる (お金を数える),LJC-M296Q092
10446,LJC10758,LJC10758.jpg,107-58,92,296,かぞえる (お金を数える),LJC-M296Q092
10447,LJC10759,LJC10759.jpg,107-59,92,296,かぞえる (お金を数える),LJC-M296Q092
10448,LJC10760,LJC10760.jpg,107-60,92,296,かぞえる (お金を数える),LJC-M296Q092
10449,LJC10761,LJC10761.jpg,107-61,92,296,かぞえる (お金を数える),LJC-M296Q092
10450,LJC10762,LJC10762.jpg,107-62,92,296,かぞえる (お金を数える),LJC-M296Q092
10451,LJC10763,LJC10763.jpg,107-63,92,296,かぞえる (お金を数える),LJC-M296Q092
10452,LJC10764,LJC10764.jpg,107-64,92,296,かぞえる (お金を数える),LJC-M296Q092
10453,LJC10765,LJC10765.jpg,107-65,92,296,かぞえる (お金を数える),LJC-M296Q092
10454,LJC10766,LJC10766.jpg,107-66,92,296,かぞえる (お金を数える),LJC-M296Q092
10455,LJC10767,LJC10767.jpg,107-67,225,"298, 299",ほうほう (梟の鳴き声),LJC-M298Q225
10456,LJC10768,LJC10768.jpg,107-68,225,"298, 299",ほうほう (梟の鳴き声),LJC-M298Q225
10457,LJC10769,LJC10769.jpg,107-69,225,"298, 299",ほうほう (梟の鳴き声),LJC-M298Q225
10458,LJC10770,LJC10770.jpg,107-70,225,"298, 299",ほうほう (梟の鳴き声),LJC-M298Q225
10459,LJC10771,LJC10771.jpg,107-71,225,"298, 299",ほうほう (梟の鳴き声),LJC-M298Q225
10460,LJC10772,LJC10772.jpg,107-72,225,"298, 299",ほうほう (梟の鳴き声),LJC-M298Q225
10461,LJC10773,LJC10773.jpg,107-73,225,"298, 299",ほうほう (梟の鳴き声),LJC-M298Q225
10462,LJC10774,LJC10774.jpg,107-74,225,"298, 299",ほうほう (梟の鳴き声),LJC-M298Q225
10463,LJC10775,LJC10775.jpg,107-75,225,"298, 299",ほうほう (梟の鳴き声),LJC-M298Q225
10464,LJC10776,LJC10776.jpg,107-76,225,"298, 299",ほうほう (梟の鳴き声),LJC-M298Q225
10465,LJC10777,LJC10777.jpg,107-77,225,"298, 299",ほうほう (梟の鳴き声),LJC-M298Q225
10466,LJC10778,LJC10778.jpg,107-78,225,"298, 299",ほうほう (梟の鳴き声),LJC-M298Q225
10467,LJC10779,LJC10779.jpg,107-79,225,"298, 299",ほうほう (梟の鳴き声),LJC-M298Q225
10468,LJC10780,LJC10780.jpg,107-80,225,"298, 299",ほうほう (梟の鳴き声),LJC-M298Q225
10469,LJC10781,LJC10781.jpg,107-81,225,"298, 299",ほうほう (梟の鳴き声),LJC-M298Q225
10470,LJC10782,LJC10782.jpg,107-82,225,"298, 299",ほうほう (梟の鳴き声),LJC-M298Q225
10471,LJC10783,LJC10783.jpg,107-83,225,"298, 299",ほうほう (梟の鳴き声),LJC-M298Q225
10472,LJC10784,LJC10784.jpg,107-84,225,"298, 299",ほうほう (梟の鳴き声),LJC-M298Q225
10473,LJC10785,LJC10785.jpg,107-85,225,"298, 299",ほうほう (梟の鳴き声),LJC-M298Q225
10474,LJC10786,LJC10786.jpg,107-86,225,"298, 299",ほうほう (梟の鳴き声),LJC-M298Q225
10475,LJC10787,LJC10787.jpg,107-87,225,"298, 299",ほうほう (梟の鳴き声),LJC-M298Q225
10476,LJC10788,LJC10788.jpg,107-88,225,"298, 299",ほうほう (梟の鳴き声),LJC-M298Q225
10477,LJC10789,LJC10789.jpg,107-89,225,"298, 299",ほうほう (梟の鳴き声),LJC-M298Q225
10478,LJC10790,LJC10790.jpg,107-90,225,"298, 299",ほうほう (梟の鳴き声),LJC-M298Q225
10479,LJC10791,LJC10791.jpg,107-91,225,"298, 299",ほうほう (梟の鳴き声),LJC-M298Q225
10480,LJC10792,LJC10792.jpg,107-92,225,"298, 299",ほうほう (梟の鳴き声),LJC-M298Q225
10481,LJC10793,LJC10793.jpg,107-93,225,"298, 299",ほうほう (梟の鳴き声),LJC-M298Q225
10482,LJC10794,LJC10794.jpg,107-94,225,"298, 299",ほうほう (梟の鳴き声),LJC-M298Q225
10483,LJC10795,LJC10795.jpg,107-95,225,"298, 299",ほうほう (梟の鳴き声),LJC-M298Q225
10484,LJC10796,LJC10796.jpg,107-96,225,"298, 299",ほうほう (梟の鳴き声),LJC-M298Q225
10485,LJC10797,LJC10797.jpg,107-97,225,"298, 299",ほうほう (梟の鳴き声),LJC-M298Q225
10486,LJC10798,LJC10798.jpg,107-98,225,"298, 299",ほうほう (梟の鳴き声),LJC-M298Q225
10487,LJC10801,LJC10801.jpg,108-01,225,"298, 299",ほうほう (梟の鳴き声),LJC-M298Q225
10488,LJC10802,LJC10802.jpg,108-02,225,"298, 299",ほうほう (梟の鳴き声),LJC-M298Q225
10489,LJC10803,LJC10803.jpg,108-03,225,"298, 299",ほうほう (梟の鳴き声),LJC-M298Q225
10490,LJC10804,LJC10804.jpg,108-04,225,"298, 299",ほうほう (梟の鳴き声),LJC-M298Q225
10491,LJC10805,LJC10805.jpg,108-05,225,"298, 299",ほうほう (梟の鳴き声),LJC-M298Q225
10492,LJC10806,LJC10806.jpg,108-06,225,"298, 299",ほうほう (梟の鳴き声),LJC-M298Q225
10493,LJC10807,LJC10807.jpg,108-07,225,"298, 299",ほうほう (梟の鳴き声),LJC-M298Q225
10494,LJC10808,LJC10808.jpg,108-08,225,"298, 299",ほうほう (梟の鳴き声),LJC-M298Q225
10495,LJC10809,LJC10809.jpg,108-09,225,"298, 299",ほうほう (梟の鳴き声),LJC-M298Q225
10496,LJC10810,LJC10810.jpg,108-10,225,"298, 299",ほうほう (梟の鳴き声),LJC-M298Q225
10497,LJC10811,LJC10811.jpg,108-11,225,"298, 299",ほうほう (梟の鳴き声),LJC-M298Q225
10498,LJC10812,LJC10812.jpg,108-12,225,"298, 299",ほうほう (梟の鳴き声),LJC-M298Q225
10499,LJC10813,LJC10813.jpg,108-13,225,"298, 299",ほうほう (梟の鳴き声),LJC-M298Q225
10500,LJC10814,LJC10814.jpg,108-14,225,"298, 299",ほうほう (梟の鳴き声),LJC-M298Q225
10501,LJC10815,LJC10815.jpg,108-15,225,"298, 299",ほうほう (梟の鳴き声),LJC-M298Q225
10502,LJC10816,LJC10816.jpg,108-16,225,"298, 299",ほうほう (梟の鳴き声),LJC-M298Q225
10503,LJC10817,LJC10817.jpg,108-17,225,"298, 299",ほうほう (梟の鳴き声),LJC-M298Q225
10504,LJC10818,LJC10818.jpg,108-18,225,"298, 299",ほうほう (梟の鳴き声),LJC-M298Q225
10505,LJC10819,LJC10819.jpg,108-19,225,"298, 299",ほうほう (梟の鳴き声),LJC-M298Q225
10506,LJC10820,LJC10820.jpg,108-20,225,"298, 299",ほうほう (梟の鳴き声),LJC-M298Q225
10507,LJC10821,LJC10821.jpg,108-21,225,"298, 299",ほうほう (梟の鳴き声),LJC-M298Q225
10508,LJC10822,LJC10822.jpg,108-22,225,"298, 299",ほうほう (梟の鳴き声),LJC-M298Q225
10509,LJC10823,LJC10823.jpg,108-23,225,"298, 299",ほうほう (梟の鳴き声),LJC-M298Q225
10510,LJC10824,LJC10824.jpg,108-24,225,"298, 299",ほうほう (梟の鳴き声),LJC-M298Q225
10511,LJC10825,LJC10825.jpg,108-25,225,"298, 299",ほうほう (梟の鳴き声),LJC-M298Q225
10512,LJC10826,LJC10826.jpg,108-26,225,"298, 299",ほうほう (梟の鳴き声),LJC-M298Q225
10513,LJC10827,LJC10827.jpg,108-27,225,"298, 299",ほうほう (梟の鳴き声),LJC-M298Q225
10514,LJC10828,LJC10828.jpg,108-28,229,300,ちゅんちゅん (雀の鳴き声),LJC-M300Q229
10515,LJC10829,LJC10829.jpg,108-29,229,300,ちゅんちゅん (雀の鳴き声),LJC-M300Q229
10516,LJC10830,LJC10830.jpg,108-30,229,300,ちゅんちゅん (雀の鳴き声),LJC-M300Q229
10517,LJC10831,LJC10831.jpg,108-31,229,300,ちゅんちゅん (雀の鳴き声),LJC-M300Q229
10518,LJC10832,LJC10832.jpg,108-32,229,300,ちゅんちゅん (雀の鳴き声),LJC-M300Q229
10519,LJC10833,LJC10833.jpg,108-33,229,300,ちゅんちゅん (雀の鳴き声),LJC-M300Q229
10520,LJC10834,LJC10834.jpg,108-34,229,300,ちゅんちゅん (雀の鳴き声),LJC-M300Q229
10521,LJC10835,LJC10835.jpg,108-35,229,300,ちゅんちゅん (雀の鳴き声),LJC-M300Q229
10522,LJC10836,LJC10836.jpg,108-36,229,300,ちゅんちゅん (雀の鳴き声),LJC-M300Q229
10523,LJC10837,LJC10837.jpg,108-37,229,300,ちゅんちゅん (雀の鳴き声),LJC-M300Q229